ts,rss_mb,frame_ms_ewma,queue_len,queue_cap,queue_dropped,budget_chart,budget_instant,budget_preview,gui_interval_ms,guardrail,background
1773390576.614736,134.117,0.000,0,24,0,2,2,1,300,0,1
1773390578.596941,134.031,0.000,0,24,0,2,2,1,300,0,1
1773390580.596785,134.031,0.000,0,24,0,2,2,1,300,0,1
1773390582.596894,134.035,0.000,0,24,0,2,2,1,300,0,1
1773390584.597662,134.035,0.000,0,24,0,2,2,1,300,0,1
1773390586.597195,134.035,0.000,0,24,0,2,2,1,300,0,1
1773390588.597292,134.039,0.000,0,24,0,2,2,1,300,0,1
1773390590.598174,134.043,0.000,0,24,0,2,2,1,300,0,1
1773390592.598497,134.043,0.000,0,24,0,2,2,1,300,0,1
1773390594.613118,134.043,0.000,0,24,0,2,2,1,300,0,1
1773390596.615189,134.043,0.000,0,24,0,2,2,1,300,0,1
1773390598.613976,134.043,0.000,0,24,0,2,2,1,300,0,1
1773390600.613956,134.043,0.000,0,24,0,2,2,1,300,0,1
1773390602.614207,134.043,0.000,0,24,0,2,2,1,300,0,1
1773390604.614304,134.086,0.000,0,24,0,2,2,1,300,0,1
1773390606.614452,134.086,0.000,0,24,0,2,2,1,300,0,1
1773390608.613484,134.090,0.000,0,24,0,2,2,1,300,0,1
1773390610.614763,134.090,0.000,0,24,0,2,2,1,300,0,1
1773390612.613740,134.094,0.000,0,24,0,2,2,1,300,0,1
1773390614.613605,134.094,0.000,0,24,0,2,2,1,300,0,1
1773390616.613749,134.094,0.000,0,24,0,2,2,1,300,0,1
1773390804.377828,134.344,0.000,0,24,0,2,2,1,300,0,1
1773390806.364200,134.258,0.000,0,24,0,2,2,1,300,0,1
1773390808.363360,134.258,0.000,0,24,0,2,2,1,300,0,1
1773390810.363873,134.258,0.000,0,24,0,2,2,1,300,0,1
1773390812.364312,134.262,0.000,0,24,0,2,2,1,300,0,1
1773390814.364091,134.262,0.000,0,24,0,2,2,1,300,0,1
1773390816.364191,134.266,0.000,0,24,0,2,2,1,300,0,1
1773390818.362452,134.270,0.000,0,24,0,2,2,1,300,0,1
1773390820.364005,134.270,0.000,0,24,0,2,2,1,300,0,1
1773390822.364524,134.270,0.000,0,24,0,2,2,1,300,0,1
1773390824.364315,134.270,0.000,0,24,0,2,2,1,300,0,1
1773390826.363575,134.270,0.000,0,24,0,2,2,1,300,0,1
1773390828.362661,134.270,0.000,0,24,0,2,2,1,300,0,1
1773390830.364322,134.270,0.000,0,24,0,2,2,1,300,0,1
1773390832.364465,134.312,0.000,0,24,0,2,2,1,300,0,1
1773390834.363498,134.312,0.000,0,24,0,2,2,1,300,0,1
1773390836.364213,134.316,0.000,0,24,0,2,2,1,300,0,1
1773390838.363905,134.316,0.000,0,24,0,2,2,1,300,0,1
1773390840.363518,134.316,0.000,0,24,0,2,2,1,300,0,1
1773390842.363310,134.316,0.000,0,24,0,2,2,1,300,0,1
1773390844.364345,134.316,0.000,0,24,0,2,2,1,300,0,1
1773390846.364146,134.316,0.000,0,24,0,2,2,1,300,0,1
1773390848.363886,134.316,0.000,0,24,0,2,2,1,300,0,1
1773390850.364115,134.316,0.000,0,24,0,2,2,1,300,0,1
1773390852.379179,134.316,0.000,0,24,0,2,2,1,300,0,1
1773390854.378681,134.316,0.000,0,24,0,2,2,1,300,0,1
1773390856.379632,134.324,0.000,0,24,0,2,2,1,300,0,1
1773390858.378521,134.324,0.000,0,24,0,2,2,1,300,0,1
1773390860.378968,134.324,0.000,0,24,0,2,2,1,300,0,1
1773390862.379443,134.277,0.000,0,24,0,2,2,1,300,0,1
1773390864.379697,134.277,0.000,0,24,0,2,2,1,300,0,1
1773390866.379659,134.277,0.000,0,24,0,2,2,1,300,0,1
1773390868.378693,134.277,0.000,0,24,0,2,2,1,300,0,1
1773390870.379213,134.277,0.000,0,24,0,2,2,1,300,0,1
1773390872.379503,134.277,0.000,0,24,0,2,2,1,300,0,1
1773390874.379611,134.277,0.000,0,24,0,2,2,1,300,0,1
1773390876.379369,134.285,0.000,0,24,0,2,2,1,300,0,1
1773390878.377977,134.285,0.000,0,24,0,2,2,1,300,0,1
1773390880.379984,134.285,0.000,0,24,0,2,2,1,300,0,1
1773390882.378809,134.285,0.000,0,24,0,2,2,1,300,0,1
1773390884.379197,134.285,0.000,0,24,0,2,2,1,300,0,1
1773390886.379445,134.285,0.000,0,24,0,2,2,1,300,0,1
1773390888.378851,134.285,0.000,0,24,0,2,2,1,300,0,1
1773390890.380196,134.285,0.000,0,24,0,2,2,1,300,0,1
1773390892.380244,134.285,0.000,0,24,0,2,2,1,300,0,1
1773390894.379494,134.285,0.000,0,24,0,2,2,1,300,0,1
1773390896.378918,134.289,0.000,0,24,0,2,2,1,300,0,1
1773390898.379178,134.289,0.000,0,24,0,2,2,1,300,0,1
1773390900.378763,134.289,0.000,0,24,0,2,2,1,300,0,1
1773390902.379659,134.289,0.000,0,24,0,2,2,1,300,0,1
1773390904.379000,134.293,0.000,0,24,0,2,2,1,300,0,1
1773390906.379491,134.293,0.000,0,24,0,2,2,1,300,0,1
1773390908.379103,134.293,0.000,0,24,0,2,2,1,300,0,1
1773390910.378985,134.293,0.000,0,24,0,2,2,1,300,0,1
1773390912.378678,134.293,0.000,0,24,0,2,2,1,300,0,1
1773390914.378241,134.293,0.000,0,24,0,2,2,1,300,0,1
1773390916.379766,134.297,0.000,0,24,0,2,2,1,300,0,1
1773390918.379221,134.297,0.000,0,24,0,2,2,1,300,0,1
1773390920.379442,134.297,0.000,0,24,0,2,2,1,300,0,1
1773391656.147522,151.305,0.000,0,24,0,8,8,3,100,0,0
1773391658.128927,151.309,0.000,0,24,0,8,8,3,100,0,0
1773391660.128240,151.309,0.000,0,24,0,8,8,3,100,0,0
1773391662.128776,151.312,0.000,0,24,0,8,8,3,100,0,0
1773391664.130083,151.316,0.000,0,24,0,8,8,3,100,0,0
1773391666.129519,151.316,0.000,0,24,0,8,8,3,100,0,0
1773391668.129338,151.316,0.000,0,24,0,8,8,3,100,0,0
1773391670.128358,151.320,0.000,0,24,0,8,8,3,100,0,0
1773391672.128667,151.320,0.000,0,24,0,8,8,3,100,0,0
1773391674.129570,151.320,0.000,0,24,0,8,8,3,100,0,0
1773391676.128992,151.234,0.000,0,24,0,8,8,3,100,0,0
1773391678.128758,151.234,0.000,0,24,0,8,8,3,100,0,0
1773391680.128815,151.234,0.000,0,24,0,8,8,3,100,0,0
1773391682.128932,150.977,0.000,0,24,0,8,8,3,100,0,0
1773391684.129969,150.977,0.000,0,24,0,8,8,3,100,0,0
1773391686.130113,150.977,0.000,0,24,0,8,8,3,100,0,0
1773391688.128809,150.977,0.000,0,24,0,8,8,3,100,0,0
1773391690.129143,150.980,0.000,0,24,0,8,8,3,100,0,0
1773391692.130164,150.980,0.000,0,24,0,8,8,3,100,0,0
1773391694.130284,150.980,0.000,0,24,0,8,8,3,100,0,0
1773391696.130194,150.980,0.000,0,24,0,8,8,3,100,0,0
1773391698.129525,150.980,0.000,0,24,0,8,8,3,100,0,0
1773391700.129333,150.980,0.000,0,24,0,8,8,3,100,0,0
1773391702.128957,150.980,0.000,0,24,0,8,8,3,100,0,0
1773391704.128731,150.980,0.000,0,24,0,8,8,3,100,0,0
1773391706.130775,150.980,0.000,0,24,0,8,8,3,100,0,0
1773391708.129863,150.980,0.000,0,24,0,8,8,3,100,0,0
1773391710.129056,150.988,0.000,0,24,0,8,8,3,100,0,0
1773391712.129139,150.930,0.000,0,24,0,8,8,3,100,0,0
1773391714.129211,150.930,0.000,0,24,0,8,8,3,100,0,0
1773391716.129237,150.930,0.000,0,24,0,8,8,3,100,0,0
1773391718.129527,150.930,0.000,0,24,0,8,8,3,100,0,0
1773391720.128649,150.930,0.000,0,24,0,8,8,3,100,0,0
1773391722.129212,150.930,0.000,0,24,0,8,8,3,100,0,0
1773391724.129325,150.930,0.000,0,24,0,8,8,3,100,0,0
1773391726.129050,150.930,0.000,0,24,0,8,8,3,100,0,0
1773391728.128737,150.930,0.000,0,24,0,8,8,3,100,0,0
1773391730.129371,150.934,0.000,0,24,0,8,8,3,100,0,0
1773391732.129722,150.934,0.000,0,24,0,8,8,3,100,0,0
1773391734.129155,150.934,0.000,0,24,0,8,8,3,100,0,0
1773391736.128985,150.934,0.000,0,24,0,8,8,3,100,0,0
1773391738.127979,150.934,0.000,0,24,0,8,8,3,100,0,0
1773391740.129684,150.934,0.000,0,24,0,8,8,3,100,0,0
1773391742.129344,150.934,0.000,0,24,0,8,8,3,100,0,0
1773391744.129204,150.934,0.000,0,24,0,8,8,3,100,0,0
1773391746.128693,150.934,0.000,0,24,0,8,8,3,100,0,0
1773391748.129559,150.934,0.000,0,24,0,8,8,3,100,0,0
1773391750.129069,150.938,0.000,0,24,0,8,8,3,100,0,0
1773391752.143162,150.938,0.000,0,24,0,8,8,3,100,0,0
1773391754.129332,150.938,0.000,0,24,0,8,8,3,100,0,0
1773391756.129491,150.938,0.000,0,24,0,8,8,3,100,0,0
1773391758.128938,150.938,0.000,0,24,0,8,8,3,100,0,0
1773391760.128681,150.938,0.000,0,24,0,8,8,3,100,0,0
1773391762.129340,150.938,0.000,0,24,0,8,8,3,100,0,0
1773391764.128004,150.938,0.000,0,24,0,8,8,3,100,0,0
1773391766.129984,150.938,0.000,0,24,0,8,8,3,100,0,0
1773391768.128695,150.938,0.000,0,24,0,8,8,3,100,0,0
1773391770.128606,150.941,0.000,0,24,0,8,8,3,100,0,0
1773391772.129455,150.941,0.000,0,24,0,8,8,3,100,0,0
1773391774.129117,150.938,0.000,0,24,0,8,8,3,100,0,0
1773391776.129363,150.938,0.000,0,24,0,8,8,3,100,0,0
1773391778.129307,150.938,0.000,0,24,0,8,8,3,100,0,0
1773391780.129195,150.938,0.000,0,24,0,8,8,3,100,0,0
1773391782.129086,150.938,0.000,0,24,0,8,8,3,100,0,0
1773391784.128852,150.938,0.000,0,24,0,8,8,3,100,0,0
1773391786.128617,150.938,0.000,0,24,0,8,8,3,100,0,0
1773391788.128915,150.938,0.000,0,24,0,8,8,3,100,0,0
1773391790.128727,150.941,0.000,0,24,0,8,8,3,100,0,0
1773391792.129925,150.941,0.000,0,24,0,8,8,3,100,0,0
1773391794.129212,150.941,0.000,0,24,0,8,8,3,100,0,0
1773391796.129395,150.941,0.000,0,24,0,8,8,3,100,0,0
1773391798.129628,150.945,0.000,0,24,0,8,8,3,100,0,0
1773391800.129681,150.945,0.000,0,24,0,8,8,3,100,0,0
1773391802.128588,150.945,0.000,0,24,0,8,8,3,100,0,0
1773391804.129444,150.945,0.000,0,24,0,8,8,3,100,0,0
1773391806.128624,150.945,0.000,0,24,0,8,8,3,100,0,0
1773391808.128947,150.945,0.000,0,24,0,8,8,3,100,0,0
1773391810.129583,150.949,0.000,0,24,0,8,8,3,100,0,0
1773391812.129013,150.949,0.000,0,24,0,8,8,3,100,0,0
1773391814.128193,150.949,0.000,0,24,0,8,8,3,100,0,0
1773391816.130150,150.949,0.000,0,24,0,8,8,3,100,0,0
1773391818.129211,150.949,0.000,0,24,0,8,8,3,100,0,0
1773391820.130078,150.949,0.000,0,24,0,8,8,3,100,0,0
1773391822.130378,150.949,0.000,0,24,0,8,8,3,100,0,0
1773391824.129754,150.949,0.000,0,24,0,8,8,3,100,0,0
1773391826.129615,150.949,0.000,0,24,0,8,8,3,100,0,0
1773392228.985126,150.066,0.000,0,24,0,8,8,3,100,0,0
1773392230.972842,150.070,0.000,0,24,0,8,8,3,100,0,0
1773392232.971785,150.074,0.000,0,24,0,8,8,3,100,0,0
1773392234.971888,150.074,0.000,0,24,0,8,8,3,100,0,0
1773392236.973031,150.078,0.000,0,24,0,8,8,3,100,0,0
1773392238.974101,150.078,0.000,0,24,0,8,8,3,100,0,0
1773392240.971997,150.078,0.000,0,24,0,8,8,3,100,0,0
1773392242.973799,150.082,0.000,0,24,0,8,8,3,100,0,0
1773392244.971737,150.082,0.000,0,24,0,8,8,3,100,0,0
1773392246.971641,150.082,0.000,0,24,0,8,8,3,100,0,0
1773392248.973021,150.082,0.000,0,24,0,8,8,3,100,0,0
1773392250.972697,150.082,0.000,0,24,0,8,8,3,100,0,0
1773392252.972238,150.082,0.000,0,24,0,8,8,3,100,0,0
1773392254.973711,149.828,0.000,0,24,0,8,8,3,100,0,0
1773392256.971713,149.828,0.000,0,24,0,8,8,3,100,0,0
1773392258.972978,149.828,0.000,0,24,0,8,8,3,100,0,0
1773392260.972115,149.828,0.000,0,24,0,8,8,3,100,0,0
1773392262.972504,149.832,0.000,0,24,0,8,8,3,100,0,0
1773392264.973306,149.832,0.000,0,24,0,8,8,3,100,0,0
1773392266.973521,149.832,0.000,0,24,0,8,8,3,100,0,0
1773392268.973378,149.832,0.000,0,24,0,8,8,3,100,0,0
1773392270.973754,149.836,0.000,0,24,0,8,8,3,100,0,0
1773392272.974501,149.836,0.000,0,24,0,8,8,3,100,0,0
1773392274.973213,149.836,0.000,0,24,0,8,8,3,100,0,0
1773392276.972509,149.836,0.000,0,24,0,8,8,3,100,0,0
1773392278.973432,149.836,0.000,0,24,0,8,8,3,100,0,0
1773392280.973179,149.836,0.000,0,24,0,8,8,3,100,0,0
1773392282.973040,149.840,0.000,0,24,0,8,8,3,100,0,0
1773392284.973594,149.785,0.000,0,24,0,8,8,3,100,0,0
1773392286.973063,149.785,0.000,0,24,0,8,8,3,100,0,0
1773392288.973263,149.785,0.000,0,24,0,8,8,3,100,0,0
1773392290.972235,149.785,0.000,0,24,0,8,8,3,100,0,0
1773392292.971755,149.785,0.000,0,24,0,8,8,3,100,0,0
1773392294.973647,149.785,0.000,0,24,0,8,8,3,100,0,0
1773392296.972506,149.785,0.000,0,24,0,8,8,3,100,0,0
1773392298.972738,149.785,0.000,0,24,0,8,8,3,100,0,0
1773392300.972978,149.785,0.000,0,24,0,8,8,3,100,0,0
1773392302.972987,149.789,0.000,0,24,0,8,8,3,100,0,0
1773392304.972877,149.789,0.000,0,24,0,8,8,3,100,0,0
1773392306.973433,149.789,0.000,0,24,0,8,8,3,100,0,0
1773392308.973183,149.789,0.000,0,24,0,8,8,3,100,0,0
1773392310.972731,149.789,0.000,0,24,0,8,8,3,100,0,0
1773392312.973751,149.789,0.000,0,24,0,8,8,3,100,0,0
1773392314.974179,149.789,0.000,0,24,0,8,8,3,100,0,0
1773392316.971733,149.789,0.000,0,24,0,8,8,3,100,0,0
1773392318.973968,149.789,0.000,0,24,0,8,8,3,100,0,0
1773392320.973030,149.789,0.000,0,24,0,8,8,3,100,0,0
1773392322.973412,149.793,0.000,0,24,0,8,8,3,100,0,0
1773392324.973376,149.793,0.000,0,24,0,8,8,3,100,0,0
1773392326.972957,149.793,0.000,0,24,0,8,8,3,100,0,0
1773392328.971682,149.793,0.000,0,24,0,8,8,3,100,0,0
1773392330.973005,149.793,0.000,0,24,0,8,8,3,100,0,0
1773392332.973525,149.793,0.000,0,24,0,8,8,3,100,0,0
1773392334.973289,149.793,0.000,0,24,0,8,8,3,100,0,0
1773392336.971685,149.793,0.000,0,24,0,8,8,3,100,0,0
1773392338.972689,149.793,0.000,0,24,0,8,8,3,100,0,0
1773392340.972423,149.793,0.000,0,24,0,8,8,3,100,0,0
1773392342.973251,149.797,0.000,0,24,0,8,8,3,100,0,0
1773392344.972692,149.797,0.000,0,24,0,8,8,3,100,0,0
1773392346.972790,149.797,0.000,0,24,0,8,8,3,100,0,0
1773392348.973155,149.812,0.000,0,24,0,8,8,3,100,0,0
1773392350.972763,149.812,0.000,0,24,0,8,8,3,100,0,0
1773392352.973904,149.812,0.000,0,24,0,8,8,3,100,0,0
1773392354.971728,149.812,0.000,0,24,0,8,8,3,100,0,0
1773392356.972824,149.816,0.000,0,24,0,8,8,3,100,0,0
1773392358.971783,149.816,0.000,0,24,0,8,8,3,100,0,0
1773392360.972473,149.816,0.000,0,24,0,8,8,3,100,0,0
1773392362.971679,149.820,0.000,0,24,0,8,8,3,100,0,0
1773392364.973909,149.820,0.000,0,24,0,8,8,3,100,0,0
1773392366.973413,149.820,0.000,0,24,0,8,8,3,100,0,0
1773392368.973854,149.820,0.000,0,24,0,8,8,3,100,0,0
1773392370.972034,149.820,0.000,0,24,0,8,8,3,100,0,0
1773392372.973660,149.820,0.000,0,24,0,8,8,3,100,0,0
1773392374.973446,149.820,0.000,0,24,0,8,8,3,100,0,0
1773392376.973349,149.820,0.000,0,24,0,8,8,3,100,0,0
1773392378.972456,149.820,0.000,0,24,0,8,8,3,100,0,0
1773392380.974011,149.820,0.000,0,24,0,8,8,3,100,0,0
1773392382.973851,149.824,0.000,0,24,0,8,8,3,100,0,0
1773392384.974067,149.824,0.000,0,24,0,8,8,3,100,0,0
1773392386.971772,149.824,0.000,0,24,0,8,8,3,100,0,0
1773392388.972797,149.824,0.000,0,24,0,8,8,3,100,0,0
1773392390.973241,149.824,0.000,0,24,0,8,8,3,100,0,0
1773392392.973681,149.824,0.000,0,24,0,8,8,3,100,0,0
1773392394.971985,149.824,0.000,0,24,0,8,8,3,100,0,0
1773392396.973133,149.824,0.000,0,24,0,8,8,3,100,0,0
1773392398.973656,149.824,0.000,0,24,0,8,8,3,100,0,0
1773392400.972647,149.824,0.000,0,24,0,8,8,3,100,0,0
1773392402.973843,149.828,0.000,0,24,0,8,8,3,100,0,0
1773392404.973805,149.816,0.000,0,24,0,8,8,3,100,0,0
1773392406.972722,149.816,0.000,0,24,0,8,8,3,100,0,0
1773392408.972208,149.816,0.000,0,24,0,8,8,3,100,0,0
1773392410.973551,149.816,0.000,0,24,0,8,8,3,100,0,0
1773392412.973981,149.816,0.000,0,24,0,8,8,3,100,0,0
1773392414.973799,149.816,0.000,0,24,0,8,8,3,100,0,0
1773392416.972982,149.816,0.000,0,24,0,8,8,3,100,0,0
1773392418.973187,149.816,0.000,0,24,0,8,8,3,100,0,0
1773392420.973057,149.816,0.000,0,24,0,8,8,3,100,0,0
1773392422.973657,149.820,0.000,0,24,0,8,8,3,100,0,0
1773392424.971914,149.820,0.000,0,24,0,8,8,3,100,0,0
1773392426.972154,149.820,0.000,0,24,0,8,8,3,100,0,0
1773392428.972893,149.820,0.000,0,24,0,8,8,3,100,0,0
1773392430.972795,149.820,0.000,0,24,0,8,8,3,100,0,0
1773392432.972616,149.820,0.000,0,24,0,8,8,3,100,0,0
1773392434.973765,149.820,0.000,0,24,0,8,8,3,100,0,0
1773392436.975483,149.820,0.000,0,24,0,8,8,3,100,0,0
1773392438.972029,149.820,0.000,0,24,0,8,8,3,100,0,0
1773392440.974406,149.820,0.000,0,24,0,8,8,3,100,0,0
1773392442.972670,149.824,0.000,0,24,0,8,8,3,100,0,0
1773392444.972777,149.824,0.000,0,24,0,8,8,3,100,0,0
1773392446.972182,149.824,0.000,0,24,0,8,8,3,100,0,0
1773392448.973811,149.824,0.000,0,24,0,8,8,3,100,0,0
1773392450.973511,149.824,0.000,0,24,0,8,8,3,100,0,0
1773392452.974382,149.824,0.000,0,24,0,8,8,3,100,0,0
1773392454.972876,149.824,0.000,0,24,0,8,8,3,100,0,0
1773392456.974118,149.824,0.000,0,24,0,8,8,3,100,0,0
1773392458.973411,149.824,0.000,0,24,0,8,8,3,100,0,0
1773392460.974220,149.824,0.000,0,24,0,8,8,3,100,0,0
1773392462.973578,149.828,0.000,0,24,0,8,8,3,100,0,0
1773392464.972508,149.828,0.000,0,24,0,8,8,3,100,0,0
1773392466.972531,149.828,0.000,0,24,0,8,8,3,100,0,0
1773392468.973504,149.828,0.000,0,24,0,8,8,3,100,0,0
1773392470.972493,149.828,0.000,0,24,0,8,8,3,100,0,0
1773392472.972815,149.828,0.000,0,24,0,8,8,3,100,0,0
1773392474.972738,149.828,0.000,0,24,0,8,8,3,100,0,0
1773392476.973622,149.828,0.000,0,24,0,8,8,3,100,0,0
1773392478.973908,149.828,0.000,0,24,0,8,8,3,100,0,0
1773392480.973139,149.828,0.000,0,24,0,8,8,3,100,0,0
1773392482.974753,149.832,0.000,0,24,0,8,8,3,100,0,0
1773392484.974222,149.836,0.000,0,24,0,8,8,3,100,0,0
1773392486.973743,149.836,0.000,0,24,0,8,8,3,100,0,0
1773392488.973594,149.836,0.000,0,24,0,8,8,3,100,0,0
1773392490.973642,149.836,0.000,0,24,0,8,8,3,100,0,0
1773392492.972314,149.836,0.000,0,24,0,8,8,3,100,0,0
1773392494.973757,149.836,0.000,0,24,0,8,8,3,100,0,0
1773392496.972704,149.836,0.000,0,24,0,8,8,3,100,0,0
1773392498.972185,149.836,0.000,0,24,0,8,8,3,100,0,0
1773392500.972536,149.836,0.000,0,24,0,8,8,3,100,0,0
1773392502.972534,149.840,0.000,0,24,0,8,8,3,100,0,0
1773392504.973633,149.840,0.000,0,24,0,8,8,3,100,0,0
1773392506.973825,149.840,0.000,0,24,0,8,8,3,100,0,0
1773392508.973981,149.840,0.000,0,24,0,8,8,3,100,0,0
1773392510.973132,149.840,0.000,0,24,0,8,8,3,100,0,0
1773392512.972494,149.840,0.000,0,24,0,8,8,3,100,0,0
1773392514.973019,149.840,0.000,0,24,0,8,8,3,100,0,0
1773392516.974064,149.840,0.000,0,24,0,8,8,3,100,0,0
1773392518.973299,149.840,0.000,0,24,0,8,8,3,100,0,0
1773392520.972597,149.840,0.000,0,24,0,8,8,3,100,0,0
1773392522.972640,149.844,0.000,0,24,0,8,8,3,100,0,0
1773392524.972187,149.895,0.000,0,24,0,8,8,3,100,0,0
1773392526.973730,149.895,0.000,0,24,0,8,8,3,100,0,0
1773392528.973327,149.898,0.000,0,24,0,8,8,3,100,0,0
1773392530.973661,149.898,0.000,0,24,0,8,8,3,100,0,0
1773392532.973657,149.898,0.000,0,24,0,8,8,3,100,0,0
1773392534.973653,149.898,0.000,0,24,0,8,8,3,100,0,0
1773392536.973557,149.898,0.000,0,24,0,8,8,3,100,0,0
1773392538.974528,149.898,0.000,0,24,0,8,8,3,100,0,0
1773392540.974576,149.898,0.000,0,24,0,8,8,3,100,0,0
1773392542.972997,149.902,0.000,0,24,0,8,8,3,100,0,0
1773392544.973797,149.902,0.000,0,24,0,8,8,3,100,0,0
1773392546.973434,149.902,0.000,0,24,0,8,8,3,100,0,0
1773392548.973839,149.902,0.000,0,24,0,8,8,3,100,0,0
1773392550.973257,149.902,0.000,0,24,0,8,8,3,100,0,0
1773392552.972808,149.902,0.000,0,24,0,8,8,3,100,0,0
1773392554.972203,149.902,0.000,0,24,0,8,8,3,100,0,0
1773392556.972318,149.902,0.000,0,24,0,8,8,3,100,0,0
1773392558.973627,149.902,0.000,0,24,0,8,8,3,100,0,0
1773392560.973373,149.902,0.000,0,24,0,8,8,3,100,0,0
1773393002.016600,151.320,0.000,0,24,0,8,8,3,100,0,0
1773393004.004371,151.324,0.000,0,24,0,8,8,3,100,0,0
1773393006.004323,151.387,0.000,0,24,0,8,8,3,100,0,0
1773393008.004389,161.180,0.022,0,24,0,8,8,3,100,0,0
1773393010.003781,166.918,0.015,0,24,0,8,8,3,100,0,0
1773393012.004186,171.207,3.313,24,24,62,2,2,1,100,1,0
1773393014.003777,171.484,4.844,24,24,167,2,2,1,100,1,0
1773393016.006730,171.754,2.856,24,24,271,2,2,1,100,1,0
1773393018.004397,172.168,2.761,24,24,376,2,2,1,100,1,0
1773393020.003809,172.375,3.025,24,24,481,2,2,1,100,1,0
1773393022.004940,172.672,4.091,24,24,586,2,2,1,100,1,0
1773393024.010971,172.910,4.638,24,24,690,2,2,1,100,1,0
1773393026.003534,173.273,4.839,24,24,795,2,2,1,100,1,0
1773393028.003237,173.301,4.339,24,24,900,2,2,1,100,1,0
1773393030.005652,173.527,3.358,24,24,1004,2,2,1,100,1,0
1773393032.004126,173.746,3.423,24,24,1109,2,2,1,100,1,0
1773393034.003584,173.969,4.776,24,24,1214,2,2,1,100,1,0
1773393036.003747,174.188,5.042,24,24,1320,2,2,1,100,1,0
1773393038.003108,177.305,1.844,24,24,1424,2,2,1,100,1,0
1773393040.004118,177.316,4.568,24,24,1529,2,2,1,100,1,0
1773393042.004253,177.637,3.923,24,24,1634,2,2,1,100,1,0
1773393044.008810,177.941,4.375,24,24,1738,2,2,1,100,1,0
1773393046.004549,178.090,2.910,24,24,1842,2,2,1,100,1,0
1773393048.003332,178.434,4.963,24,24,1948,2,2,1,100,1,0
1773393050.004298,178.629,2.532,24,24,2053,2,2,1,100,1,0
1773393052.013575,178.902,2.662,24,24,2157,2,2,1,100,1,0
1773393054.012872,179.262,2.793,24,24,2262,2,2,1,100,1,0
1773393056.003020,179.480,2.637,24,24,2367,2,2,1,100,1,0
1773393058.007801,179.688,2.997,24,24,2471,2,2,1,100,1,0
1773393060.007783,179.859,2.902,24,24,2576,2,2,1,100,1,0
1773393062.003558,180.055,2.506,24,24,2682,2,2,1,100,1,0
1773393064.003941,180.223,2.600,24,24,2787,2,2,1,100,1,0
1773393066.009023,180.371,4.819,24,24,2890,2,2,1,100,1,0
1773393068.003057,180.547,4.790,24,24,2996,2,2,1,100,1,0
1773393070.003888,180.660,2.907,24,24,3101,2,2,1,100,1,0
1773393072.005517,180.859,3.886,23,24,3205,2,2,1,100,1,0
1773393074.005439,180.984,4.860,24,24,3310,2,2,1,100,1,0
1773393076.003705,181.367,2.586,24,24,3415,2,2,1,100,1,0
1773393078.004257,181.453,2.837,24,24,3520,2,2,1,100,1,0
1773393080.010302,181.609,2.913,24,24,3624,2,2,1,100,1,0
1773393082.003412,181.980,2.822,24,24,3729,2,2,1,100,1,0
1773393084.003661,182.227,3.315,24,24,3834,2,2,1,100,1,0
1773393086.006492,182.285,3.363,23,24,3939,2,2,1,100,1,0
1773393088.003524,182.297,3.120,24,24,4044,2,2,1,100,1,0
1773393090.003890,182.336,3.674,24,24,4149,2,2,1,100,1,0
1773393092.003725,182.480,4.870,24,24,4254,2,2,1,100,1,0
1773393094.003887,182.602,3.422,24,24,4358,2,2,1,100,1,0
1773393096.003165,182.820,4.352,24,24,4463,2,2,1,100,1,0
1773393098.003143,182.988,3.688,24,24,4568,2,2,1,100,1,0
1773393100.004376,183.184,4.614,24,24,4673,2,2,1,100,1,0
1773393102.004963,183.262,2.768,23,24,4777,2,2,1,100,1,0
1773393104.005496,183.375,4.179,24,24,4882,2,2,1,100,1,0
1773393106.004406,183.648,2.852,24,24,4987,2,2,1,100,1,0
1773393108.005304,183.902,2.878,24,24,5092,2,2,1,100,1,0
1773393110.008735,184.035,2.877,24,24,5196,2,2,1,100,1,0
1773393112.003700,184.262,2.851,24,24,5301,2,2,1,100,1,0
1773393114.003780,184.391,3.782,24,24,5407,2,2,1,100,1,0
1773393116.004388,184.559,2.766,23,24,5511,2,2,1,100,1,0
1773393118.003136,184.676,4.028,24,24,5616,2,2,1,100,1,0
1773393120.003659,184.637,2.814,24,24,5721,2,2,1,100,1,0
1773393122.004677,185.004,3.188,24,24,5826,2,2,1,100,1,0
1773393124.018698,185.137,3.087,24,24,5931,2,2,1,100,1,0
1773393126.019016,185.238,2.873,24,24,6036,2,2,1,100,1,0
1773393128.019444,185.453,2.835,24,24,6141,2,2,1,100,1,0
1773393130.030835,185.570,2.818,24,24,6245,2,2,1,100,1,0
1773393132.019541,185.770,2.869,24,24,6350,2,2,1,100,1,0
1773393134.018760,185.906,2.960,24,24,6455,2,2,1,100,1,0
1773393136.024690,186.035,2.818,24,24,6559,2,2,1,100,1,0
1773393162.735395,150.160,0.000,0,24,0,8,8,3,100,0,0
1773393164.721892,150.109,0.000,0,24,0,8,8,3,100,0,0
1773393166.722965,150.109,0.000,0,24,0,8,8,3,100,0,0
1773393168.722174,150.113,0.000,0,24,0,8,8,3,100,0,0
1773393170.723831,150.113,0.000,0,24,0,8,8,3,100,0,0
1773393172.722927,150.113,0.000,0,24,0,8,8,3,100,0,0
1773393174.724626,150.113,0.000,0,24,0,8,8,3,100,0,0
1773393176.723059,150.117,0.000,0,24,0,8,8,3,100,0,0
1773393178.722975,150.117,0.000,0,24,0,8,8,3,100,0,0
1773393180.723421,150.117,0.000,0,24,0,8,8,3,100,0,0
1773393182.723542,150.117,0.000,0,24,0,8,8,3,100,0,0
1773393184.722253,150.117,0.000,0,24,0,8,8,3,100,0,0
1773393186.724613,150.117,0.000,0,24,0,8,8,3,100,0,0
1773393188.723610,149.859,0.000,0,24,0,8,8,3,100,0,0
1773393190.721973,149.859,0.000,0,24,0,8,8,3,100,0,0
1773393192.723526,149.859,0.000,0,24,0,8,8,3,100,0,0
1773393194.723376,149.859,0.000,0,24,0,8,8,3,100,0,0
1773393196.722716,149.863,0.000,0,24,0,8,8,3,100,0,0
1773393198.723864,149.863,0.000,0,24,0,8,8,3,100,0,0
1773393200.721864,149.863,0.000,0,24,0,8,8,3,100,0,0
1773393202.722385,149.863,0.000,0,24,0,8,8,3,100,0,0
1773393204.722238,149.863,0.000,0,24,0,8,8,3,100,0,0
1773393206.722211,149.867,0.000,0,24,0,8,8,3,100,0,0
1773393208.723376,149.867,0.000,0,24,0,8,8,3,100,0,0
1773393210.723680,149.867,0.000,0,24,0,8,8,3,100,0,0
1773393212.721958,149.867,0.000,0,24,0,8,8,3,100,0,0
1773393214.722177,149.867,0.000,0,24,0,8,8,3,100,0,0
1773393216.722615,149.871,0.000,0,24,0,8,8,3,100,0,0
1773393218.722174,149.812,0.000,0,24,0,8,8,3,100,0,0
1773393220.724172,149.820,0.000,0,24,0,8,8,3,100,0,0
1773393222.722286,149.820,0.000,0,24,0,8,8,3,100,0,0
1773393224.722278,149.820,0.000,0,24,0,8,8,3,100,0,0
1773393226.722131,149.820,0.000,0,24,0,8,8,3,100,0,0
1773393228.723349,149.820,0.000,0,24,0,8,8,3,100,0,0
1773393230.722624,149.820,0.000,0,24,0,8,8,3,100,0,0
1773393232.722413,149.820,0.000,0,24,0,8,8,3,100,0,0
1773393234.722827,149.820,0.000,0,24,0,8,8,3,100,0,0
1773393236.723644,149.824,0.000,0,24,0,8,8,3,100,0,0
1773393238.722965,149.824,0.000,0,24,0,8,8,3,100,0,0
1773393240.722552,149.824,0.000,0,24,0,8,8,3,100,0,0
1773393242.723107,149.824,0.000,0,24,0,8,8,3,100,0,0
1773393244.723999,149.824,0.000,0,24,0,8,8,3,100,0,0
1773393246.722331,149.824,0.000,0,24,0,8,8,3,100,0,0
1773393248.721974,149.824,0.000,0,24,0,8,8,3,100,0,0
1773393250.722073,149.824,0.000,0,24,0,8,8,3,100,0,0
1773393252.721776,149.824,0.000,0,24,0,8,8,3,100,0,0
1773393254.722153,149.824,0.000,0,24,0,8,8,3,100,0,0
1773393256.721801,149.828,0.000,0,24,0,8,8,3,100,0,0
1773393258.722671,149.836,0.000,0,24,0,8,8,3,100,0,0
1773393260.722401,149.836,0.000,0,24,0,8,8,3,100,0,0
1773393262.722178,149.836,0.000,0,24,0,8,8,3,100,0,0
1773393264.721797,149.855,0.000,0,24,0,8,8,3,100,0,0
1773393266.722351,149.855,0.000,0,24,0,8,8,3,100,0,0
1773393268.723670,160.676,0.025,0,24,0,8,8,3,100,0,0
1773393270.724149,166.074,0.021,0,24,0,8,8,3,100,0,0
1773393272.723928,170.320,2.494,24,24,8,6,6,1,100,1,0
1773393274.725027,170.805,2.771,24,24,112,2,2,1,100,1,0
1773393276.721992,171.109,2.632,24,24,218,2,2,1,100,1,0
1773393278.723365,171.414,2.896,24,24,322,2,2,1,100,1,0
1773393280.723583,171.695,3.198,23,24,427,2,2,1,100,1,0
1773393282.726281,172.082,4.084,24,24,531,2,2,1,100,1,0
1773393284.722805,172.391,3.035,24,24,637,2,2,1,100,1,0
1773393286.723342,172.543,3.805,24,24,742,2,2,1,100,1,0
1773393288.722979,172.660,2.830,24,24,845,2,2,1,100,1,0
1773393290.722332,172.848,0.316,24,24,887,2,2,1,100,1,0
1773393292.722718,173.250,4.465,24,24,974,2,2,1,100,1,0
1773393294.726599,173.520,3.140,23,24,1077,2,2,1,100,1,0
1773393296.723188,173.656,2.922,24,24,1182,2,2,1,100,1,0
1773393298.722160,173.957,2.829,24,24,1288,2,2,1,100,1,0
1773393300.722368,174.109,3.347,24,24,1392,2,2,1,100,1,0
1773393302.724565,174.293,2.720,24,24,1496,2,2,1,100,1,0
1773393304.722070,174.605,3.172,24,24,1601,2,2,1,100,1,0
1773393306.722524,174.879,5.342,24,24,1706,2,2,1,100,1,0
1773393308.725986,175.082,2.777,24,24,1811,2,2,1,100,1,0
1773393310.723278,175.355,2.881,24,24,1916,2,2,1,100,1,0
1773393312.723132,175.555,3.060,24,24,2021,2,2,1,100,1,0
1773393314.723294,175.891,2.957,24,24,2125,2,2,1,100,1,0
1773393316.757144,176.109,4.861,24,24,2229,2,2,1,100,1,0
1773393318.723006,176.457,2.652,24,24,2335,2,2,1,100,1,0
1773393320.722573,176.637,2.522,24,24,2440,2,2,1,100,1,0
1773393322.726674,176.961,2.970,23,24,2545,2,2,1,100,1,0
1773393324.722952,177.129,4.051,24,24,2649,2,2,1,100,1,0
1773393326.722869,177.188,4.557,24,24,2754,2,2,1,100,1,0
1773393328.721930,177.402,3.425,24,24,2859,2,2,1,100,1,0
1773393330.729551,177.543,3.519,24,24,2964,2,2,1,100,1,0
1773393332.723432,177.691,2.135,24,24,3069,2,2,1,100,1,0
1773393334.723237,177.887,2.410,24,24,3174,2,2,1,100,1,0
1773393336.726266,178.059,2.401,23,24,3278,2,2,1,100,1,0
1773393338.724329,178.312,5.573,24,24,3383,2,2,1,100,1,0
1773393340.722349,178.410,2.149,24,24,3488,2,2,1,100,1,0
1773393342.722780,178.590,2.943,24,24,3593,2,2,1,100,1,0
1773393344.731689,178.793,2.290,24,24,3697,2,2,1,100,1,0
1773393346.722372,179.035,2.211,24,24,3802,2,2,1,100,1,0
1773393348.721982,179.309,2.728,24,24,3907,2,2,1,100,1,0
1773393350.725577,179.508,2.423,24,24,4012,2,2,1,100,1,0
1773393352.721751,179.629,2.731,24,24,4116,2,2,1,100,1,0
1773393354.721825,179.867,5.857,24,24,4222,2,2,1,100,1,0
1773393356.722711,179.961,3.636,24,24,4326,2,2,1,100,1,0
1773393358.731623,180.141,2.188,24,24,4431,2,2,1,100,1,0
1773393360.722921,180.328,4.086,24,24,4536,2,2,1,100,1,0
1773393362.722664,180.516,2.424,24,24,4641,2,2,1,100,1,0
1773393364.725653,180.781,2.395,24,24,4745,2,2,1,100,1,0
1773393366.723139,180.953,2.204,24,24,4850,2,2,1,100,1,0
1773393368.722535,181.160,2.525,24,24,4955,2,2,1,100,1,0
1773393370.723680,181.359,2.382,24,24,5060,2,2,1,100,1,0
1773393372.724652,181.523,2.190,24,24,5164,2,2,1,100,1,0
1773393374.722288,181.676,2.174,24,24,5269,2,2,1,100,1,0
1773393376.723301,181.762,2.913,24,24,5375,2,2,1,100,1,0
1773393378.724314,181.969,2.226,24,24,5479,2,2,1,100,1,0
1773393380.723833,182.199,3.918,24,24,5584,2,2,1,100,1,0
1773393382.721764,182.043,3.788,24,24,5688,2,2,1,100,1,0
1773393384.722731,182.238,2.246,24,24,5794,2,2,1,100,1,0
1773393386.729234,182.328,2.736,24,24,5898,2,2,1,100,1,0
1773393388.723542,182.449,2.778,24,24,6003,2,2,1,100,1,0
1773393390.722450,182.668,4.693,24,24,6108,2,2,1,100,1,0
1773393392.727507,182.891,5.365,24,24,6212,2,2,1,100,1,0
1773393394.722470,183.059,3.028,24,24,6317,2,2,1,100,1,0
1773393396.723367,183.332,3.700,24,24,6422,2,2,1,100,1,0
1773393398.722626,183.359,3.422,24,24,6527,2,2,1,100,1,0
1773393400.723933,183.727,2.499,24,24,6631,2,2,1,100,1,0
1773393402.723336,184.082,3.698,24,24,6736,2,2,1,100,1,0
1773393404.722120,184.242,2.285,24,24,6841,2,2,1,100,1,0
1773393406.726835,184.414,2.571,24,24,6946,2,2,1,100,1,0
1773393408.723883,184.555,2.397,24,24,7051,2,2,1,100,1,0
1773393410.722897,184.664,2.492,24,24,7156,2,2,1,100,1,0
1773393412.724453,184.754,3.017,24,24,7260,2,2,1,100,1,0
1773393414.726346,184.902,2.520,24,24,7364,2,2,1,100,1,0
1773393416.723527,184.961,2.882,24,24,7470,2,2,1,100,1,0
1773393418.722007,185.098,2.220,24,24,7575,2,2,1,100,1,0
1773393420.726094,185.238,2.242,24,24,7679,2,2,1,100,1,0
1773393422.725150,185.445,2.182,24,24,7784,2,2,1,100,1,0
1773393424.722907,185.203,2.409,24,24,7889,2,2,1,100,1,0
1773393426.722545,185.332,2.771,24,24,7994,2,2,1,100,1,0
1773393428.723634,185.480,3.151,24,24,8098,2,2,1,100,1,0
1773393430.722305,185.598,2.268,24,24,8204,2,2,1,100,1,0
1773393432.722905,185.801,2.864,24,24,8309,2,2,1,100,1,0
1773393434.726776,185.988,3.183,24,24,8412,2,2,1,100,1,0
1773393436.723070,185.918,2.494,24,24,8518,2,2,1,100,1,0
1773393438.723031,185.906,2.190,24,24,8623,2,2,1,100,1,0
1773393440.724181,186.059,2.647,24,24,8728,2,2,1,100,1,0
1773393442.724975,186.098,2.730,24,24,8831,2,2,1,100,1,0
1773393444.724059,186.172,3.545,24,24,8938,2,2,1,100,1,0
1773393446.722634,186.160,2.660,24,24,9042,2,2,1,100,1,0
1773393448.725289,186.207,2.364,24,24,9146,2,2,1,100,1,0
1773393450.723740,186.316,3.173,24,24,9252,2,2,1,100,1,0
1773393452.723337,186.172,2.741,24,24,9356,2,2,1,100,1,0
1773393454.724769,186.191,2.482,24,24,9462,2,2,1,100,1,0
1773393456.724939,186.180,2.586,24,24,9566,2,2,1,100,1,0
1773393458.722421,186.254,2.722,24,24,9670,2,2,1,100,1,0
1773393460.722408,186.344,2.210,24,24,9776,2,2,1,100,1,0
1773393462.726284,186.355,2.349,24,24,9880,2,2,1,100,1,0
1773393464.722439,186.520,2.944,24,24,9985,2,2,1,100,1,0
1773393466.722544,186.648,2.261,24,24,10089,2,2,1,100,1,0
1773393468.723298,186.766,2.668,24,24,10195,2,2,1,100,1,0
1773393470.724461,186.695,2.425,24,24,10298,2,2,1,100,1,0
1773393472.723147,186.758,2.128,24,24,10404,2,2,1,100,1,0
1773393474.722844,186.879,2.406,24,24,10510,2,2,1,100,1,0
1773393476.724541,186.785,2.161,24,24,10613,2,2,1,100,1,0
1773393478.722323,186.953,3.184,24,24,10718,2,2,1,100,1,0
1773393480.723178,187.020,2.660,24,24,10823,2,2,1,100,1,0
1773393482.722561,186.844,2.321,24,24,10929,2,2,1,100,1,0
1773393484.725254,187.004,2.917,24,24,11033,2,2,1,100,1,0
1773393486.723410,187.008,2.376,24,24,11137,2,2,1,100,1,0
1773393488.721779,187.059,2.277,24,24,11243,2,2,1,100,1,0
1773393490.725651,187.027,2.334,24,24,11347,2,2,1,100,1,0
1773393492.722900,187.164,3.311,24,24,11452,2,2,1,100,1,0
1773393494.722788,187.289,2.515,24,24,11557,2,2,1,100,1,0
1773393496.723888,187.258,2.449,24,24,11662,2,2,1,100,1,0
1773393498.726252,187.285,3.028,24,24,11766,2,2,1,100,1,0
1773393500.723516,187.359,2.586,24,24,11871,2,2,1,100,1,0
1773393502.722295,187.383,4.052,24,24,11976,2,2,1,100,1,0
1773393504.723631,187.391,3.506,23,24,12081,2,2,1,100,1,0
1773393506.723471,187.297,2.444,24,24,12186,2,2,1,100,1,0
1773393508.722182,187.258,3.639,24,24,12290,2,2,1,100,1,0
1773393510.724530,187.387,4.333,24,24,12396,2,2,1,100,1,0
1773393512.724969,187.199,2.273,24,24,12500,2,2,1,100,1,0
1773393514.722970,187.293,2.528,24,24,12605,2,2,1,100,1,0
1773393516.722117,187.336,2.258,24,24,12710,2,2,1,100,1,0
1773393518.726113,187.434,2.167,24,24,12814,2,2,1,100,1,0
1773393520.721907,187.414,2.321,24,24,12919,2,2,1,100,1,0
1773393522.722448,187.488,2.396,24,24,13024,2,2,1,100,1,0
1773393524.722737,187.668,2.355,24,24,13129,2,2,1,100,1,0
1773393526.728698,187.684,2.338,24,24,13233,2,2,1,100,1,0
1773393528.722438,187.645,3.090,24,24,13338,2,2,1,100,1,0
1773393530.721965,187.684,2.540,24,24,13443,2,2,1,100,1,0
1773393532.726066,187.848,2.296,24,24,13548,2,2,1,100,1,0
1773393534.721745,187.863,2.812,24,24,13652,2,2,1,100,1,0
1773393536.722063,187.934,2.477,24,24,13757,2,2,1,100,1,0
1773393538.723322,187.984,1.054,24,24,13834,2,2,1,100,1,0
1773393540.724432,187.719,0.316,4,24,13834,8,8,3,100,1,0
1773393542.721723,187.875,3.036,24,24,13951,2,2,1,100,1,0
1773393544.723107,187.879,2.728,24,24,14097,2,2,1,100,1,0
1773393546.722962,187.910,2.633,23,24,14243,2,2,1,100,1,0
1773393548.723041,187.895,3.103,24,24,14388,2,2,1,100,1,0
1773393550.722287,187.914,3.164,24,24,14534,2,2,1,100,1,0
1773393552.724287,187.961,2.082,24,24,14681,2,2,1,100,1,0
1773393554.729044,188.141,2.252,24,24,14826,2,2,1,100,1,0
1773393556.722177,188.172,2.011,24,24,14972,2,2,1,100,1,0
1773393558.722196,188.133,2.537,24,24,15118,2,2,1,100,1,0
1773393560.725899,188.168,1.869,24,24,15262,2,2,1,100,1,0
1773393562.722817,188.316,3.204,24,24,15410,2,2,1,100,1,0
1773393564.723157,188.320,2.643,24,24,15555,2,2,1,100,1,0
1773393566.722631,188.375,2.245,24,24,15702,2,2,1,100,1,0
1773393568.725649,188.410,2.256,24,24,15846,2,2,1,100,1,0
1773393570.722215,188.332,2.835,24,24,15992,2,2,1,100,1,0
1773393572.721899,188.379,2.216,24,24,16138,2,2,1,100,1,0
1773393574.725237,188.461,1.958,23,24,16284,2,2,1,100,1,0
1773393576.722390,188.543,2.596,24,24,16430,2,2,1,100,1,0
1773393578.723327,188.441,1.988,24,24,16576,2,2,1,100,1,0
1773393580.723627,188.551,1.840,24,24,16722,2,2,1,100,1,0
1773393582.726742,188.699,1.996,24,24,16867,2,2,1,100,1,0
1773393584.723253,188.727,1.747,24,24,17014,2,2,1,100,1,0
1773393586.722411,188.875,1.623,24,24,17159,2,2,1,100,1,0
1773393588.726455,188.922,1.801,24,24,17304,2,2,1,100,1,0
1773393590.725448,188.879,2.824,24,24,17451,2,2,1,100,1,0
1773393592.722489,189.074,2.549,24,24,17596,2,2,1,100,1,0
1773393594.722964,189.102,2.859,24,24,17719,2,2,1,100,1,0
1773393596.725371,189.188,2.552,24,24,17863,2,2,1,100,1,0
1773393598.722666,189.176,2.911,24,24,18009,2,2,1,100,1,0
1773393600.722820,188.582,2.514,24,24,18157,2,2,1,100,1,0
1773393602.725051,188.449,2.703,24,24,18301,2,2,1,100,1,0
1773393604.723138,188.500,2.949,24,24,18448,2,2,1,100,1,0
1773393606.723362,188.539,2.300,24,24,18594,2,2,1,100,1,0
1773393608.725089,188.492,3.152,24,24,18739,2,2,1,100,1,0
1773393610.722475,188.562,1.599,24,24,18884,2,2,1,100,1,0
1773393612.723460,188.609,1.909,24,24,19031,2,2,1,100,1,0
1773393614.722902,188.621,1.520,24,24,19177,2,2,1,100,1,0
1773393616.727277,188.582,1.392,24,24,19322,2,2,1,100,1,0
1773393618.722962,188.633,1.638,24,24,19468,2,2,1,100,1,0
1773393620.722902,188.648,1.765,24,24,19614,2,2,1,100,1,0
1773393622.721995,188.676,1.676,24,24,19760,2,2,1,100,1,0
1773393624.724243,188.641,2.140,24,24,19906,2,2,1,100,1,0
1773393626.723130,188.664,1.389,24,24,20052,2,2,1,100,1,0
1773393628.723072,188.734,1.584,24,24,20198,2,2,1,100,1,0
1773393630.732634,188.766,2.884,24,24,20343,2,2,1,100,1,0
1773393632.722414,188.781,1.525,24,24,20489,2,2,1,100,1,0
1773393634.722904,188.871,1.639,24,24,20635,2,2,1,100,1,0
1773393636.723720,188.875,1.780,24,24,20781,2,2,1,100,1,0
1773393638.722306,188.879,1.630,24,24,20926,2,2,1,100,1,0
1773393640.723521,189.043,1.540,24,24,21072,2,2,1,100,1,0
1773393642.721928,189.129,1.527,24,24,21219,2,2,1,100,1,0
1773393644.722448,189.188,1.426,24,24,21364,2,2,1,100,1,0
1773393677.531737,151.320,0.000,0,24,0,8,8,3,100,0,0
1773393679.519332,151.320,0.000,0,24,0,8,8,3,100,0,0
1773393681.519491,151.395,0.000,0,24,0,8,8,3,100,0,0
1773393683.518794,151.363,0.000,0,24,0,8,8,3,100,0,0
1773393685.520072,151.363,0.000,0,24,0,8,8,3,100,0,0
1773393687.518612,151.363,0.000,0,24,0,8,8,3,100,0,0
1773393689.519262,151.363,0.000,0,24,0,8,8,3,100,0,0
1773393691.519952,151.383,0.000,0,24,0,8,8,3,100,0,0
1773393693.519815,151.383,0.000,0,24,0,8,8,3,100,0,0
1773393695.519440,151.383,0.000,0,24,0,8,8,3,100,0,0
1773393697.519299,161.285,0.019,0,24,0,8,8,3,100,0,0
1773393699.518757,167.172,0.016,0,24,0,8,8,3,100,0,0
1773393701.520062,171.273,2.274,24,24,49,2,2,1,100,1,0
1773393703.520120,171.398,3.876,24,24,155,2,2,1,100,1,0
1773393705.519441,171.750,2.398,24,24,260,2,2,1,100,1,0
1773393707.520390,172.145,2.797,24,24,365,2,2,1,100,1,0
1773393709.524668,172.391,4.061,23,24,468,2,2,1,100,1,0
1773393711.520016,172.664,6.247,24,24,574,2,2,1,100,1,0
1773393713.519796,172.926,5.312,24,24,679,2,2,1,100,1,0
1773393715.521003,173.211,2.391,23,24,783,2,2,1,100,1,0
1773393717.519267,173.426,5.299,24,24,888,2,2,1,100,1,0
1773393719.519567,173.816,3.889,24,24,993,2,2,1,100,1,0
1773393721.520056,174.086,4.230,24,24,1098,2,2,1,100,1,0
1773393723.520061,174.250,3.622,24,24,1202,2,2,1,100,1,0
1773393725.518901,174.426,2.342,24,24,1308,2,2,1,100,1,0
1773393727.519165,174.656,2.753,24,24,1412,2,2,1,100,1,0
1773393729.523922,174.863,2.522,24,24,1517,2,2,1,100,1,0
1773393731.520035,174.855,2.527,24,24,1622,2,2,1,100,1,0
1773393733.520154,174.984,1.930,24,24,1727,2,2,1,100,1,0
1773393735.519515,175.199,2.785,24,24,1831,2,2,1,100,1,0
1773393737.525316,175.492,2.594,24,24,1936,2,2,1,100,1,0
1773393739.519716,175.738,4.244,24,24,2041,2,2,1,100,1,0
1773393741.519196,175.887,3.431,24,24,2146,2,2,1,100,1,0
1773393743.525095,176.156,3.471,24,24,2250,2,2,1,100,1,0
1773393745.519550,176.426,4.464,24,24,2356,2,2,1,100,1,0
1773393747.520193,176.539,3.580,24,24,2460,2,2,1,100,1,0
1773393749.518639,176.852,3.415,24,24,2566,2,2,1,100,1,0
1773393751.519427,177.176,4.329,24,24,2669,2,2,1,100,1,0
1773393753.519729,177.375,4.590,24,24,2775,2,2,1,100,1,0
1773393755.519997,177.562,6.063,24,24,2880,2,2,1,100,1,0
1773393757.519892,177.508,4.284,23,24,2984,2,2,1,100,1,0
1773393759.519131,177.613,4.317,24,24,3088,2,2,1,100,1,0
1773393761.519753,177.977,3.183,24,24,3193,2,2,1,100,1,0
1773393763.520148,178.227,4.088,24,24,3299,2,2,1,100,1,0
1773393765.521282,178.465,2.742,24,24,3402,2,2,1,100,1,0
1773393767.519050,178.770,2.091,24,24,3508,2,2,1,100,1,0
1773393769.518819,178.977,3.064,24,24,3613,2,2,1,100,1,0
1773393771.521054,179.320,3.485,24,24,3717,2,2,1,100,1,0
1773393773.522104,179.355,3.480,24,24,3821,2,2,1,100,1,0
1773393775.520381,179.547,4.258,24,24,3928,2,2,1,100,1,0
1773393777.519218,179.754,2.255,24,24,4032,2,2,1,100,1,0
1773393779.520441,180.094,3.157,24,24,4136,2,2,1,100,1,0
1773393781.527862,180.266,3.947,24,24,4242,2,2,1,100,1,0
1773393783.519697,180.289,2.535,24,24,4347,2,2,1,100,1,0
1773393785.519979,180.371,3.803,24,24,4451,2,2,1,100,1,0
1773393787.519889,180.477,3.293,24,24,4556,2,2,1,100,1,0
1773393789.520520,180.684,2.433,24,24,4661,2,2,1,100,1,0
1773393791.520280,180.738,4.163,24,24,4766,2,2,1,100,1,0
1773393793.529347,181.031,3.309,24,24,4870,2,2,1,100,1,0
1773393795.520217,181.148,2.363,24,24,4975,2,2,1,100,1,0
1773393797.519722,181.387,4.611,24,24,5080,2,2,1,100,1,0
1773393799.525612,181.617,2.630,23,24,5185,2,2,1,100,1,0
1773393801.519372,181.840,3.692,24,24,5290,2,2,1,100,1,0
1773393803.520153,181.918,2.548,24,24,5394,2,2,1,100,1,0
1773393805.519888,181.949,3.088,24,24,5500,2,2,1,100,1,0
1773393807.519289,182.094,2.916,24,24,5603,2,2,1,100,1,0
1773393809.519862,182.207,2.678,24,24,5709,2,2,1,100,1,0
1773393811.520323,182.363,5.634,24,24,5813,2,2,1,100,1,0
1773393813.521437,182.535,3.361,24,24,5918,2,2,1,100,1,0
1773393815.519287,182.711,3.283,24,24,6023,2,2,1,100,1,0
1773393817.520065,182.852,4.816,24,24,6128,2,2,1,100,1,0
1773393819.519837,182.875,2.349,24,24,6233,2,2,1,100,1,0
1773393821.521806,183.090,4.813,24,24,6337,2,2,1,100,1,0
1773393823.537328,183.191,2.689,24,24,6443,2,2,1,100,1,0
1773393825.538402,183.391,2.236,24,24,6548,2,2,1,100,1,0
1773393827.536003,183.750,3.672,24,24,6652,2,2,1,100,1,0
1773393829.538058,184.004,3.471,24,24,6758,2,2,1,100,1,0
1773393831.537188,184.215,4.302,24,24,6862,2,2,1,100,1,0
1773393833.538584,184.500,2.559,24,24,6966,2,2,1,100,1,0
1773393835.534313,184.742,2.421,24,24,7071,2,2,1,100,1,0
1773393837.537771,184.824,2.508,24,24,7177,2,2,1,100,1,0
1773393839.537560,184.953,3.719,24,24,7282,2,2,1,100,1,0
1773393841.536246,185.102,3.104,24,24,7386,2,2,1,100,1,0
1773393843.537369,185.219,5.398,24,24,7491,2,2,1,100,1,0
1773393845.535201,185.379,4.348,24,24,7596,2,2,1,100,1,0
1773393847.540659,185.535,3.118,23,24,7700,2,2,1,100,1,0
1773393849.535326,185.602,4.424,24,24,7806,2,2,1,100,1,0
1773393851.538096,185.766,2.881,24,24,7910,2,2,1,100,1,0
1773393853.536801,186.004,6.779,24,24,8015,2,2,1,100,1,0
1773393855.537575,186.098,4.169,24,24,8120,2,2,1,100,1,0
1773393857.537286,186.262,2.730,24,24,8225,2,2,1,100,1,0
1773393859.537606,186.496,2.819,24,24,8330,2,2,1,100,1,0
1773393861.535611,186.262,3.536,24,24,8434,2,2,1,100,1,0
1773393863.537134,186.398,2.839,24,24,8538,2,2,1,100,1,0
1773393865.536792,186.520,3.285,24,24,8643,2,2,1,100,1,0
1773393867.537072,186.645,4.045,24,24,8749,2,2,1,100,1,0
1773393869.539670,186.734,2.838,24,24,8853,2,2,1,100,1,0
1773393871.536412,186.809,4.038,24,24,8958,2,2,1,100,1,0
1773393873.537736,186.879,5.080,24,24,9063,2,2,1,100,1,0
1773393875.538613,186.902,3.730,24,24,9167,2,2,1,100,1,0
1773393877.540246,187.070,3.521,24,24,9271,2,2,1,100,1,0
1773393879.535424,187.152,5.316,24,24,9377,2,2,1,100,1,0
1773393881.538046,187.227,6.793,24,24,9483,2,2,1,100,1,0
1773393883.542208,187.141,6.377,24,24,9586,2,2,1,100,1,0
1773393885.535497,187.160,4.301,24,24,9691,2,2,1,100,1,0
1773393887.538986,186.949,3.036,24,24,9797,2,2,1,100,1,0
1773393889.540499,186.844,3.824,24,24,9901,2,2,1,100,1,0
1773393891.535687,187.016,2.709,24,24,10006,2,2,1,100,1,0
1773393893.537982,187.043,4.208,24,24,10111,2,2,1,100,1,0
1773393895.537604,186.965,5.276,24,24,10216,2,2,1,100,1,0
1773393897.542790,187.051,6.354,24,24,10320,2,2,1,100,1,0
1773393899.534674,187.168,5.257,24,24,10425,2,2,1,100,1,0
1773393901.536697,187.258,5.811,24,24,10530,2,2,1,100,1,0
1773393903.584599,187.258,6.913,23,24,10635,2,2,1,100,1,0
1773393905.537270,187.375,3.433,24,24,10739,2,2,1,100,1,0
1773393907.534990,187.375,4.337,24,24,10844,2,2,1,100,1,0
1773393909.535398,187.422,5.988,24,24,10950,2,2,1,100,1,0
1773393911.544616,187.469,5.938,24,24,11053,2,2,1,100,1,0
1773393913.536371,187.324,4.665,24,24,11158,2,2,1,100,1,0
1773393915.534448,187.285,4.364,24,24,11263,2,2,1,100,1,0
1773393917.541134,187.148,4.036,24,24,11368,2,2,1,100,1,0
1773393919.538087,187.211,4.423,24,24,11473,2,2,1,100,1,0
1773393921.534575,187.320,3.166,24,24,11577,2,2,1,100,1,0
1773393923.536650,187.270,3.570,24,24,11683,2,2,1,100,1,0
1773393925.541771,187.309,4.138,24,24,11787,2,2,1,100,1,0
1773393927.537976,187.383,3.690,24,24,11893,2,2,1,100,1,0
1773393929.534666,187.363,3.157,24,24,11997,2,2,1,100,1,0
1773393931.540955,187.406,3.281,24,24,12102,2,2,1,100,1,0
1773393933.538037,187.469,4.434,24,24,12206,2,2,1,100,1,0
1773393935.535160,187.547,4.418,24,24,12311,2,2,1,100,1,0
1773393937.534380,187.629,6.032,24,24,12417,2,2,1,100,1,0
1773393939.543009,187.625,7.844,24,24,12519,2,2,1,100,1,0
1773393941.537575,187.625,3.170,24,24,12626,2,2,1,100,1,0
1773393943.537946,187.668,4.560,24,24,12731,2,2,1,100,1,0
1773393945.542166,187.781,4.950,24,24,12835,2,2,1,100,1,0
1773393947.537273,187.445,3.185,24,24,12940,2,2,1,100,1,0
1773393949.538680,187.398,6.398,24,24,13045,2,2,1,100,1,0
1773393951.534445,187.512,7.088,24,24,13150,2,2,1,100,1,0
1773393953.540296,187.641,4.982,24,24,13254,2,2,1,100,1,0
1773393955.534579,187.691,3.751,24,24,13360,2,2,1,100,1,0
1773393957.537347,187.816,3.441,24,24,13464,2,2,1,100,1,0
1773393959.570683,187.723,5.640,24,24,13568,2,2,1,100,1,0
1773393961.538694,187.801,3.851,24,24,13674,2,2,1,100,1,0
1773393963.535157,187.828,3.459,24,24,13778,2,2,1,100,1,0
1773393965.537770,187.855,3.093,24,24,13883,2,2,1,100,1,0
1773393967.541310,187.926,5.459,24,24,13988,2,2,1,100,1,0
1773393969.538019,188.082,2.697,24,24,14093,2,2,1,100,1,0
1773393971.537368,188.199,3.690,24,24,14198,2,2,1,100,1,0
1773393973.538710,188.258,3.718,24,24,14302,2,2,1,100,1,0
1773393975.534539,188.242,5.216,24,24,14407,2,2,1,100,1,0
1773393977.537859,188.285,5.020,24,24,14512,2,2,1,100,1,0
1773393979.538536,188.340,2.753,24,24,14617,2,2,1,100,1,0
1773393981.538318,188.504,4.431,24,24,14721,2,2,1,100,1,0
1773393983.537822,188.363,4.447,24,24,14827,2,2,1,100,1,0
1773393985.538288,188.453,3.546,24,24,14932,2,2,1,100,1,0
1773393987.537232,188.488,3.751,24,24,15035,2,2,1,100,1,0
1773393989.538128,188.516,2.930,24,24,15141,2,2,1,100,1,0
1773393991.534448,188.539,4.155,24,24,15245,2,2,1,100,1,0
1773393993.537257,188.656,6.434,24,24,15351,2,2,1,100,1,0
1773393995.537325,188.676,5.350,24,24,15455,2,2,1,100,1,0
1773393997.537246,188.602,4.325,24,24,15560,2,2,1,100,1,0
1773393999.534632,188.668,4.849,24,24,15665,2,2,1,100,1,0
1773394001.545308,188.684,3.616,23,24,15769,2,2,1,100,1,0
1773394003.534366,188.688,5.181,24,24,15874,2,2,1,100,1,0
1773394005.539258,188.762,5.564,24,24,15979,2,2,1,100,1,0
1773394007.537923,188.824,5.111,24,24,16084,2,2,1,100,1,0
1773394009.543411,188.805,4.731,24,24,16188,2,2,1,100,1,0
1773394011.534629,188.988,3.152,24,24,16293,2,2,1,100,1,0
1773394013.536194,189.016,3.660,24,24,16398,2,2,1,100,1,0
1773394015.549433,188.809,6.895,23,24,16503,2,2,1,100,1,0
1773394017.537477,188.664,3.645,24,24,16608,2,2,1,100,1,0
1773394019.538535,188.664,6.620,24,24,16713,2,2,1,100,1,0
1773394021.534840,188.680,3.652,24,24,16818,2,2,1,100,1,0
1773394023.537339,188.719,6.547,24,24,16921,2,2,1,100,1,0
1773394025.534808,188.766,5.467,24,24,17027,2,2,1,100,1,0
1773394027.537360,188.816,3.440,24,24,17132,2,2,1,100,1,0
1773394029.563555,188.824,4.750,24,24,17236,2,2,1,100,1,0
1773394031.537722,188.840,4.377,24,24,17341,2,2,1,100,1,0
1773394033.535174,188.852,2.846,24,24,17446,2,2,1,100,1,0
1773394035.535999,188.875,5.455,24,24,17551,2,2,1,100,1,0
1773394037.539059,188.926,5.190,24,24,17655,2,2,1,100,1,0
1773394039.538090,189.020,4.595,24,24,17761,2,2,1,100,1,0
1773394041.538199,189.145,3.941,24,24,17865,2,2,1,100,1,0
1773394043.537651,189.180,3.749,24,24,17970,2,2,1,100,1,0
1773394045.546739,189.207,5.535,24,24,18073,2,2,1,100,1,0
1773394047.536844,189.238,6.198,24,24,18179,2,2,1,100,1,0
1773394049.537688,189.262,6.711,24,24,18285,2,2,1,100,1,0
1773394051.542238,189.297,6.056,24,24,18389,2,2,1,100,1,0
1773394053.543213,189.352,5.597,24,24,18494,2,2,1,100,1,0
1773394055.538182,189.398,6.226,24,24,18599,2,2,1,100,1,0
1773394057.538105,189.484,4.816,24,24,18704,2,2,1,100,1,0
1773394059.537463,189.496,4.246,24,24,18808,2,2,1,100,1,0
1773394061.534445,189.539,4.008,24,24,18913,2,2,1,100,1,0
1773394063.534980,189.555,3.685,24,24,19019,2,2,1,100,1,0
1773394065.540831,189.617,7.131,24,24,19122,2,2,1,100,1,0
1773394067.534556,189.121,3.550,24,24,19228,2,2,1,100,1,0
1773394069.537681,189.176,5.536,24,24,19333,2,2,1,100,1,0
1773394071.537156,189.207,3.006,24,24,19437,2,2,1,100,1,0
1773394073.537927,189.219,4.648,24,24,19542,2,2,1,100,1,0
1773394075.535452,189.238,2.955,24,24,19647,2,2,1,100,1,0
1773394077.537072,189.277,3.231,24,24,19752,2,2,1,100,1,0
1773394079.539548,189.379,6.785,24,24,19856,2,2,1,100,1,0
1773394081.537445,189.406,5.751,24,24,19961,2,2,1,100,1,0
1773394083.536704,189.465,6.517,24,24,20066,2,2,1,100,1,0
1773394085.551913,189.523,5.388,24,24,20170,2,2,1,100,1,0
1773394087.537901,189.488,3.974,24,24,20276,2,2,1,100,1,0
1773394089.539990,189.574,6.051,24,24,20381,2,2,1,100,1,0
1773394091.537728,189.613,5.936,24,24,20486,2,2,1,100,1,0
1773394093.544055,189.656,7.367,24,24,20589,2,2,1,100,1,0
1773394095.535359,189.773,8.413,24,24,20694,2,2,1,100,1,0
1773394097.535066,189.547,3.341,24,24,20799,2,2,1,100,1,0
1773394099.538908,189.637,6.545,24,24,20903,2,2,1,100,1,0
1773394101.534553,189.668,5.171,24,24,21009,2,2,1,100,1,0
1773394103.538148,189.695,5.326,24,24,21114,2,2,1,100,1,0
1773394105.537624,189.730,3.660,24,24,21219,2,2,1,100,1,0
1773394107.538146,189.766,3.953,24,24,21323,2,2,1,100,1,0
1773394109.538376,189.832,6.440,24,24,21428,2,2,1,100,1,0
1773394111.534655,189.887,5.135,24,24,21534,2,2,1,100,1,0
1773394113.538049,189.922,3.762,24,24,21637,2,2,1,100,1,0
1773394115.537484,189.965,3.820,24,24,21743,2,2,1,100,1,0
1773394117.535341,189.965,6.538,24,24,21848,2,2,1,100,1,0
1773394119.537999,189.969,2.874,24,24,21953,2,2,1,100,1,0
1773394121.540361,190.000,4.246,24,24,22056,2,2,1,100,1,0
1773394123.537325,190.043,2.892,24,24,22162,2,2,1,100,1,0
1773394125.537587,190.105,3.618,24,24,22267,2,2,1,100,1,0
1773394127.540192,189.957,4.124,24,24,22371,2,2,1,100,1,0
1773394129.537240,190.066,2.925,24,24,22476,2,2,1,100,1,0
1773394131.537837,190.102,2.905,24,24,22581,2,2,1,100,1,0
1773394133.535666,190.129,4.677,24,24,22686,2,2,1,100,1,0
1773394135.535634,190.156,4.092,24,24,22789,2,2,1,100,1,0
1773394137.538084,190.180,3.739,24,24,22895,2,2,1,100,1,0
1773394139.534562,190.227,4.496,24,24,23000,2,2,1,100,1,0
1773394141.544281,190.301,4.773,24,24,23104,2,2,1,100,1,0
1773394143.535871,190.348,4.543,24,24,23209,2,2,1,100,1,0
1773394145.534777,190.355,4.879,24,24,23314,2,2,1,100,1,0
1773394147.537734,190.371,6.420,24,24,23420,2,2,1,100,1,0
1773394149.535898,190.371,9.429,24,24,23524,2,2,1,100,1,0
1773394151.534333,190.449,4.478,24,24,23629,2,2,1,100,1,0
1773394153.537509,190.449,5.959,24,24,23734,2,2,1,100,1,0
1773394155.537974,190.539,4.558,24,24,23838,2,2,1,100,1,0
1773394157.534800,190.293,3.321,24,24,23943,2,2,1,100,1,0
1773394159.538128,190.285,3.455,24,24,24048,2,2,1,100,1,0
1773394161.535902,190.352,8.563,24,24,24153,2,2,1,100,1,0
1773396207.717231,150.801,0.000,0,24,0,8,8,3,100,0,0
1773396209.706567,150.801,0.000,0,24,0,8,8,3,100,0,0
1773396211.706475,150.801,0.000,0,24,0,8,8,3,100,0,0
1773396213.707597,150.875,0.000,0,24,0,8,8,3,100,0,0
1773396215.707075,150.926,0.000,0,24,0,8,8,3,100,0,0
1773396217.709032,150.926,0.000,0,24,0,8,8,3,100,0,0
1773396219.706677,150.945,0.000,0,24,0,8,8,3,100,0,0
1773396221.708144,151.117,0.000,0,24,0,8,8,3,100,0,0
1773396223.708359,160.523,0.000,0,24,0,8,8,3,100,0,0
1773396225.706414,165.848,0.019,0,24,0,8,8,3,100,0,0
1773396227.709174,166.344,0.025,0,24,0,8,8,3,100,0,0
1773396229.706709,169.176,0.151,0,24,0,8,8,3,100,0,0
1773396231.708363,169.281,0.125,0,24,0,8,8,3,100,0,0
1773396233.707167,169.820,4.179,21,24,0,8,8,3,100,0,0
1773396235.709592,170.207,8.520,24,24,97,2,2,1,100,1,0
1773396237.707370,170.445,4.568,24,24,202,2,2,1,100,1,0
1773396239.707515,170.602,2.687,24,24,307,2,2,1,100,1,0
1773396241.710576,171.105,4.284,24,24,410,2,2,1,100,1,0
1773396243.707526,171.293,4.489,24,24,515,2,2,1,100,1,0
1773396245.707726,171.461,4.155,24,24,621,2,2,1,100,1,0
1773396247.707155,171.668,3.842,24,24,726,2,2,1,100,1,0
1773396249.709595,171.840,4.032,24,24,830,2,2,1,100,1,0
1773396251.706671,171.965,3.162,24,24,935,2,2,1,100,1,0
1773396253.707070,172.137,2.875,24,24,1040,2,2,1,100,1,0
1773396255.709288,172.246,2.767,23,24,1144,2,2,1,100,1,0
1773396257.708269,172.457,3.152,24,24,1250,2,2,1,100,1,0
1773396259.707872,172.746,2.575,24,24,1355,2,2,1,100,1,0
1773396261.706400,172.832,3.117,24,24,1460,2,2,1,100,1,0
1773396263.715254,172.910,3.481,24,24,1563,2,2,1,100,1,0
1773396265.707545,173.133,3.753,24,24,1669,2,2,1,100,1,0
1773396267.706781,174.617,2.468,24,24,1773,2,2,1,100,1,0
1773396269.715021,174.738,4.124,24,24,1877,2,2,1,100,1,0
1773396271.708577,174.891,2.711,24,24,1983,2,2,1,100,1,0
1773396273.708295,175.195,2.439,24,24,2088,2,2,1,100,1,0
1773396275.706370,175.340,2.019,24,24,2193,2,2,1,100,1,0
1773396277.708438,175.562,5.080,24,24,2297,2,2,1,100,1,0
1773396279.706415,175.676,3.446,24,24,2402,2,2,1,100,1,0
1773396281.708188,175.922,3.446,24,24,2507,2,2,1,100,1,0
1773396283.710091,176.121,3.569,23,24,2612,2,2,1,100,1,0
1773396285.706391,176.172,1.973,24,24,2717,2,2,1,100,1,0
1773396287.707481,176.309,3.187,24,24,2821,2,2,1,100,1,0
1773396289.707460,176.496,3.781,24,24,2927,2,2,1,100,1,0
1773396291.715598,176.598,2.824,24,24,3030,2,2,1,100,1,0
1773396293.706289,176.773,2.351,24,24,3135,2,2,1,100,1,0
1773396295.706363,176.938,2.228,24,24,3241,2,2,1,100,1,0
1773396297.710873,177.066,3.081,23,24,3345,2,2,1,100,1,0
1773396299.707222,177.230,3.643,24,24,3450,2,2,1,100,1,0
1773396301.708981,177.402,2.781,24,24,3555,2,2,1,100,1,0
1773396303.706728,177.574,3.900,24,24,3660,2,2,1,100,1,0
1773396305.709356,177.531,3.141,24,24,3763,2,2,1,100,1,0
1773396307.707435,177.746,4.271,24,24,3870,2,2,1,100,1,0
1773396309.706933,177.715,2.901,24,24,3976,2,2,1,100,1,0
1773396311.711863,177.902,2.731,23,24,4080,2,2,1,100,1,0
1773396313.708112,178.121,2.648,24,24,4185,2,2,1,100,1,0
1773396315.707240,178.270,4.418,24,24,4289,2,2,1,100,1,0
1773396317.707077,178.258,3.351,24,24,4395,2,2,1,100,1,0
1773396319.713789,178.410,2.314,24,24,4499,2,2,1,100,1,0
1773396321.706786,182.750,5.326,23,24,4563,6,6,3,100,1,0
1773396323.707231,182.852,5.399,24,24,4663,2,2,1,100,1,0
1773396325.706586,183.090,1.620,0,24,4707,5,5,3,300,1,1
1773396327.714399,183.180,2.657,24,24,4716,5,5,1,100,1,0
1773396329.706271,183.340,1.672,0,24,4792,7,7,3,100,1,0
1773396331.707736,183.340,0.493,0,24,4792,8,8,3,300,1,1
1773396333.707129,183.312,0.195,0,24,4792,8,8,3,300,0,1
1773396335.707880,183.312,0.087,0,24,4792,8,8,3,300,0,1
1773396337.708071,183.324,0.069,0,24,4792,8,8,3,300,0,1
1773396339.706900,183.352,0.077,4,24,4792,8,8,3,300,0,1
1773396341.715326,183.582,4.216,24,24,4865,2,2,1,100,1,0
1773396429.893222,150.676,0.000,0,24,0,8,8,3,100,0,0
1773396431.879026,150.680,0.000,0,24,0,8,8,3,100,0,0
1773396433.880978,150.680,0.000,0,24,0,8,8,3,100,0,0
1773396435.879447,150.684,0.000,0,24,0,8,8,3,100,0,0
1773396437.878508,150.684,0.000,0,24,0,8,8,3,100,0,0
1773396439.879115,150.684,0.000,0,24,0,8,8,3,100,0,0
1773396441.879849,150.684,0.000,0,24,0,8,8,3,100,0,0
1773396443.879999,150.688,0.000,0,24,0,8,8,3,100,0,0
1773396445.880141,150.688,0.000,0,24,0,8,8,3,100,0,0
1773396447.879909,150.688,0.000,0,24,0,8,8,3,100,0,0
1773396449.878245,150.688,0.000,0,24,0,8,8,3,100,0,0
1773396451.879609,150.688,0.000,0,24,0,8,8,3,100,0,0
1773396453.880139,150.688,0.000,0,24,0,8,8,3,100,0,0
1773396455.879474,150.430,0.000,0,24,0,8,8,3,100,0,0
1773396457.879490,150.430,0.000,0,24,0,8,8,3,100,0,0
1773396459.880312,150.430,0.000,0,24,0,8,8,3,100,0,0
1773396461.880460,150.430,0.000,0,24,0,8,8,3,100,0,0
1773396463.879442,150.434,0.000,0,24,0,8,8,3,100,0,0
1773396465.878574,150.434,0.000,0,24,0,8,8,3,100,0,0
1773396467.879360,150.434,0.000,0,24,0,8,8,3,100,0,0
1773396469.878860,150.434,0.000,0,24,0,8,8,3,100,0,0
1773396471.880349,150.434,0.000,0,24,0,8,8,3,100,0,0
1773396473.880754,150.438,0.000,0,24,0,8,8,3,100,0,0
1773396475.879855,150.438,0.000,0,24,0,8,8,3,100,0,0
1773396477.879218,150.438,0.000,0,24,0,8,8,3,100,0,0
1773396479.879879,150.438,0.000,0,24,0,8,8,3,100,0,0
1773396481.879150,150.438,0.000,0,24,0,8,8,3,100,0,0
1773396483.879139,150.441,0.000,0,24,0,8,8,3,100,0,0
1773396485.878490,150.402,0.000,0,24,0,8,8,3,100,0,0
1773396487.880075,150.402,0.000,0,24,0,8,8,3,100,0,0
1773396489.880879,150.402,0.000,0,24,0,8,8,3,100,0,0
1773396491.879474,150.402,0.000,0,24,0,8,8,3,100,0,0
1773396493.879232,150.402,0.000,0,24,0,8,8,3,100,0,0
1773396495.880058,150.402,0.000,0,24,0,8,8,3,100,0,0
1773396497.885158,150.402,0.000,0,24,0,8,8,3,100,0,0
1773396499.879700,150.402,0.000,0,24,0,8,8,3,100,0,0
1773396501.879004,150.402,0.000,0,24,0,8,8,3,100,0,0
1773396503.880094,150.406,0.000,0,24,0,8,8,3,100,0,0
1773396505.879564,150.406,0.000,0,24,0,8,8,3,100,0,0
1773396507.880843,150.406,0.000,0,24,0,8,8,3,100,0,0
1773396509.880235,150.406,0.000,0,24,0,8,8,3,100,0,0
1773396511.879283,150.406,0.000,0,24,0,8,8,3,100,0,0
1773396513.879812,150.406,0.000,0,24,0,8,8,3,100,0,0
1773396515.879724,150.387,0.000,0,24,0,8,8,3,100,0,0
1773396517.880165,150.387,0.000,0,24,0,8,8,3,100,0,0
1773396519.878901,150.387,0.000,0,24,0,8,8,3,100,0,0
1773396521.879491,150.387,0.000,0,24,0,8,8,3,100,0,0
1773396523.879884,150.391,0.000,0,24,0,8,8,3,100,0,0
1773396525.880526,150.391,0.000,0,24,0,8,8,3,100,0,0
1773396527.880202,150.391,0.000,0,24,0,8,8,3,100,0,0
1773396529.879577,150.391,0.000,0,24,0,8,8,3,100,0,0
1773396531.880009,150.391,0.000,0,24,0,8,8,3,100,0,0
1773396533.879596,150.391,0.000,0,24,0,8,8,3,100,0,0
1773396535.879540,150.391,0.000,0,24,0,8,8,3,100,0,0
1773396537.879863,150.395,0.000,0,24,0,8,8,3,100,0,0
1773396539.878957,150.395,0.000,0,24,0,8,8,3,100,0,0
1773396541.879432,150.395,0.000,0,24,0,8,8,3,100,0,0
1773396543.879721,150.398,0.000,0,24,0,8,8,3,100,0,0
1773396545.879981,150.398,0.000,0,24,0,8,8,3,100,0,0
1773396547.878441,150.395,0.000,0,24,0,8,8,3,100,0,0
1773396549.880632,150.406,0.000,0,24,0,8,8,3,100,0,0
1773396551.879879,150.406,0.000,0,24,0,8,8,3,100,0,0
1773396553.879113,150.406,0.000,0,24,0,8,8,3,100,0,0
1773396555.878908,150.406,0.000,0,24,0,8,8,3,100,0,0
1773396557.878906,150.406,0.000,0,24,0,8,8,3,100,0,0
1773396559.881736,150.406,0.000,0,24,0,8,8,3,100,0,0
1773396561.879033,150.406,0.000,0,24,0,8,8,3,100,0,0
1773396563.879831,150.410,0.000,0,24,0,8,8,3,100,0,0
1773396565.879678,150.410,0.000,0,24,0,8,8,3,100,0,0
1773396567.879355,150.410,0.000,0,24,0,8,8,3,100,0,0
1773396569.879374,150.410,0.000,0,24,0,8,8,3,100,0,0
1773396571.879794,150.410,0.000,0,24,0,8,8,3,100,0,0
1773396573.880456,150.410,0.000,0,24,0,8,8,3,100,0,0
1773396575.878916,150.410,0.000,0,24,0,8,8,3,100,0,0
1773396577.880118,150.410,0.000,0,24,0,8,8,3,100,0,0
1773396579.878936,150.410,0.000,0,24,0,8,8,3,100,0,0
1773396581.878478,150.410,0.000,0,24,0,8,8,3,100,0,0
1773396583.879104,150.414,0.000,0,24,0,8,8,3,100,0,0
1773396585.880227,150.414,0.000,0,24,0,8,8,3,100,0,0
1773396587.879064,150.414,0.000,0,24,0,8,8,3,100,0,0
1773396589.879311,150.414,0.000,0,24,0,8,8,3,100,0,0
1773396591.879095,150.414,0.000,0,24,0,8,8,3,100,0,0
1773396593.879720,150.414,0.000,0,24,0,8,8,3,100,0,0
1773396595.880354,150.414,0.000,0,24,0,8,8,3,100,0,0
1773396597.880645,150.414,0.000,0,24,0,8,8,3,100,0,0
1773396599.878838,150.414,0.000,0,24,0,8,8,3,100,0,0
1773396601.880469,150.418,0.000,0,24,0,8,8,3,100,0,0
1773396603.879483,150.422,0.000,0,24,0,8,8,3,100,0,0
1773396605.878944,150.410,0.000,0,24,0,8,8,3,100,0,0
1773396607.880254,150.410,0.000,0,24,0,8,8,3,100,0,0
1773396609.879202,150.410,0.000,0,24,0,8,8,3,100,0,0
1773396611.879460,150.410,0.000,0,24,0,8,8,3,100,0,0
1773396613.878904,150.410,0.000,0,24,0,8,8,3,100,0,0
1773396615.879672,150.410,0.000,0,24,0,8,8,3,100,0,0
1773396617.878379,150.410,0.000,0,24,0,8,8,3,100,0,0
1773396619.879680,150.410,0.000,0,24,0,8,8,3,100,0,0
1773396621.879943,150.410,0.000,0,24,0,8,8,3,100,0,0
1773396623.880397,150.414,0.000,0,24,0,8,8,3,100,0,0
1773396625.879123,150.414,0.000,0,24,0,8,8,3,100,0,0
1773396627.879001,150.414,0.000,0,24,0,8,8,3,100,0,0
1773396629.880658,150.414,0.000,0,24,0,8,8,3,100,0,0
1773396631.879205,150.414,0.000,0,24,0,8,8,3,100,0,0
1773396633.880213,150.414,0.000,0,24,0,8,8,3,100,0,0
1773396635.879431,150.414,0.000,0,24,0,8,8,3,100,0,0
1773396637.879220,150.414,0.000,0,24,0,8,8,3,100,0,0
1773396639.879258,150.414,0.000,0,24,0,8,8,3,100,0,0
1773396641.879645,150.414,0.000,0,24,0,8,8,3,100,0,0
1773396643.880821,150.418,0.000,0,24,0,8,8,3,100,0,0
1773396645.879998,150.418,0.000,0,24,0,8,8,3,100,0,0
1773396647.878893,150.418,0.000,0,24,0,8,8,3,100,0,0
1773396649.879408,150.418,0.000,0,24,0,8,8,3,100,0,0
1773396651.879718,150.418,0.000,0,24,0,8,8,3,100,0,0
1773396653.878550,150.418,0.000,0,24,0,8,8,3,100,0,0
1773396655.878873,150.418,0.000,0,24,0,8,8,3,100,0,0
1773396657.879356,150.418,0.000,0,24,0,8,8,3,100,0,0
1773396659.879456,150.418,0.000,0,24,0,8,8,3,100,0,0
1773396661.879800,150.418,0.000,0,24,0,8,8,3,100,0,0
1773396663.879770,150.422,0.000,0,24,0,8,8,3,100,0,0
1773396665.878859,150.422,0.000,0,24,0,8,8,3,100,0,0
1773396667.879695,150.422,0.000,0,24,0,8,8,3,100,0,0
1773397830.267512,150.496,0.000,0,24,0,8,8,3,100,0,0
1773397832.254896,150.496,0.000,0,24,0,8,8,3,100,0,0
1773397834.255712,150.496,0.000,0,24,0,8,8,3,100,0,0
1773397836.253263,150.500,0.000,0,24,0,8,8,3,100,0,0
1773397838.254270,150.500,0.000,0,24,0,8,8,3,100,0,0
1773397840.253687,150.500,0.000,0,24,0,8,8,3,100,0,0
1773397842.253554,150.500,0.000,0,24,0,8,8,3,100,0,0
1773397844.255135,150.500,0.000,0,24,0,8,8,3,100,0,0
1773397846.253572,150.504,0.000,0,24,0,8,8,3,100,0,0
1773397848.253377,150.504,0.000,0,24,0,8,8,3,100,0,0
1773397850.254646,150.504,0.000,0,24,0,8,8,3,100,0,0
1773397852.254816,150.504,0.000,0,24,0,8,8,3,100,0,0
1773397854.255726,150.504,0.000,0,24,0,8,8,3,100,0,0
1773397856.253811,150.246,0.000,0,24,0,8,8,3,100,0,0
1773397858.253363,150.246,0.000,0,24,0,8,8,3,100,0,0
1773397860.253721,150.246,0.000,0,24,0,8,8,3,100,0,0
1773397862.253536,150.246,0.000,0,24,0,8,8,3,100,0,0
1773397864.253655,150.246,0.000,0,24,0,8,8,3,100,0,0
1773397866.255399,150.250,0.000,0,24,0,8,8,3,100,0,0
1773397868.253213,150.250,0.000,0,24,0,8,8,3,100,0,0
1773397870.255578,150.250,0.000,0,24,0,8,8,3,100,0,0
1773397872.253806,150.250,0.000,0,24,0,8,8,3,100,0,0
1773397874.254944,150.250,0.000,0,24,0,8,8,3,100,0,0
1773397876.253696,150.254,0.000,0,24,0,8,8,3,100,0,0
1773397878.253783,150.254,0.000,0,24,0,8,8,3,100,0,0
1773397880.255336,150.254,0.000,0,24,0,8,8,3,100,0,0
1773397882.253557,150.254,0.000,0,24,0,8,8,3,100,0,0
1773397884.253517,150.254,0.000,0,24,0,8,8,3,100,0,0
1773397886.253658,150.219,0.000,0,24,0,8,8,3,100,0,0
1773397888.254789,150.219,0.000,0,24,0,8,8,3,100,0,0
1773399002.032969,150.477,0.000,0,24,0,8,8,3,100,0,0
1773399004.021924,150.441,0.000,0,24,0,8,8,3,100,0,0
1773399006.020874,150.441,0.000,0,24,0,8,8,3,100,0,0
1773399008.020632,150.441,0.000,0,24,0,8,8,3,100,0,0
1773399010.019888,150.441,0.000,0,24,0,8,8,3,100,0,0
1773399012.020654,150.441,0.000,0,24,0,8,8,3,100,0,0
1773399014.021036,150.441,0.000,0,24,0,8,8,3,100,0,0
1773399016.021055,150.441,0.000,0,24,0,8,8,3,100,0,0
1773399018.022840,150.445,0.000,0,24,0,8,8,3,100,0,0
1773399020.019854,150.449,0.000,0,24,0,8,8,3,100,0,0
1773399022.021044,150.449,0.000,0,24,0,8,8,3,100,0,0
1773399024.021506,150.449,0.000,0,24,0,8,8,3,100,0,0
1773399026.019320,150.449,0.000,0,24,0,8,8,3,100,0,0
1773399028.020511,150.195,0.000,0,24,0,8,8,3,100,0,0
1773399030.020773,150.195,0.000,0,24,0,8,8,3,100,0,0
1773399032.020990,150.195,0.000,0,24,0,8,8,3,100,0,0
1773399034.018914,150.195,0.000,0,24,0,8,8,3,100,0,0
1773399036.019947,150.195,0.000,0,24,0,8,8,3,100,0,0
1773399038.019634,150.199,0.000,0,24,0,8,8,3,100,0,0
1773399040.020643,150.199,0.000,0,24,0,8,8,3,100,0,0
1773399042.021477,150.199,0.000,0,24,0,8,8,3,100,0,0
1773399044.020045,150.203,0.000,0,24,0,8,8,3,100,0,0
1773399046.020902,150.203,0.000,0,24,0,8,8,3,100,0,0
1773399048.019440,150.203,0.000,0,24,0,8,8,3,100,0,0
1773399050.021305,150.203,0.000,0,24,0,8,8,3,100,0,0
1773399052.020940,150.203,0.000,0,24,0,8,8,3,100,0,0
1773399054.019336,150.203,0.000,0,24,0,8,8,3,100,0,0
1773399056.021222,150.207,0.000,0,24,0,8,8,3,100,0,0
1773399058.021591,150.152,0.000,0,24,0,8,8,3,100,0,0
1773399060.021091,150.152,0.000,0,24,0,8,8,3,100,0,0
1773399062.019206,150.152,0.000,0,24,0,8,8,3,100,0,0
1773399064.019025,150.152,0.000,0,24,0,8,8,3,100,0,0
1773399066.019768,150.152,0.000,0,24,0,8,8,3,100,0,0
1773399068.019699,150.152,0.000,0,24,0,8,8,3,100,0,0
1773399070.020832,150.152,0.000,0,24,0,8,8,3,100,0,0
1773399072.019388,150.152,0.000,0,24,0,8,8,3,100,0,0
1773399074.021286,150.152,0.000,0,24,0,8,8,3,100,0,0
1773399076.019909,150.152,0.000,0,24,0,8,8,3,100,0,0
1773399078.019808,150.156,0.000,0,24,0,8,8,3,100,0,0
1773399080.020440,150.156,0.000,0,24,0,8,8,3,100,0,0
1773399082.021091,150.156,0.000,0,24,0,8,8,3,100,0,0
1773399084.021176,150.156,0.000,0,24,0,8,8,3,100,0,0
1773399086.020927,150.160,0.000,0,24,0,8,8,3,100,0,0
1773399088.021894,150.160,0.000,0,24,0,8,8,3,100,0,0
1773399090.020259,150.160,0.000,0,24,0,8,8,3,100,0,0
1773399092.021072,150.160,0.000,0,24,0,8,8,3,100,0,0
1773399094.020385,150.160,0.000,0,24,0,8,8,3,100,0,0
1773399096.019296,150.160,0.000,0,24,0,8,8,3,100,0,0
1773399098.021002,150.164,0.000,0,24,0,8,8,3,100,0,0
1773399100.021221,150.164,0.000,0,24,0,8,8,3,100,0,0
1773399102.022340,150.164,0.000,0,24,0,8,8,3,100,0,0
1773399104.019743,150.164,0.000,0,24,0,8,8,3,100,0,0
1773399106.021321,150.164,0.000,0,24,0,8,8,3,100,0,0
1773399108.021082,150.164,0.000,0,24,0,8,8,3,100,0,0
1773399110.021247,150.164,0.000,0,24,0,8,8,3,100,0,0
1773399112.020874,150.164,0.000,0,24,0,8,8,3,100,0,0
1773399114.020718,150.164,0.000,0,24,0,8,8,3,100,0,0
1773399116.021726,150.164,0.000,0,24,0,8,8,3,100,0,0
1773399118.021455,150.168,0.000,0,24,0,8,8,3,100,0,0
1773399120.020688,150.172,0.000,0,24,0,8,8,3,100,0,0
1773399122.020528,150.172,0.000,0,24,0,8,8,3,100,0,0
1773399124.020169,150.172,0.000,0,24,0,8,8,3,100,0,0
1773399126.019904,150.172,0.000,0,24,0,8,8,3,100,0,0
1773399128.020625,150.172,0.000,0,24,0,8,8,3,100,0,0
1773399130.020741,150.172,0.000,0,24,0,8,8,3,100,0,0
1773399132.020787,150.172,0.000,0,24,0,8,8,3,100,0,0
1773399134.019258,150.172,0.000,0,24,0,8,8,3,100,0,0
1773399136.019954,150.172,0.000,0,24,0,8,8,3,100,0,0
1773399138.018986,150.176,0.000,0,24,0,8,8,3,100,0,0
1773399140.020069,150.176,0.000,0,24,0,8,8,3,100,0,0
1773399142.021217,150.176,0.000,0,24,0,8,8,3,100,0,0
1773399144.021756,150.176,0.000,0,24,0,8,8,3,100,0,0
1773399146.020552,150.176,0.000,0,24,0,8,8,3,100,0,0
1773399148.020897,150.176,0.000,0,24,0,8,8,3,100,0,0
1773399150.020857,150.176,0.000,0,24,0,8,8,3,100,0,0
1773399152.020057,150.176,0.000,0,24,0,8,8,3,100,0,0
1773399154.021092,150.180,0.000,0,24,0,8,8,3,100,0,0
1773399156.020228,150.180,0.000,0,24,0,8,8,3,100,0,0
1773399158.021482,150.184,0.000,0,24,0,8,8,3,100,0,0
1773399160.022135,150.184,0.000,0,24,0,8,8,3,100,0,0
1773399162.019028,150.184,0.000,0,24,0,8,8,3,100,0,0
1773399164.019484,150.184,0.000,0,24,0,8,8,3,100,0,0
1773399166.020885,150.184,0.000,0,24,0,8,8,3,100,0,0
1773399168.019355,150.184,0.000,0,24,0,8,8,3,100,0,0
1773399170.020589,150.184,0.000,0,24,0,8,8,3,100,0,0
1773399172.020216,150.188,0.000,0,24,0,8,8,3,100,0,0
1773399174.019882,150.188,0.000,0,24,0,8,8,3,100,0,0
1773399176.020587,150.188,0.000,0,24,0,8,8,3,100,0,0
1773399178.020921,150.191,0.000,0,24,0,8,8,3,100,0,0
1773399180.019359,150.191,0.000,0,24,0,8,8,3,100,0,0
1773399182.019549,150.191,0.000,0,24,0,8,8,3,100,0,0
1773399184.019592,150.191,0.000,0,24,0,8,8,3,100,0,0
1773399186.021236,150.191,0.000,0,24,0,8,8,3,100,0,0
1773399188.020375,150.191,0.000,0,24,0,8,8,3,100,0,0
1773399190.019669,150.191,0.000,0,24,0,8,8,3,100,0,0
1773399192.021498,150.191,0.000,0,24,0,8,8,3,100,0,0
1773399194.019606,150.191,0.000,0,24,0,8,8,3,100,0,0
1773399196.020689,150.191,0.000,0,24,0,8,8,3,100,0,0
1773399198.019140,150.195,0.000,0,24,0,8,8,3,100,0,0
1773399200.020969,150.195,0.000,0,24,0,8,8,3,100,0,0
1773399202.019658,150.195,0.000,0,24,0,8,8,3,100,0,0
1773399204.020809,150.195,0.000,0,24,0,8,8,3,100,0,0
1773399206.021153,150.195,0.000,0,24,0,8,8,3,100,0,0
1773399208.020811,150.195,0.000,0,24,0,8,8,3,100,0,0
1773399210.021564,150.195,0.000,0,24,0,8,8,3,100,0,0
1773399212.020013,150.195,0.000,0,24,0,8,8,3,100,0,0
1773399214.021909,150.195,0.000,0,24,0,8,8,3,100,0,0
1773399216.020311,150.195,0.000,0,24,0,8,8,3,100,0,0
1773399218.021379,150.199,0.000,0,24,0,8,8,3,100,0,0
1773399220.019188,150.199,0.000,0,24,0,8,8,3,100,0,0
1773399222.019755,150.203,0.000,0,24,0,8,8,3,100,0,0
1773399224.019216,150.203,0.000,0,24,0,8,8,3,100,0,0
1773399226.019884,150.203,0.000,0,24,0,8,8,3,100,0,0
1773399228.021647,150.203,0.000,0,24,0,8,8,3,100,0,0
1773399230.019770,150.203,0.000,0,24,0,8,8,3,100,0,0
1773399232.019503,150.203,0.000,0,24,0,8,8,3,100,0,0
1773399234.019584,150.203,0.000,0,24,0,8,8,3,100,0,0
1773399236.019049,150.203,0.000,0,24,0,8,8,3,100,0,0
1773399238.019492,150.207,0.000,0,24,0,8,8,3,100,0,0
1773399240.021339,150.207,0.000,0,24,0,8,8,3,100,0,0
1773399242.021705,150.207,0.000,0,24,0,8,8,3,100,0,0
1773399244.019747,150.207,0.000,0,24,0,8,8,3,100,0,0
1773399246.021029,150.207,0.000,0,24,0,8,8,3,100,0,0
1773399248.019153,150.207,0.000,0,24,0,8,8,3,100,0,0
1773399250.019418,150.207,0.000,0,24,0,8,8,3,100,0,0
1773399252.020157,150.207,0.000,0,24,0,8,8,3,100,0,0
1773399254.021228,150.207,0.000,0,24,0,8,8,3,100,0,0
1773399256.021948,150.207,0.000,0,24,0,8,8,3,100,0,0
1773399258.019700,150.211,0.000,0,24,0,8,8,3,100,0,0
1773399260.020809,150.211,0.000,0,24,0,8,8,3,100,0,0
1773399262.021459,150.211,0.000,0,24,0,8,8,3,100,0,0
1773399264.021995,150.211,0.000,0,24,0,8,8,3,100,0,0
1773399266.021752,150.211,0.000,0,24,0,8,8,3,100,0,0
1773399268.021570,150.211,0.000,0,24,0,8,8,3,100,0,0
1773399270.021299,150.211,0.000,0,24,0,8,8,3,100,0,0
1773399272.020746,150.211,0.000,0,24,0,8,8,3,100,0,0
1773399274.020513,150.211,0.000,0,24,0,8,8,3,100,0,0
1773399276.020300,150.211,0.000,0,24,0,8,8,3,100,0,0
1773399278.019728,150.215,0.000,0,24,0,8,8,3,100,0,0
1773399280.019229,150.215,0.000,0,24,0,8,8,3,100,0,0
1773399282.019225,150.215,0.000,0,24,0,8,8,3,100,0,0
1773399284.021776,150.215,0.000,0,24,0,8,8,3,100,0,0
1773399286.019569,150.215,0.000,0,24,0,8,8,3,100,0,0
1773399288.020915,150.215,0.000,0,24,0,8,8,3,100,0,0
1773399290.020809,150.215,0.000,0,24,0,8,8,3,100,0,0
1773399292.020966,150.215,0.000,0,24,0,8,8,3,100,0,0
1773399294.020817,150.215,0.000,0,24,0,8,8,3,100,0,0
1773399296.019384,150.219,0.000,0,24,0,8,8,3,100,0,0
1773399298.020659,150.266,0.000,0,24,0,8,8,3,100,0,0
1773399300.020759,150.270,0.000,0,24,0,8,8,3,100,0,0
1773399302.021117,150.254,0.000,0,24,0,8,8,3,100,0,0
1773399304.021156,150.246,0.000,0,24,0,8,8,3,100,0,0
1773399306.020674,150.246,0.000,0,24,0,8,8,3,100,0,0
1773399308.020231,150.246,0.000,0,24,0,8,8,3,100,0,0
1773399310.019983,150.246,0.000,0,24,0,8,8,3,100,0,0
1773399312.021474,150.246,0.000,0,24,0,8,8,3,100,0,0
1773399314.019666,150.246,0.000,0,24,0,8,8,3,100,0,0
1773399316.019944,150.246,0.000,0,24,0,8,8,3,100,0,0
1773399318.022165,150.250,0.000,0,24,0,8,8,3,100,0,0
1773399320.021000,150.250,0.000,0,24,0,8,8,3,100,0,0
1773399322.021212,150.250,0.000,0,24,0,8,8,3,100,0,0
1773399324.019238,150.250,0.000,0,24,0,8,8,3,100,0,0
1773399326.020397,150.250,0.000,0,24,0,8,8,3,100,0,0
1773399328.021118,150.250,0.000,0,24,0,8,8,3,100,0,0
1773399330.020750,150.250,0.000,0,24,0,8,8,3,100,0,0
1773399332.035368,150.250,0.000,0,24,0,8,8,3,100,0,0
1773399334.035975,150.250,0.000,0,24,0,8,8,3,100,0,0
1773399336.035153,150.250,0.000,0,24,0,8,8,3,100,0,0
1773399338.034938,150.254,0.000,0,24,0,8,8,3,100,0,0
1773399340.034993,150.254,0.000,0,24,0,8,8,3,100,0,0
1773399342.035088,150.254,0.000,0,24,0,8,8,3,100,0,0
1773399344.035422,150.254,0.000,0,24,0,8,8,3,100,0,0
1773399346.036133,150.254,0.000,0,24,0,8,8,3,100,0,0
1773399348.035724,150.254,0.000,0,24,0,8,8,3,100,0,0
1773399350.035425,150.254,0.000,0,24,0,8,8,3,100,0,0
1773399352.035566,150.254,0.000,0,24,0,8,8,3,100,0,0
1773399354.034929,150.254,0.000,0,24,0,8,8,3,100,0,0
1773399356.034781,150.254,0.000,0,24,0,8,8,3,100,0,0
1773399358.035146,150.258,0.000,0,24,0,8,8,3,100,0,0
1773399360.035326,150.258,0.000,0,24,0,8,8,3,100,0,0
1773399362.035129,150.258,0.000,0,24,0,8,8,3,100,0,0
1773399364.034678,150.258,0.000,0,24,0,8,8,3,100,0,0
1773399418.722402,150.152,0.000,0,24,0,8,8,3,100,0,0
1773399420.709900,150.164,0.000,0,24,0,8,8,3,100,0,0
1773399422.709822,150.164,0.000,0,24,0,8,8,3,100,0,0
1773399424.706406,150.168,0.000,0,24,0,8,8,3,100,0,0
1773399426.710628,150.168,0.000,0,24,0,8,8,3,100,0,0
1773399428.709979,150.168,0.000,0,24,0,8,8,3,100,0,0
1773399430.709747,150.168,0.000,0,24,0,8,8,3,100,0,0
1773399432.710763,150.168,0.000,0,24,0,8,8,3,100,0,0
1773399434.710127,150.172,0.000,0,24,0,8,8,3,100,0,0
1773399436.709938,150.172,0.000,0,24,0,8,8,3,100,0,0
1773399438.723137,150.172,0.000,0,24,0,8,8,3,100,0,0
1773399440.722538,150.172,0.000,0,24,0,8,8,3,100,0,0
1773399442.722757,150.172,0.000,0,24,0,8,8,3,100,0,0
1773399444.723123,149.918,0.000,0,24,0,8,8,3,100,0,0
1773399446.722591,149.918,0.000,0,24,0,8,8,3,100,0,0
1773399448.723291,149.918,0.000,0,24,0,8,8,3,100,0,0
1773399450.722597,149.918,0.000,0,24,0,8,8,3,100,0,0
1773399452.723280,149.918,0.000,0,24,0,8,8,3,100,0,0
1773399454.722914,150.012,0.000,0,24,0,8,8,3,100,0,0
1773399456.722749,150.016,0.000,0,24,0,8,8,3,100,0,0
1773399458.722636,150.016,0.000,0,24,0,8,8,3,100,0,0
1773399460.722192,150.016,0.000,0,24,0,8,8,3,100,0,0
1773399462.722512,150.020,0.000,0,24,0,8,8,3,100,0,0
1773399464.722730,150.020,0.000,0,24,0,8,8,3,100,0,0
1773399466.722897,150.020,0.000,0,24,0,8,8,3,100,0,0
1773399468.722729,150.020,0.000,0,24,0,8,8,3,100,0,0
1773399470.723463,150.020,0.000,0,24,0,8,8,3,100,0,0
1773399472.723453,150.023,0.000,0,24,0,8,8,3,100,0,0
1773399474.722962,149.988,0.000,0,24,0,8,8,3,100,0,0
1773399476.722622,149.988,0.000,0,24,0,8,8,3,100,0,0
1773399478.723208,149.988,0.000,0,24,0,8,8,3,100,0,0
1773399480.723420,149.988,0.000,0,24,0,8,8,3,100,0,0
1773399482.723378,149.988,0.000,0,24,0,8,8,3,100,0,0
1773399484.722626,149.988,0.000,0,24,0,8,8,3,100,0,0
1773399486.722765,149.988,0.000,0,24,0,8,8,3,100,0,0
1773399488.723006,149.988,0.000,0,24,0,8,8,3,100,0,0
1773399490.723525,149.988,0.000,0,24,0,8,8,3,100,0,0
1773399492.722570,149.988,0.000,0,24,0,8,8,3,100,0,0
1773399494.722675,149.992,0.000,0,24,0,8,8,3,100,0,0
1773399496.723449,149.992,0.000,0,24,0,8,8,3,100,0,0
1773399498.740063,149.992,0.000,0,24,0,8,8,3,100,0,0
1773399500.740731,149.992,0.000,0,24,0,8,8,3,100,0,0
1773399502.738183,149.992,0.000,0,24,0,8,8,3,100,0,0
1773399504.741392,149.973,0.000,0,24,0,8,8,3,100,0,0
1773399506.755001,149.973,0.000,0,24,0,8,8,3,100,0,0
1773399508.754600,149.973,0.000,0,24,0,8,8,3,100,0,0
1773399516.956374,149.137,0.000,0,24,0,8,8,3,100,0,0
1773399518.941020,148.973,0.000,0,24,0,8,8,3,100,0,0
1773399520.941659,148.973,0.000,0,24,0,8,8,3,100,0,0
1773399522.944865,148.973,0.000,0,24,0,8,8,3,100,0,0
1773399524.944010,148.973,0.000,0,24,0,8,8,3,100,0,0
1773399526.942572,148.973,0.000,0,24,0,8,8,3,100,0,0
1773399528.941633,148.973,0.000,0,24,0,8,8,3,100,0,0
1773399530.941510,148.973,0.000,0,24,0,8,8,3,100,0,0
1773399532.940663,148.977,0.000,0,24,0,8,8,3,100,0,0
1773399534.942685,148.977,0.000,0,24,0,8,8,3,100,0,0
1773399536.941907,148.977,0.000,0,24,0,8,8,3,100,0,0
1773399538.941542,148.980,0.000,0,24,0,8,8,3,100,0,0
1773399540.941577,148.980,0.000,0,24,0,8,8,3,100,0,0
1773399542.942093,148.727,0.000,0,24,0,8,8,3,100,0,0
1773399544.943768,148.727,0.000,0,24,0,8,8,3,100,0,0
1773399546.941124,148.727,0.000,0,24,0,8,8,3,100,0,0
1773399548.940701,148.727,0.000,0,24,0,8,8,3,100,0,0
1773399550.941535,148.727,0.000,0,24,0,8,8,3,100,0,0
1773399552.941482,148.730,0.000,0,24,0,8,8,3,100,0,0
1773399554.940753,148.730,0.000,0,24,0,8,8,3,100,0,0
1773399556.941160,148.730,0.000,0,24,0,8,8,3,100,0,0
1773399558.942098,148.730,0.000,0,24,0,8,8,3,100,0,0
1773399560.941251,148.734,0.000,0,24,0,8,8,3,100,0,0
1773399591.506327,149.258,0.000,0,24,0,8,8,3,100,0,0
1773399664.382620,145.961,0.000,0,24,0,8,8,3,100,0,0
1773399731.427202,146.012,0.000,0,24,0,8,8,3,100,0,0
1773399733.394468,146.012,0.000,0,24,0,8,8,3,100,0,0
1773399735.396785,146.016,0.000,0,24,0,8,8,3,100,0,0
1773399737.395022,146.016,0.000,0,24,0,8,8,3,100,0,0
1773399739.394992,146.016,0.000,0,24,0,8,8,3,100,0,0
1773399741.394166,146.141,0.000,0,24,0,8,8,3,100,0,0
1773399743.395090,146.141,0.000,0,24,0,8,8,3,100,0,0
1773399745.394255,146.141,0.000,0,24,0,8,8,3,100,0,0
1773399747.394523,146.145,0.000,0,24,0,8,8,3,100,0,0
1773399749.394876,146.145,0.000,0,24,0,8,8,3,100,0,0
1773399751.394248,146.145,0.000,0,24,0,8,8,3,100,0,0
1773399753.394471,146.148,0.000,0,24,0,8,8,3,100,0,0
1773399755.394146,146.148,0.000,0,24,0,8,8,3,100,0,0
1773399757.394448,146.148,0.000,0,24,0,8,8,3,100,0,0
1773399759.394321,146.207,0.000,0,24,0,8,8,3,100,0,0
1773399761.394166,146.125,0.000,0,24,0,8,8,3,100,0,0
1773399763.394857,146.129,0.000,0,24,0,8,8,3,100,0,0
1773399765.393891,146.129,0.000,0,24,0,8,8,3,100,0,0
1773399767.394373,146.133,0.000,0,24,0,8,8,3,100,0,0
1773399769.394123,146.137,0.000,0,24,0,8,8,3,100,0,0
1773399771.394360,146.137,0.000,0,24,0,8,8,3,100,0,0
1773399773.394851,146.137,0.000,0,24,0,8,8,3,100,0,0
1773399775.394274,146.141,0.000,0,24,0,8,8,3,100,0,0
1773399777.395253,146.141,0.000,0,24,0,8,8,3,100,0,0
1773399779.394400,146.141,0.000,0,24,0,8,8,3,100,0,0
1773399781.394069,146.141,0.000,0,24,0,8,8,3,100,0,0
1773399783.393763,146.141,0.000,0,24,0,8,8,3,100,0,0
1773399785.394331,146.145,0.000,0,24,0,8,8,3,100,0,0
1773399787.394565,146.109,0.000,0,24,0,8,8,3,100,0,0
1773399789.395637,146.121,0.000,0,24,0,8,8,3,100,0,0
1773399791.394749,146.121,0.000,0,24,0,8,8,3,100,0,0
1773399793.395211,146.121,0.000,0,24,0,8,8,3,100,0,0
1773399795.394308,146.121,0.000,0,24,0,8,8,3,100,0,0
1773399797.394559,146.121,0.000,0,24,0,8,8,3,100,0,0
1773399799.394123,146.121,0.000,0,24,0,8,8,3,100,0,0
1773399801.394868,146.121,0.000,0,24,0,8,8,3,100,0,0
1773399803.393870,146.121,0.000,0,24,0,8,8,3,100,0,0
1773399805.394977,146.121,0.000,0,24,0,8,8,3,100,0,0
1773399807.396573,146.129,0.000,0,24,0,8,8,3,100,0,0
1773399809.394346,146.129,0.000,0,24,0,8,8,3,100,0,0
1773399811.394353,146.129,0.000,0,24,0,8,8,3,100,0,0
1773399813.394149,146.129,0.000,0,24,0,8,8,3,100,0,0
1773399815.394141,146.129,0.000,0,24,0,8,8,3,100,0,0
1773399817.395035,146.109,0.000,0,24,0,8,8,3,100,0,0
1773399819.395406,146.109,0.000,0,24,0,8,8,3,100,0,0
1773399821.395489,146.109,0.000,0,24,0,8,8,3,100,0,0
1773399823.395908,146.109,0.000,0,24,0,8,8,3,100,0,0
1773399825.394806,146.109,0.000,0,24,0,8,8,3,100,0,0
1773399827.394729,146.113,0.000,0,24,0,8,8,3,100,0,0
1773399829.394102,146.113,0.000,0,24,0,8,8,3,100,0,0
1773399831.394727,146.113,0.000,0,24,0,8,8,3,100,0,0
1773399833.394845,146.113,0.000,0,24,0,8,8,3,100,0,0
1773399835.394536,146.113,0.000,0,24,0,8,8,3,100,0,0
1773399837.394529,146.113,0.000,0,24,0,8,8,3,100,0,0
1773399839.394249,146.113,0.000,0,24,0,8,8,3,100,0,0
1773399841.394217,146.113,0.000,0,24,0,8,8,3,100,0,0
1773399843.394063,146.113,0.000,0,24,0,8,8,3,100,0,0
1773399845.394158,146.113,0.000,0,24,0,8,8,3,100,0,0
1773399847.395026,146.117,0.000,0,24,0,8,8,3,100,0,0
1773399849.394470,146.121,0.000,0,24,0,8,8,3,100,0,0
1773399851.395137,146.121,0.000,0,24,0,8,8,3,100,0,0
1773399853.411420,146.121,0.000,0,24,0,8,8,3,100,0,0
1773399855.411439,146.121,0.000,0,24,0,8,8,3,100,0,0
1773399857.410044,146.121,0.000,0,24,0,8,8,3,100,0,0
1773399859.411094,146.121,0.000,0,24,0,8,8,3,100,0,0
1773399861.409854,146.121,0.000,0,24,0,8,8,3,100,0,0
1773399863.411454,146.121,0.000,0,24,0,8,8,3,100,0,0
1773399865.409803,146.121,0.000,0,24,0,8,8,3,100,0,0
1773399867.411428,146.125,0.000,0,24,0,8,8,3,100,0,0
1773399869.411604,146.125,0.000,0,24,0,8,8,3,100,0,0
1773399871.409815,146.125,0.000,0,24,0,8,8,3,100,0,0
1773399873.411242,146.125,0.000,0,24,0,8,8,3,100,0,0
1773399875.410511,146.125,0.000,0,24,0,8,8,3,100,0,0
1773399877.411625,146.125,0.000,0,24,0,8,8,3,100,0,0
1773399879.425742,146.125,0.000,0,24,0,8,8,3,100,0,0
1773399881.426311,146.125,0.000,0,24,0,8,8,3,100,0,0
1773399883.425416,146.125,0.000,0,24,0,8,8,3,100,0,0
1773399885.425086,146.125,0.000,0,24,0,8,8,3,100,0,0
1773399887.432302,146.133,0.000,0,24,0,8,8,3,100,0,0
1773399889.425500,146.133,0.000,0,24,0,8,8,3,100,0,0
1773399891.431368,146.133,0.000,0,24,0,8,8,3,100,0,0
1773399893.430983,146.133,0.000,0,24,0,8,8,3,100,0,0
1773399895.425926,146.133,0.000,0,24,0,8,8,3,100,0,0
1773399897.425765,146.133,0.000,0,24,0,8,8,3,100,0,0
1773399899.426339,146.133,0.000,0,24,0,8,8,3,100,0,0
1773399901.425977,146.133,0.000,0,24,0,8,8,3,100,0,0
1773399903.425949,146.137,0.000,0,24,0,8,8,3,100,0,0
1773399905.426563,146.137,0.000,0,24,0,8,8,3,100,0,0
1773399907.426131,146.141,0.000,0,24,0,8,8,3,100,0,0
1773399909.425334,146.141,0.000,0,24,0,8,8,3,100,0,0
1773399911.425614,146.141,0.000,0,24,0,8,8,3,100,0,0
1773399913.425733,146.141,0.000,0,24,0,8,8,3,100,0,0
1773399915.432922,146.141,0.000,0,24,0,8,8,3,100,0,0
1773399917.426872,146.141,0.000,0,24,0,8,8,3,100,0,0
1773399919.426563,146.141,0.000,0,24,0,8,8,3,100,0,0
1773399921.425701,146.141,0.000,0,24,0,8,8,3,100,0,0
1773399923.426779,146.141,0.000,0,24,0,8,8,3,100,0,0
1773399925.425346,146.141,0.000,0,24,0,8,8,3,100,0,0
1773399927.426058,146.145,0.000,0,24,0,8,8,3,100,0,0
1773399929.426435,146.145,0.000,0,24,0,8,8,3,100,0,0
1773399931.425847,146.145,0.000,0,24,0,8,8,3,100,0,0
1773399933.425299,146.145,0.000,0,24,0,8,8,3,100,0,0
1773399935.425623,146.145,0.000,0,24,0,8,8,3,100,0,0
1773399937.426479,146.145,0.000,0,24,0,8,8,3,100,0,0
1773399939.425705,146.145,0.000,0,24,0,8,8,3,100,0,0
1773399941.425833,146.145,0.000,0,24,0,8,8,3,100,0,0
1773399943.425892,146.145,0.000,0,24,0,8,8,3,100,0,0
1773399945.427026,146.145,0.000,0,24,0,8,8,3,100,0,0
1773399947.426008,146.148,0.000,0,24,0,8,8,3,100,0,0
1773399949.425948,146.148,0.000,0,24,0,8,8,3,100,0,0
1773399951.426067,146.148,0.000,0,24,0,8,8,3,100,0,0
1773399953.440696,146.148,0.000,0,24,0,8,8,3,100,0,0
1773399955.425232,146.148,0.000,0,24,0,8,8,3,100,0,0
1773399957.425496,146.148,0.000,0,24,0,8,8,3,100,0,0
1773399959.426832,146.148,0.000,0,24,0,8,8,3,100,0,0
1773399961.427077,146.148,0.000,0,24,0,8,8,3,100,0,0
1773399963.430913,146.148,0.000,0,24,0,8,8,3,100,0,0
1773399965.425658,146.148,0.000,0,24,0,8,8,3,100,0,0
1773399967.426443,146.152,0.000,0,24,0,8,8,3,100,0,0
1773399969.426390,146.156,0.000,0,24,0,8,8,3,100,0,0
1773399971.426182,146.156,0.000,0,24,0,8,8,3,100,0,0
1773399973.426701,146.156,0.000,0,24,0,8,8,3,100,0,0
1773399975.425556,146.156,0.000,0,24,0,8,8,3,100,0,0
1773399977.425336,146.156,0.000,0,24,0,8,8,3,100,0,0
1773399979.426971,146.156,0.000,0,24,0,8,8,3,100,0,0
1773399981.432384,146.156,0.000,0,24,0,8,8,3,100,0,0
1773399983.426352,146.156,0.000,0,24,0,8,8,3,100,0,0
1773399985.431841,146.156,0.000,0,24,0,8,8,3,100,0,0
1773399987.425544,146.160,0.000,0,24,0,8,8,3,100,0,0
1773399989.426138,146.160,0.000,0,24,0,8,8,3,100,0,0
1773399991.426286,146.160,0.000,0,24,0,8,8,3,100,0,0
1773399993.425453,146.160,0.000,0,24,0,8,8,3,100,0,0
1773399995.426115,146.160,0.000,0,24,0,8,8,3,100,0,0
1773399997.431106,146.160,0.000,0,24,0,8,8,3,100,0,0
1773399999.426387,146.160,0.000,0,24,0,8,8,3,100,0,0
1773400001.426150,146.160,0.000,0,24,0,8,8,3,100,0,0
1773400003.426216,146.160,0.000,0,24,0,8,8,3,100,0,0
1773400005.425821,146.160,0.000,0,24,0,8,8,3,100,0,0
1773400007.426405,146.164,0.000,0,24,0,8,8,3,100,0,0
1773400009.426229,146.164,0.000,0,24,0,8,8,3,100,0,0
1773400011.426283,146.164,0.000,0,24,0,8,8,3,100,0,0
1773400013.426864,146.164,0.000,0,24,0,8,8,3,100,0,0
1773400015.426141,146.164,0.000,0,24,0,8,8,3,100,0,0
1773400017.426095,146.164,0.000,0,24,0,8,8,3,100,0,0
1773400019.425800,146.164,0.000,0,24,0,8,8,3,100,0,0
1773400021.425794,146.164,0.000,0,24,0,8,8,3,100,0,0
1773400023.425174,146.164,0.000,0,24,0,8,8,3,100,0,0
1773400025.426394,146.164,0.000,0,24,0,8,8,3,100,0,0
1773400027.425652,146.176,0.000,0,24,0,8,8,3,100,0,0
1773400029.425969,146.176,0.000,0,24,0,8,8,3,100,0,0
1773400031.425436,146.168,0.000,0,24,0,8,8,3,100,0,0
1773400033.426286,146.168,0.000,0,24,0,8,8,3,100,0,0
1773400035.425409,146.168,0.000,0,24,0,8,8,3,100,0,0
1773400037.425951,146.168,0.000,0,24,0,8,8,3,100,0,0
1773400039.425905,146.168,0.000,0,24,0,8,8,3,100,0,0
1773400041.426572,146.168,0.000,0,24,0,8,8,3,100,0,0
1773400043.426535,146.168,0.000,0,24,0,8,8,3,100,0,0
1773400045.425723,146.168,0.000,0,24,0,8,8,3,100,0,0
1773400047.425958,146.172,0.000,0,24,0,8,8,3,100,0,0
1773400049.425967,146.172,0.000,0,24,0,8,8,3,100,0,0
1773400051.426005,146.172,0.000,0,24,0,8,8,3,100,0,0
1773400053.426405,146.172,0.000,0,24,0,8,8,3,100,0,0
1773400055.426566,146.172,0.000,0,24,0,8,8,3,100,0,0
1773400057.425707,146.172,0.000,0,24,0,8,8,3,100,0,0
1773400059.426618,146.172,0.000,0,24,0,8,8,3,100,0,0
1773400061.426349,146.172,0.000,0,24,0,8,8,3,100,0,0
1773400063.426738,146.172,0.000,0,24,0,8,8,3,100,0,0
1773400065.432246,146.172,0.000,0,24,0,8,8,3,100,0,0
1773400067.425423,146.176,0.000,0,24,0,8,8,3,100,0,0
1773400069.426114,146.176,0.000,0,24,0,8,8,3,100,0,0
1773400071.425867,146.176,0.000,0,24,0,8,8,3,100,0,0
1773400073.425628,146.176,0.000,0,24,0,8,8,3,100,0,0
1773400075.431126,146.176,0.000,0,24,0,8,8,3,100,0,0
1773400077.425730,146.176,0.000,0,24,0,8,8,3,100,0,0
1773400079.425889,146.176,0.000,0,24,0,8,8,3,100,0,0
1773400081.425433,146.176,0.000,0,24,0,8,8,3,100,0,0
1773400083.425988,146.176,0.000,0,24,0,8,8,3,100,0,0
1773400085.426247,146.180,0.000,0,24,0,8,8,3,100,0,0
1773400087.426083,146.180,0.000,0,24,0,8,8,3,100,0,0
1773400089.425612,146.184,0.000,0,24,0,8,8,3,100,0,0
1773400091.425337,146.184,0.000,0,24,0,8,8,3,100,0,0
1773400093.425498,146.184,0.000,0,24,0,8,8,3,100,0,0
1773400095.426267,146.184,0.000,0,24,0,8,8,3,100,0,0
1773400097.426732,146.184,0.000,0,24,0,8,8,3,100,0,0
1773400099.425704,146.184,0.000,0,24,0,8,8,3,100,0,0
1773400101.426070,146.184,0.000,0,24,0,8,8,3,100,0,0
1773400103.426019,146.184,0.000,0,24,0,8,8,3,100,0,0
1773400105.425730,146.184,0.000,0,24,0,8,8,3,100,0,0
1773400107.426000,146.184,0.000,0,24,0,8,8,3,100,0,0
1773400109.425523,146.188,0.000,0,24,0,8,8,3,100,0,0
1773400111.427171,146.188,0.000,0,24,0,8,8,3,100,0,0
1773400113.431309,146.188,0.000,0,24,0,8,8,3,100,0,0
1773400115.425779,146.188,0.000,0,24,0,8,8,3,100,0,0
1773400117.425563,146.188,0.000,0,24,0,8,8,3,100,0,0
1773400119.425509,146.188,0.000,0,24,0,8,8,3,100,0,0
1773400121.425669,146.188,0.000,0,24,0,8,8,3,100,0,0
1773400123.425173,146.188,0.000,0,24,0,8,8,3,100,0,0
1773400125.431592,146.188,0.000,0,24,0,8,8,3,100,0,0
1773400127.425476,146.188,0.000,0,24,0,8,8,3,100,0,0
1773400129.426130,146.191,0.000,0,24,0,8,8,3,100,0,0
1773400131.425764,146.191,0.000,0,24,0,8,8,3,100,0,0
1773400133.425510,146.191,0.000,0,24,0,8,8,3,100,0,0
1773400135.425966,146.191,0.000,0,24,0,8,8,3,100,0,0
1773400137.425204,146.191,0.000,0,24,0,8,8,3,100,0,0
1773400139.425993,146.191,0.000,0,24,0,8,8,3,100,0,0
1773400141.425682,146.191,0.000,0,24,0,8,8,3,100,0,0
1773400143.425558,146.191,0.000,0,24,0,8,8,3,100,0,0
1773400145.426207,146.191,0.000,0,24,0,8,8,3,100,0,0
1773400147.426225,146.191,0.000,0,24,0,8,8,3,100,0,0
1773400149.426098,146.195,0.000,0,24,0,8,8,3,100,0,0
1773400151.426372,146.195,0.000,0,24,0,8,8,3,100,0,0
1773400153.426759,146.195,0.000,0,24,0,8,8,3,100,0,0
1773400155.427009,146.195,0.000,0,24,0,8,8,3,100,0,0
1773400157.425973,146.195,0.000,0,24,0,8,8,3,100,0,0
1773400159.425128,146.199,0.000,0,24,0,8,8,3,100,0,0
1773400161.426309,146.199,0.000,0,24,0,8,8,3,100,0,0
1773400163.425907,146.211,0.000,0,24,0,8,8,3,100,0,0
1773400165.425180,146.211,0.000,0,24,0,8,8,3,100,0,0
1773400167.426247,146.211,0.000,0,24,0,8,8,3,100,0,0
1773400169.426061,146.215,0.000,0,24,0,8,8,3,100,0,0
1773400171.426396,146.215,0.000,0,24,0,8,8,3,100,0,0
1773400173.426039,146.215,0.000,0,24,0,8,8,3,100,0,0
1773400175.425296,146.215,0.000,0,24,0,8,8,3,100,0,0
1773400177.426137,146.215,0.000,0,24,0,8,8,3,100,0,0
1773400179.425302,146.215,0.000,0,24,0,8,8,3,100,0,0
1773400181.426725,146.215,0.000,0,24,0,8,8,3,100,0,0
1773400183.425443,146.215,0.000,0,24,0,8,8,3,100,0,0
1773400185.430996,146.215,0.000,0,24,0,8,8,3,100,0,0
1773400187.425100,146.215,0.000,0,24,0,8,8,3,100,0,0
1773400189.426814,146.219,0.000,0,24,0,8,8,3,100,0,0
1773400191.425364,146.219,0.000,0,24,0,8,8,3,100,0,0
1773400193.425393,146.219,0.000,0,24,0,8,8,3,100,0,0
1773400195.427054,146.219,0.000,0,24,0,8,8,3,100,0,0
1773400197.425144,146.219,0.000,0,24,0,8,8,3,100,0,0
1773400199.425587,146.219,0.000,0,24,0,8,8,3,100,0,0
1773400201.425968,146.219,0.000,0,24,0,8,8,3,100,0,0
1773400203.425821,146.219,0.000,0,24,0,8,8,3,100,0,0
1773400205.425072,146.219,0.000,0,24,0,8,8,3,100,0,0
1773400207.425765,146.219,0.000,0,24,0,8,8,3,100,0,0
1773400209.426393,146.223,0.000,0,24,0,8,8,3,100,0,0
1773400211.425757,146.223,0.000,0,24,0,8,8,3,100,0,0
1773400213.426125,146.223,0.000,0,24,0,8,8,3,100,0,0
1773400215.442712,146.223,0.000,0,24,0,8,8,3,100,0,0
1773400217.441508,146.223,0.000,0,24,0,8,8,3,100,0,0
1773400219.441485,146.223,0.000,0,24,0,8,8,3,100,0,0
1773400221.441280,146.223,0.000,0,24,0,8,8,3,100,0,0
1773400223.441435,146.223,0.000,0,24,0,8,8,3,100,0,0
1773400225.441505,146.223,0.000,0,24,0,8,8,3,100,0,0
1773400227.441129,146.223,0.000,0,24,0,8,8,3,100,0,0
1773400229.441823,146.227,0.000,0,24,0,8,8,3,100,0,0
1773400231.440932,146.227,0.000,0,24,0,8,8,3,100,0,0
1773400233.441440,146.227,0.000,0,24,0,8,8,3,100,0,0
1773400235.462977,146.227,0.000,0,24,0,8,8,3,100,0,0
1773400237.462461,146.227,0.000,0,24,0,8,8,3,100,0,0
1773400239.458234,146.227,0.000,0,24,0,8,8,3,100,0,0
1773400241.462777,146.227,0.000,0,24,0,8,8,3,100,0,0
1773400243.456389,146.227,0.000,0,24,0,8,8,3,100,0,0
1773400245.462179,146.227,0.000,0,24,0,8,8,3,100,0,0
1773400247.462229,146.227,0.000,0,24,0,8,8,3,100,0,0
1773400249.462965,146.234,0.000,0,24,0,8,8,3,100,0,0
1773400251.461277,146.234,0.000,0,24,0,8,8,3,100,0,0
1773400253.461646,146.234,0.000,0,24,0,8,8,3,100,0,0
1773400255.458398,146.234,0.000,0,24,0,8,8,3,100,0,0
1773400257.461560,146.234,0.000,0,24,0,8,8,3,100,0,0
1773400259.461706,146.234,0.000,0,24,0,8,8,3,100,0,0
1773400261.461263,146.234,0.000,0,24,0,8,8,3,100,0,0
1773400263.462259,146.234,0.000,0,24,0,8,8,3,100,0,0
1773400265.462217,146.234,0.000,0,24,0,8,8,3,100,0,0
1773400267.461208,146.234,0.000,0,24,0,8,8,3,100,0,0
1773400269.461310,146.238,0.000,0,24,0,8,8,3,100,0,0
1773400271.461101,146.238,0.000,0,24,0,8,8,3,100,0,0
1773400273.461970,146.238,0.000,0,24,0,8,8,3,100,0,0
1773400275.462226,146.238,0.000,0,24,0,8,8,3,100,0,0
1773400277.461703,146.238,0.000,0,24,0,8,8,3,100,0,0
1773400279.461391,146.238,0.000,0,24,0,8,8,3,100,0,0
1773400281.461579,146.238,0.000,0,24,0,8,8,3,100,0,0
1773400283.461722,146.238,0.000,0,24,0,8,8,3,100,0,0
1773400285.462358,146.238,0.000,0,24,0,8,8,3,100,0,0
1773400287.461492,146.242,0.000,0,24,0,8,8,3,100,0,0
1773400289.461415,146.242,0.000,0,24,0,8,8,3,100,0,0
1773400291.458986,146.246,0.000,0,24,0,8,8,3,100,0,0
1773400293.459974,146.246,0.000,0,24,0,8,8,3,100,0,0
1773400295.461524,146.246,0.000,0,24,0,8,8,3,100,0,0
1773400297.461212,146.246,0.000,0,24,0,8,8,3,100,0,0
1773400299.461713,146.246,0.000,0,24,0,8,8,3,100,0,0
1773400301.457095,146.246,0.000,0,24,0,8,8,3,100,0,0
1773400303.461138,146.246,0.000,0,24,0,8,8,3,100,0,0
1773400305.462312,146.246,0.000,0,24,0,8,8,3,100,0,0
1773400307.461182,146.246,0.000,0,24,0,8,8,3,100,0,0
1773400309.461331,146.246,0.000,0,24,0,8,8,3,100,0,0
1773400311.461936,146.250,0.000,0,24,0,8,8,3,100,0,0
1773400313.460663,146.250,0.000,0,24,0,8,8,3,100,0,0
1773400315.460937,146.250,0.000,0,24,0,8,8,3,100,0,0
1773400317.461068,146.250,0.000,0,24,0,8,8,3,100,0,0
1773400319.461379,146.250,0.000,0,24,0,8,8,3,100,0,0
1773400321.461989,146.250,0.000,0,24,0,8,8,3,100,0,0
1773400323.461286,146.250,0.000,0,24,0,8,8,3,100,0,0
1773400325.462271,146.250,0.000,0,24,0,8,8,3,100,0,0
1773400327.456691,146.250,0.000,0,24,0,8,8,3,100,0,0
1773400329.461254,146.250,0.000,0,24,0,8,8,3,100,0,0
1773400331.459604,146.254,0.000,0,24,0,8,8,3,100,0,0
1773406948.991516,150.637,0.000,0,24,0,8,8,3,100,0,0
1773406950.971684,150.648,0.000,0,24,0,8,8,3,100,0,0
1773406952.973265,150.652,0.000,0,24,0,8,8,3,100,0,0
1773406954.973202,150.656,0.000,0,24,0,8,8,3,100,0,0
1773406956.973261,150.656,0.000,0,24,0,8,8,3,100,0,0
1773406958.973193,150.684,0.000,0,24,0,8,8,3,100,0,0
1773406961.063185,159.980,0.000,0,24,0,8,8,3,100,0,0
1773406962.971911,165.473,0.017,0,24,0,8,8,3,100,0,0
1773406964.972170,165.781,0.025,0,24,0,8,8,3,100,0,0
1773406966.973617,165.859,0.017,0,24,0,8,8,3,100,0,0
1773406968.973958,165.922,0.018,0,24,0,8,8,3,100,0,0
1773406970.971989,165.969,0.014,0,24,0,8,8,3,100,0,0
1773406972.973104,165.719,0.016,0,24,0,8,8,3,100,0,0
1773406974.972176,165.727,0.025,0,24,0,8,8,3,100,0,0
1773406976.971342,165.727,0.025,0,24,0,8,8,3,100,0,0
1773406978.973090,165.730,0.019,0,24,0,8,8,3,100,0,0
1773406980.971419,165.770,0.018,0,24,0,8,8,3,100,0,0
1773406982.973831,165.785,0.018,0,24,0,8,8,3,100,0,0
1773406984.973014,165.793,0.020,0,24,0,8,8,3,100,0,0
1773406986.973307,165.801,0.019,0,24,0,8,8,3,100,0,0
1773406988.972582,165.809,0.020,0,24,0,8,8,3,100,0,0
1773406990.974272,165.820,0.015,0,24,0,8,8,3,100,0,0
1773406992.972959,165.840,0.018,0,24,0,8,8,3,100,0,0
1773406994.974134,165.848,0.017,0,24,0,8,8,3,100,0,0
1773406996.972526,165.848,0.016,0,24,0,8,8,3,100,0,0
1773406998.974463,165.883,0.028,0,24,0,8,8,3,100,0,0
1773407000.971945,166.070,0.019,0,24,0,8,8,3,100,0,0
1773407002.972959,166.137,0.018,0,24,0,8,8,3,100,0,0
1773407004.972676,166.309,0.018,0,24,0,8,8,3,100,0,0
1773407006.971515,166.355,0.018,0,24,0,8,8,3,100,0,0
1773407008.971214,166.359,0.016,0,24,0,8,8,3,100,0,0
1773407010.973594,166.328,0.015,0,24,0,8,8,3,100,0,0
1773407012.973342,166.398,0.015,0,24,0,8,8,3,100,0,0
1773407014.971257,166.363,0.017,0,24,0,8,8,3,100,0,0
1773407016.973323,166.363,0.016,0,24,0,8,8,3,100,0,0
1773407018.973107,166.371,0.018,0,24,0,8,8,3,100,0,0
1773407020.972502,166.383,0.019,0,24,0,8,8,3,100,0,0
1773407022.974252,166.414,0.018,0,24,0,8,8,3,100,0,0
1773407024.971640,166.414,0.021,0,24,0,8,8,3,100,0,0
1773407026.973878,166.383,0.018,0,24,0,8,8,3,100,0,0
1773407028.973520,166.406,0.018,0,24,0,8,8,3,100,0,0
1773407030.972449,166.406,0.018,0,24,0,8,8,3,100,0,0
1773407032.973135,166.406,0.013,0,24,0,8,8,3,100,0,0
1773407034.972945,166.406,0.015,0,24,0,8,8,3,100,0,0
1773407036.973055,166.414,0.023,0,24,0,8,8,3,100,0,0
1773407038.972211,166.395,0.020,0,24,0,8,8,3,100,0,0
1773407040.974006,166.414,0.025,0,24,0,8,8,3,100,0,0
1773407042.973409,166.414,0.016,0,24,0,8,8,3,100,0,0
1773407044.973077,166.414,0.017,0,24,0,8,8,3,100,0,0
1773407046.974330,166.414,0.021,0,24,0,8,8,3,100,0,0
1773407048.972887,166.414,0.015,0,24,0,8,8,3,100,0,0
1773407050.971199,166.414,0.016,0,24,0,8,8,3,100,0,0
1773407052.972007,166.414,0.015,0,24,0,8,8,3,100,0,0
1773407054.972496,166.434,0.019,0,24,0,8,8,3,100,0,0
1773407056.972438,166.434,0.018,0,24,0,8,8,3,100,0,0
1773407058.973522,166.434,0.017,0,24,0,8,8,3,100,0,0
1773407060.973577,166.434,0.018,0,24,0,8,8,3,100,0,0
1773407062.972806,166.438,0.023,0,24,0,8,8,3,100,0,0
1773407064.972255,166.441,0.015,0,24,0,8,8,3,100,0,0
1773407066.973511,166.434,0.018,0,24,0,8,8,3,100,0,0
1773407068.972956,169.746,0.772,5,24,0,8,8,3,100,0,0
1773407070.973407,170.121,2.806,24,24,73,2,2,1,100,1,0
1773407072.975678,170.285,3.818,24,24,177,2,2,1,100,1,0
1773407074.981420,170.508,6.050,24,24,282,2,2,1,100,1,0
1773407076.971426,170.637,5.112,24,24,387,2,2,1,100,1,0
1773407078.972637,170.855,5.369,23,24,491,2,2,1,100,1,0
1773407080.979975,171.121,4.056,24,24,596,2,2,1,100,1,0
1773407082.975338,171.352,4.802,24,24,701,2,2,1,100,1,0
1773407084.972558,171.609,5.634,24,24,806,2,2,1,100,1,0
1773407086.976592,171.797,4.023,24,24,910,2,2,1,100,1,0
1773407088.973610,171.973,3.734,24,24,1016,2,2,1,100,1,0
1773407090.971884,172.137,4.455,24,24,1120,2,2,1,100,1,0
1773407092.979424,172.258,3.850,24,24,1225,2,2,1,100,1,0
1773407094.972978,172.461,4.231,24,24,1330,2,2,1,100,1,0
1773407096.975543,172.613,4.030,24,24,1435,2,2,1,100,1,0
1773407098.973524,172.734,3.663,24,24,1540,2,2,1,100,1,0
1773407100.980744,172.762,3.554,24,24,1644,2,2,1,100,1,0
1773407102.974636,172.938,3.332,24,24,1749,2,2,1,100,1,0
1773407104.972135,173.047,3.202,24,24,1854,2,2,1,100,1,0
1773407106.973641,173.145,3.167,23,24,1958,2,2,1,100,1,0
1773407108.974025,173.285,3.363,24,24,2063,2,2,1,100,1,0
1773407110.974664,173.477,2.770,24,24,2168,2,2,1,100,1,0
1773407112.973379,173.641,2.876,24,24,2273,2,2,1,100,1,0
1773407114.980386,173.691,3.305,24,24,2377,2,2,1,100,1,0
1773407116.972059,173.969,3.069,24,24,2482,2,2,1,100,1,0
1773407118.972423,174.211,3.043,24,24,2588,2,2,1,100,1,0
1773407120.973891,174.309,2.889,23,24,2692,2,2,1,100,1,0
1773407122.977049,174.352,3.617,24,24,2796,2,2,1,100,1,0
1773407124.972748,174.496,2.910,24,24,2902,2,2,1,100,1,0
1773407126.972738,174.594,3.498,24,24,3007,2,2,1,100,1,0
1773407128.975758,174.863,3.345,24,24,3111,2,2,1,100,1,0
1773407130.974921,175.129,3.354,24,24,3216,2,2,1,100,1,0
1773407132.972428,175.320,2.957,24,24,3321,2,2,1,100,1,0
1773407134.977839,175.426,3.035,23,24,3425,2,2,1,100,1,0
1773407136.972004,175.688,3.119,24,24,3530,2,2,1,100,1,0
1773407138.975243,175.809,3.106,24,24,3635,2,2,1,100,1,0
1773407140.973335,175.941,3.357,24,24,3740,2,2,1,100,1,0
1773407142.974189,176.062,3.218,24,24,3844,2,2,1,100,1,0
1773407144.975037,176.086,3.472,24,24,3950,2,2,1,100,1,0
1773407146.971981,176.105,2.873,24,24,4055,2,2,1,100,1,0
1773407148.972590,176.152,3.096,23,24,4159,2,2,1,100,1,0
1773407150.975098,176.227,6.549,24,24,4264,2,2,1,100,1,0
1773407152.974408,176.320,3.928,24,24,4369,2,2,1,100,1,0
1773407154.973627,176.250,3.754,24,24,4474,2,2,1,100,1,0
1773407156.971413,176.410,5.511,24,24,4577,2,2,1,100,1,0
1773407158.988888,176.492,3.907,24,24,4684,2,2,1,100,1,0
1773407160.988876,176.520,4.152,24,24,4789,2,2,1,100,1,0
1773407162.988660,176.590,5.766,24,24,4892,2,2,1,100,1,0
1773407164.988168,176.703,3.762,24,24,4998,2,2,1,100,1,0
1773407166.989777,176.707,4.205,24,24,5103,2,2,1,100,1,0
1773407168.991549,176.672,3.284,24,24,5207,2,2,1,100,1,0
1773407171.000268,176.871,3.088,24,24,5312,2,2,1,100,1,0
1773407172.989297,176.953,4.977,24,24,5418,2,2,1,100,1,0
1773407174.989064,177.105,4.569,24,24,5523,2,2,1,100,1,0
1773407176.989916,177.258,3.535,24,24,5626,2,2,1,100,1,0
1773407178.988895,177.395,3.244,24,24,5732,2,2,1,100,1,0
1773407180.988146,177.562,3.223,24,24,5837,2,2,1,100,1,0
1773407183.000628,177.559,4.349,23,24,5941,2,2,1,100,1,0
1773407184.987172,177.750,4.334,24,24,6045,2,2,1,100,1,0
1773407186.987741,177.918,3.946,24,24,6151,2,2,1,100,1,0
1773407188.988292,178.105,3.154,24,24,6256,2,2,1,100,1,0
1773407190.996919,178.188,4.005,24,24,6360,2,2,1,100,1,0
1773407192.989287,178.250,3.116,24,24,6465,2,2,1,100,1,0
1773407194.988273,178.219,3.242,24,24,6570,2,2,1,100,1,0
1773407196.993112,178.469,2.960,23,24,6675,2,2,1,100,1,0
1773407198.992000,178.496,3.125,24,24,6779,2,2,1,100,1,0
1773407200.989891,178.637,3.676,24,24,6885,2,2,1,100,1,0
1773407202.988800,178.797,3.146,24,24,6990,2,2,1,100,1,0
1773407204.990849,179.008,3.481,24,24,7093,2,2,1,100,1,0
1773407206.988273,179.090,3.039,24,24,7199,2,2,1,100,1,0
1773407208.989966,179.258,3.778,24,24,7304,2,2,1,100,1,0
1773407210.995651,179.285,4.011,23,24,7408,2,2,1,100,1,0
1773407212.994710,179.430,3.737,24,24,7513,2,2,1,100,1,0
1773407214.990337,179.473,5.339,24,24,7618,2,2,1,100,1,0
1773407216.988874,179.598,3.923,24,24,7723,2,2,1,100,1,0
1773407218.988931,179.703,3.994,24,24,7827,2,2,1,100,1,0
1773407220.988004,179.680,3.213,24,24,7932,2,2,1,100,1,0
1773407222.987510,179.828,3.030,24,24,8037,2,2,1,100,1,0
1773407224.989766,179.840,3.757,23,24,8142,2,2,1,100,1,0
1773407226.988867,180.020,3.419,24,24,8246,2,2,1,100,1,0
1773407228.988128,179.801,6.565,24,24,8352,2,2,1,100,1,0
1773407230.989465,179.887,6.004,24,24,8457,2,2,1,100,1,0
1773407232.996056,179.863,3.553,24,24,8561,2,2,1,100,1,0
1773407234.989745,180.008,6.714,24,24,8666,2,2,1,100,1,0
1773407236.989972,180.215,3.135,24,24,8771,2,2,1,100,1,0
1773407238.992859,180.238,4.725,23,24,8875,2,2,1,100,1,0
1773407240.989695,180.367,3.214,24,24,8980,2,2,1,100,1,0
1773407242.987487,180.516,2.859,24,24,9085,2,2,1,100,1,0
1773407244.988437,180.684,4.960,24,24,9190,2,2,1,100,1,0
1773407246.997940,180.699,4.365,24,24,9294,2,2,1,100,1,0
1773407248.987414,180.773,4.407,24,24,9399,2,2,1,100,1,0
1773407250.987317,180.715,7.946,24,24,9505,2,2,1,100,1,0
1773407252.990491,180.805,3.611,23,24,9609,2,2,1,100,1,0
1773407254.992446,180.930,4.520,24,24,9713,2,2,1,100,1,0
1773407256.987382,180.938,5.853,24,24,9819,2,2,1,100,1,0
1773407258.987852,181.039,5.286,24,24,9924,2,2,1,100,1,0
1773407260.994550,181.199,4.306,24,24,10028,2,2,1,100,1,0
1773407262.990141,181.320,4.262,24,24,10133,2,2,1,100,1,0
1773407264.987720,181.375,3.945,24,24,10238,2,2,1,100,1,0
1773407266.991558,181.488,3.832,23,24,10342,2,2,1,100,1,0
1773407268.996392,181.617,4.241,24,24,10447,2,2,1,100,1,0
1773407270.990061,181.680,4.070,24,24,10552,2,2,1,100,1,0
1773407272.988043,181.793,4.542,24,24,10657,2,2,1,100,1,0
1773407274.998894,181.895,4.235,24,24,10761,2,2,1,100,1,0
1773407276.987820,181.957,3.354,24,24,10866,2,2,1,100,1,0
1773407278.988761,182.117,3.643,24,24,10972,2,2,1,100,1,0
1773407280.992188,182.254,5.068,23,24,11076,2,2,1,100,1,0
1773407282.996062,182.199,4.876,24,24,11180,2,2,1,100,1,0
1773407284.990917,182.316,3.647,24,24,11286,2,2,1,100,1,0
1773407286.987546,182.383,4.072,24,24,11391,2,2,1,100,1,0
1773407288.988209,182.832,3.649,24,24,11494,2,2,1,100,1,0
1773407290.988506,183.020,3.468,24,24,11600,2,2,1,100,1,0
1773407292.991433,182.938,4.047,24,24,11705,2,2,1,100,1,0
1773407294.993087,182.984,4.201,24,24,11809,2,2,1,100,1,0
1773407296.996623,183.047,5.623,24,24,11914,2,2,1,100,1,0
1773407298.989349,183.145,3.729,24,24,12020,2,2,1,100,1,0
1773407300.986915,183.359,3.287,24,24,12124,2,2,1,100,1,0
1773407302.990776,183.414,3.765,24,24,12228,2,2,1,100,1,0
1773407304.990448,183.516,4.729,24,24,12334,2,2,1,100,1,0
1773407306.987585,183.582,3.476,24,24,12439,2,2,1,100,1,0
1773407308.991616,183.664,3.744,23,24,12543,2,2,1,100,1,0
1773407310.991473,183.922,4.539,24,24,12647,2,2,1,100,1,0
1773407312.992208,184.070,4.788,24,24,12753,2,2,1,100,1,0
1773407314.988717,184.215,4.816,24,24,12858,2,2,1,100,1,0
1773407316.997268,184.340,5.584,24,24,12962,2,2,1,100,1,0
1773407318.989549,184.418,5.180,24,24,13067,2,2,1,100,1,0
1773407320.990689,184.672,4.113,24,24,13172,2,2,1,100,1,0
1773407322.990201,184.648,3.687,24,24,13276,2,2,1,100,1,0
1773407324.993680,184.715,4.968,24,24,13381,2,2,1,100,1,0
1773407326.988695,184.785,4.479,24,24,13486,2,2,1,100,1,0
1773407328.988736,184.879,5.252,24,24,13592,2,2,1,100,1,0
1773407330.987787,185.023,7.160,24,24,13695,2,2,1,100,1,0
1773407332.988253,185.145,4.106,24,24,13801,2,2,1,100,1,0
1773407334.987903,185.234,7.364,24,24,13906,2,2,1,100,1,0
1773407336.990267,185.289,5.061,23,24,14010,2,2,1,100,1,0
1773407338.989003,185.348,6.922,24,24,14115,2,2,1,100,1,0
1773407340.988011,185.414,7.742,24,24,14220,2,2,1,100,1,0
1773407342.991270,185.543,3.587,24,24,14325,2,2,1,100,1,0
1773407344.991086,185.664,6.992,24,24,14429,2,2,1,100,1,0
1773407346.988652,185.758,5.350,24,24,14534,2,2,1,100,1,0
1773407348.990469,185.801,5.830,24,24,14639,2,2,1,100,1,0
1773407351.007580,185.809,8.447,24,24,14743,2,2,1,100,1,0
1773407352.990895,185.844,6.504,24,24,14848,2,2,1,100,1,0
1773407354.987459,185.867,4.719,24,24,14954,2,2,1,100,1,0
1773407356.988328,185.895,3.676,24,24,15059,2,2,1,100,1,0
1773407358.988912,185.977,4.244,24,24,15162,2,2,1,100,1,0
1773407360.992454,186.070,6.194,24,24,15268,2,2,1,100,1,0
1773407362.990711,186.047,8.011,24,24,15373,2,2,1,100,1,0
1773407365.002281,186.125,5.926,24,24,15477,2,2,1,100,1,0
1773407366.988312,186.145,5.080,24,24,15582,2,2,1,100,1,0
1773407368.990056,186.168,6.761,24,24,15687,2,2,1,100,1,0
1773407370.987998,186.234,6.119,24,24,15792,2,2,1,100,1,0
1773407372.996612,186.285,8.038,24,24,15895,2,2,1,100,1,0
1773407374.988144,186.379,6.655,24,24,16001,2,2,1,100,1,0
1773407376.988983,186.441,5.143,24,24,16106,2,2,1,100,1,0
1773407378.989679,186.355,3.670,24,24,16210,2,2,1,100,1,0
1773407380.995135,186.363,7.773,24,24,16315,2,2,1,100,1,0
1773407382.987946,186.371,5.903,24,24,16421,2,2,1,100,1,0
1773407384.990413,186.371,6.615,24,24,16526,2,2,1,100,1,0
1773407386.992800,186.383,4.249,24,24,16629,2,2,1,100,1,0
1773407388.997374,186.438,6.739,24,24,16735,2,2,1,100,1,0
1773407390.986968,186.508,4.674,24,24,16840,2,2,1,100,1,0
1773407393.008836,186.574,7.310,24,24,16944,2,2,1,100,1,0
1773407394.987950,186.582,6.228,24,24,17049,2,2,1,100,1,0
1773407396.988392,186.586,4.514,24,24,17154,2,2,1,100,1,0
1773407398.989872,186.590,5.903,24,24,17259,2,2,1,100,1,0
1773407400.990644,186.551,5.195,24,24,17363,2,2,1,100,1,0
1773407402.989089,186.625,4.655,24,24,17468,2,2,1,100,1,0
1773407404.987924,186.695,7.003,24,24,17573,2,2,1,100,1,0
1773407406.990960,186.711,4.350,23,24,17678,2,2,1,100,1,0
1773407408.996756,186.637,6.027,24,24,17783,2,2,1,100,1,0
1773407410.992878,186.664,6.862,24,24,17888,2,2,1,100,1,0
1773407412.988338,186.668,4.511,24,24,17993,2,2,1,100,1,0
1773407414.993328,186.738,3.755,24,24,18097,2,2,1,100,1,0
1773407416.987537,186.758,7.682,24,24,18202,2,2,1,100,1,0
1773407418.988217,186.785,6.822,24,24,18307,2,2,1,100,1,0
1773407420.990904,186.906,4.758,23,24,18411,2,2,1,100,1,0
1773407422.992597,186.922,8.899,24,24,18516,2,2,1,100,1,0
1773407424.989810,186.883,6.861,24,24,18621,2,2,1,100,1,0
1773407426.989939,186.914,8.818,24,24,18726,2,2,1,100,1,0
1773407428.989973,186.984,4.881,24,24,18830,2,2,1,100,1,0
1773407430.987933,187.008,5.289,24,24,18935,2,2,1,100,1,0
1773407432.987654,187.020,7.792,24,24,19041,2,2,1,100,1,0
1773407434.997002,187.094,6.703,24,24,19145,2,2,1,100,1,0
1773407436.989897,187.156,6.513,24,24,19250,2,2,1,100,1,0
1773407438.989703,187.000,5.129,24,24,19355,2,2,1,100,1,0
1773407440.988326,187.000,4.151,24,24,19460,2,2,1,100,1,0
1773407442.995978,187.059,7.220,24,24,19564,2,2,1,100,1,0
1773407444.994920,187.062,6.874,24,24,19669,2,2,1,100,1,0
1773407446.990352,187.125,4.328,24,24,19774,2,2,1,100,1,0
1773407448.990839,187.191,5.899,23,24,19878,2,2,1,100,1,0
1773407450.990962,187.191,5.074,24,24,19983,2,2,1,100,1,0
1773407452.990291,187.219,4.131,24,24,20088,2,2,1,100,1,0
1773407454.989434,187.230,5.321,24,24,20193,2,2,1,100,1,0
1773407456.992957,187.246,5.343,24,24,20297,2,2,1,100,1,0
1773407458.988332,187.312,4.816,24,24,20403,2,2,1,100,1,0
1773407460.990605,187.309,7.920,24,24,20508,2,2,1,100,1,0
1773407462.990423,187.418,5.025,23,24,20612,2,2,1,100,1,0
1773407464.991537,187.473,4.933,24,24,20716,2,2,1,100,1,0
1773407466.988704,187.484,4.944,24,24,20822,2,2,1,100,1,0
1773407468.988325,187.426,5.649,24,24,20927,2,2,1,100,1,0
1773407471.001130,187.496,7.938,24,24,21030,2,2,1,100,1,0
1773407472.991008,187.508,6.645,24,24,21136,2,2,1,100,1,0
1773407474.993081,187.594,4.023,24,24,21241,2,2,1,100,1,0
1773407476.998163,187.680,7.239,24,24,21345,2,2,1,100,1,0
1773407478.997914,187.691,6.685,24,24,21450,2,2,1,100,1,0
1773407480.991184,187.770,5.102,24,24,21555,2,2,1,100,1,0
1773407482.988214,187.781,6.864,24,24,21660,2,2,1,100,1,0
1773407484.997421,187.805,3.974,24,24,21765,2,2,1,100,1,0
1773407486.990578,187.801,6.924,24,24,21870,2,2,1,100,1,0
1773407488.990821,187.863,6.753,24,24,21975,2,2,1,100,1,0
1773407490.996530,187.867,6.115,24,24,22079,2,2,1,100,1,0
1773407492.997920,187.934,6.293,24,24,22184,2,2,1,100,1,0
1773407494.988652,187.945,3.773,24,24,22289,2,2,1,100,1,0
1773407496.990075,187.961,5.598,24,24,22394,2,2,1,100,1,0
1773407498.992668,187.746,4.315,24,24,22498,2,2,1,100,1,0
1773407500.992316,187.746,5.500,24,24,22602,2,2,1,100,1,0
1773407502.993005,187.746,7.014,24,24,22708,2,2,1,100,1,0
1773407505.013630,187.840,7.139,24,24,22812,2,2,1,100,1,0
1773407507.011653,187.766,4.903,24,24,22916,2,2,1,100,1,0
1773407508.988456,187.855,6.673,24,24,23022,2,2,1,100,1,0
1773407510.990103,187.945,4.119,24,24,23128,2,2,1,100,1,0
1773407512.996183,187.961,4.959,24,24,23231,2,2,1,100,1,0
1773407514.992759,187.973,7.305,24,24,23337,2,2,1,100,1,0
1773407516.989166,187.992,4.122,24,24,23442,2,2,1,100,1,0
1773407518.990450,187.992,7.451,23,24,23546,2,2,1,100,1,0
1773407520.990040,188.016,5.634,24,24,23650,2,2,1,100,1,0
1773407522.991405,188.102,5.122,24,24,23756,2,2,1,100,1,0
1773407524.989763,188.176,6.388,24,24,23861,2,2,1,100,1,0
1773407526.996094,188.191,7.164,24,24,23965,2,2,1,100,1,0
1773407528.991488,188.203,5.090,24,24,24070,2,2,1,100,1,0
1773407530.989969,188.223,5.832,24,24,24175,2,2,1,100,1,0
1773407532.991478,188.234,4.960,24,24,24279,2,2,1,100,1,0
1773407534.990123,188.309,6.639,24,24,24384,2,2,1,100,1,0
1773407536.989761,188.328,6.551,24,24,24490,2,2,1,100,1,0
1773407538.987077,188.406,5.026,24,24,24595,2,2,1,100,1,0
1773407540.993504,188.480,6.852,24,24,24698,2,2,1,100,1,0
1773407542.988597,188.523,7.457,24,24,24803,2,2,1,100,1,0
1773407544.987418,188.543,3.827,24,24,24909,2,2,1,100,1,0
1773407547.007712,188.465,6.702,24,24,25013,2,2,1,100,1,0
1773407548.998253,188.465,6.821,24,24,25118,2,2,1,100,1,0
1773407550.991113,188.508,7.156,24,24,25223,2,2,1,100,1,0
1773407552.991334,188.578,5.788,24,24,25328,2,2,1,100,1,0
1773407554.995476,188.645,5.621,24,24,25432,2,2,1,100,1,0
1773407556.987801,188.695,6.231,24,24,25537,2,2,1,100,1,0
1773407558.989878,188.406,7.010,24,24,25642,2,2,1,100,1,0
1773407560.996351,188.402,5.223,24,24,25746,2,2,1,100,1,0
1773407562.992175,188.402,4.126,24,24,25851,2,2,1,100,1,0
1773407564.990124,188.465,5.980,24,24,25957,2,2,1,100,1,0
1773407566.991739,188.461,5.225,24,24,26062,2,2,1,100,1,0
1773407568.996193,188.574,4.862,24,24,26166,2,2,1,100,1,0
1773407570.987175,188.648,6.955,24,24,26270,2,2,1,100,1,0
1773407572.988189,188.664,5.709,24,24,26376,2,2,1,100,1,0
1773407574.990213,188.676,5.644,23,24,26480,2,2,1,100,1,0
1773407576.989724,188.695,6.160,24,24,26585,2,2,1,100,1,0
1773407578.991080,188.652,7.235,24,24,26690,2,2,1,100,1,0
1773407580.989586,188.738,5.852,24,24,26795,2,2,1,100,1,0
1773407582.995113,188.781,4.099,24,24,26899,2,2,1,100,1,0
1773407584.988377,188.887,3.440,24,24,27004,2,2,1,100,1,0
1773407586.987918,188.922,4.888,24,24,27109,2,2,1,100,1,0
1773407589.005770,188.930,7.689,23,24,27214,2,2,1,100,1,0
1773407590.992222,188.965,6.434,24,24,27318,2,2,1,100,1,0
1773407592.987773,188.988,6.896,24,24,27424,2,2,1,100,1,0
1773407594.987868,189.016,7.575,24,24,27529,2,2,1,100,1,0
1773407596.990578,189.043,5.547,24,24,27633,2,2,1,100,1,0
1773407598.990757,189.070,5.908,24,24,27738,2,2,1,100,1,0
1773407600.988137,189.023,4.736,24,24,27843,2,2,1,100,1,0
1773407603.015184,189.133,6.161,24,24,27947,2,2,1,100,1,0
1773407604.992601,189.195,5.223,24,24,28052,2,2,1,100,1,0
1773407606.989197,189.273,5.762,24,24,28157,2,2,1,100,1,0
1773407608.987208,189.234,5.635,24,24,28262,2,2,1,100,1,0
1773407610.992703,189.352,4.981,24,24,28366,2,2,1,100,1,0
1773407612.988509,189.434,5.733,24,24,28471,2,2,1,100,1,0
1773407614.988114,189.391,6.051,24,24,28577,2,2,1,100,1,0
1773407616.987096,189.445,7.238,23,24,28681,2,2,1,100,1,0
1773407618.993336,189.504,8.008,24,24,28785,2,2,1,100,1,0
1773407620.991041,189.496,5.435,24,24,28891,2,2,1,100,1,0
1773407622.992163,189.574,5.950,24,24,28996,2,2,1,100,1,0
1773407624.988518,189.582,6.049,24,24,29099,2,2,1,100,1,0
1773407626.988107,189.582,4.768,24,24,29205,2,2,1,100,1,0
1773407628.989355,189.629,8.837,24,24,29310,2,2,1,100,1,0
1773407631.017927,189.629,6.086,23,24,29413,2,2,1,100,1,0
1773407632.994143,189.691,6.730,24,24,29519,2,2,1,100,1,0
1773407634.987970,189.699,4.512,24,24,29624,2,2,1,100,1,0
1773407636.989133,189.762,6.232,24,24,29729,2,2,1,100,1,0
1773407638.990645,189.824,4.262,24,24,29833,2,2,1,100,1,0
1773407640.987479,189.824,6.232,24,24,29939,2,2,1,100,1,0
1773407642.991750,189.824,5.996,24,24,30044,2,2,1,100,1,0
1773407644.990740,189.762,3.599,23,24,30148,2,2,1,100,1,0
1773407646.995166,189.809,7.180,24,24,30253,2,2,1,100,1,0
1773407648.988124,189.867,5.348,24,24,30358,2,2,1,100,1,0
1773407650.988006,189.934,5.556,24,24,30463,2,2,1,100,1,0
1773407652.990798,189.938,4.788,24,24,30567,2,2,1,100,1,0
1773407654.991611,189.988,6.888,24,24,30672,2,2,1,100,1,0
1773407656.988240,190.000,6.434,24,24,30777,2,2,1,100,1,0
1773407659.004273,190.000,6.164,24,24,30882,2,2,1,100,1,0
1773407660.999129,190.000,6.877,24,24,30986,2,2,1,100,1,0
1773407662.989294,189.992,7.627,24,24,31091,2,2,1,100,1,0
1773407664.988394,190.062,4.840,24,24,31196,2,2,1,100,1,0
1773407666.988977,190.129,5.926,24,24,31300,2,2,1,100,1,0
1773407668.987695,190.129,6.288,24,24,31406,2,2,1,100,1,0
1773407670.989172,190.168,6.759,24,24,31511,2,2,1,100,1,0
1773407673.005072,190.168,6.970,23,24,31615,2,2,1,100,1,0
1773407674.987689,190.168,5.123,24,24,31719,2,2,1,100,1,0
1773407676.987486,190.168,6.172,24,24,31825,2,2,1,100,1,0
1773407678.990939,190.199,5.844,24,24,31930,2,2,1,100,1,0
1773407680.992196,190.262,5.927,24,24,32034,2,2,1,100,1,0
1773407682.994658,190.316,6.664,24,24,32139,2,2,1,100,1,0
1773407684.987153,190.324,6.859,24,24,32244,2,2,1,100,1,0
1773407686.992585,190.266,4.372,24,24,32348,2,2,1,100,1,0
1773407688.989470,190.316,3.667,24,24,32453,2,2,1,100,1,0
1773407690.987749,190.320,6.515,24,24,32558,2,2,1,100,1,0
1773407692.987552,190.316,5.810,24,24,32663,2,2,1,100,1,0
1773407694.988859,190.375,5.296,24,24,32767,2,2,1,100,1,0
1773407696.997480,190.438,9.223,24,24,32872,2,2,1,100,1,0
1773407698.989558,190.457,4.852,24,24,32978,2,2,1,100,1,0
1773407701.009683,190.504,4.809,23,24,33082,2,2,1,100,1,0
1773407702.999000,190.512,4.295,24,24,33187,2,2,1,100,1,0
1773407704.990369,190.496,7.390,24,24,33291,2,2,1,100,1,0
1773407706.987524,190.512,5.933,24,24,33397,2,2,1,100,1,0
1773407708.995204,190.574,5.977,24,24,33501,2,2,1,100,1,0
1773407710.989937,190.637,5.616,24,24,33606,2,2,1,100,1,0
1773407712.987610,190.637,4.281,24,24,33711,2,2,1,100,1,0
1773407714.990752,190.703,7.632,23,24,33815,2,2,1,100,1,0
1773407716.988044,190.680,5.088,24,24,33920,2,2,1,100,1,0
1773407718.988253,190.699,3.179,24,24,34025,2,2,1,100,1,0
1773407720.987790,190.699,5.329,24,24,34131,2,2,1,100,1,0
1773407722.993002,190.699,4.078,24,24,34234,2,2,1,100,1,0
1773407724.987806,190.758,3.927,24,24,34340,2,2,1,100,1,0
1773407726.988170,190.820,4.323,24,24,34445,2,2,1,100,1,0
1773407728.991431,190.883,5.605,23,24,34549,2,2,1,100,1,0
1773407730.991392,190.828,3.915,24,24,34654,2,2,1,100,1,0
1773407732.989187,190.875,3.277,24,24,34759,2,2,1,100,1,0
1773407734.987466,190.863,6.254,24,24,34864,2,2,1,100,1,0
1773407736.990067,190.836,4.802,24,24,34968,2,2,1,100,1,0
1773407738.996217,190.871,8.210,24,24,35073,2,2,1,100,1,0
1773407740.987966,190.879,4.638,24,24,35177,2,2,1,100,1,0
1773407742.991674,190.934,6.557,24,24,35282,2,2,1,100,1,0
1773407744.990058,190.949,6.128,24,24,35387,2,2,1,100,1,0
1773407746.988055,190.895,5.556,24,24,35493,2,2,1,100,1,0
1773407748.988506,190.895,5.039,24,24,35598,2,2,1,100,1,0
1773407750.988719,190.898,5.044,24,24,35701,2,2,1,100,1,0
1773407752.988462,190.961,3.740,24,24,35807,2,2,1,100,1,0
1773407754.988721,191.023,3.684,24,24,35912,2,2,1,100,1,0
1773407756.995866,191.027,3.586,23,24,36016,2,2,1,100,1,0
1773407758.999512,191.070,3.485,24,24,36121,2,2,1,100,1,0
1773407760.987502,191.070,4.939,24,24,36226,2,2,1,100,1,0
1773407762.988220,191.070,6.751,24,24,36331,2,2,1,100,1,0
1773407764.995213,191.059,6.097,24,24,36435,2,2,1,100,1,0
1773407766.987616,191.086,4.819,24,24,36540,2,2,1,100,1,0
1773407768.987667,191.180,4.038,24,24,36645,2,2,1,100,1,0
1773407770.990572,191.273,4.202,23,24,36750,2,2,1,100,1,0
1773407772.990237,191.273,6.420,24,24,36854,2,2,1,100,1,0
1773407774.989008,191.336,6.086,24,24,36960,2,2,1,100,1,0
1773407776.988275,191.336,5.633,24,24,37065,2,2,1,100,1,0
1773407778.995945,191.340,5.248,24,24,37169,2,2,1,100,1,0
1773407780.990083,191.297,5.039,24,24,37273,2,2,1,100,1,0
1773407782.987787,191.363,3.949,24,24,37379,2,2,1,100,1,0
1773407784.995506,191.434,3.609,23,24,37483,2,2,1,100,1,0
1773407786.988215,191.426,4.306,24,24,37588,2,2,1,100,1,0
1773407788.988589,191.484,6.354,24,24,37693,2,2,1,100,1,0
1773407790.986825,191.480,4.511,24,24,37798,2,2,1,100,1,0
1773407792.990887,191.484,5.473,24,24,37902,2,2,1,100,1,0
1773407794.989802,191.484,8.385,24,24,38007,2,2,1,100,1,0
1773407796.987732,191.551,4.756,24,24,38112,2,2,1,100,1,0
1773407798.989410,191.613,6.533,23,24,38217,2,2,1,100,1,0
1773407800.989247,191.613,3.181,24,24,38322,2,2,1,100,1,0
1773407802.988538,191.676,5.886,24,24,38427,2,2,1,100,1,0
1773407804.988235,191.605,5.374,24,24,38532,2,2,1,100,1,0
1773407806.990636,191.605,3.722,24,24,38635,2,2,1,100,1,0
1773407808.988156,191.648,6.194,24,24,38740,2,2,1,100,1,0
1773407810.987852,191.582,6.162,24,24,38846,2,2,1,100,1,0
1773407812.990788,191.664,3.967,23,24,38950,2,2,1,100,1,0
1773407814.996730,191.727,6.463,24,24,39055,2,2,1,100,1,0
1773407816.987319,191.730,3.412,24,24,39160,2,2,1,100,1,0
1773407818.989133,191.840,5.089,24,24,39265,2,2,1,100,1,0
1773407820.991193,191.824,4.135,24,24,39369,2,2,1,100,1,0
1773407822.989655,191.852,5.729,24,24,39475,2,2,1,100,1,0
1773407824.989079,191.836,6.393,24,24,39580,2,2,1,100,1,0
1773407826.989110,191.910,3.109,23,24,39684,2,2,1,100,1,0
1773407829.004199,191.902,4.037,24,24,39789,2,2,1,100,1,0
1773407830.991800,191.965,3.727,24,24,39891,2,2,1,100,1,0
1773407832.987878,191.973,5.280,24,24,39999,2,2,1,100,1,0
1773407834.987241,192.035,4.021,24,24,40102,2,2,1,100,1,0
1773407836.994505,192.039,5.804,23,24,40204,2,2,1,100,1,0
1773407839.005188,192.047,4.098,24,24,40314,2,2,1,100,1,0
1773407840.989468,191.988,3.643,23,24,40418,2,2,1,100,1,0
1773407842.997351,192.090,9.720,24,24,40523,2,2,1,100,1,0
1773407844.989550,192.090,8.308,24,24,40628,2,2,1,100,1,0
1773407846.988859,192.035,9.589,24,24,40733,2,2,1,100,1,0
1773407848.993217,192.117,7.337,24,24,40837,2,2,1,100,1,0
1773407850.998057,192.121,6.517,24,24,40942,2,2,1,100,1,0
1773407852.989516,192.098,11.172,24,24,41048,2,2,1,100,1,0
1773407854.994221,192.121,7.668,23,24,41152,2,2,1,100,1,0
1773407856.996099,192.184,8.038,24,24,41257,2,2,1,100,1,0
1773407858.990473,192.238,8.129,24,24,41361,2,2,1,100,1,0
1773407860.988580,192.250,11.275,24,24,41467,2,2,1,100,1,0
1773407862.991000,192.297,6.907,24,24,41570,2,2,1,100,1,0
1773407864.989869,192.180,9.396,24,24,41676,2,2,1,100,1,0
1773407866.988002,192.285,8.347,24,24,41781,2,2,1,100,1,0
1773407868.997765,192.285,4.183,24,24,41885,2,2,1,100,1,0
1773407870.995555,192.375,10.063,24,24,41990,2,2,1,100,1,0
1773407872.987348,192.375,5.674,24,24,42095,2,2,1,100,1,0
1773407874.988422,192.441,9.184,24,24,42200,2,2,1,100,1,0
1773407876.987611,192.504,6.842,24,24,42305,2,2,1,100,1,0
1773407878.995548,192.508,7.720,24,24,42409,2,2,1,100,1,0
1773407880.987603,192.504,5.394,24,24,42515,2,2,1,100,1,0
1773407883.007380,192.598,3.449,24,24,42619,2,2,1,100,1,0
1773407885.002366,192.605,6.140,24,24,42725,2,2,1,100,1,0
1773407887.007521,192.691,7.390,24,24,42829,2,2,1,100,1,0
1773407889.005805,192.766,3.883,23,24,42934,2,2,1,100,1,0
1773407891.009664,192.754,6.609,24,24,43039,2,2,1,100,1,0
1773407893.012040,192.836,6.386,24,24,43144,2,2,1,100,1,0
1773407895.003730,192.820,5.889,24,24,43249,2,2,1,100,1,0
1773407897.008492,192.840,6.129,24,24,43353,2,2,1,100,1,0
1773407899.008351,192.840,4.508,24,24,43458,2,2,1,100,1,0
1773407901.003402,192.785,7.259,24,24,43563,2,2,1,100,1,0
1773407903.011845,192.840,10.369,23,24,43668,2,2,1,100,1,0
1773407905.004534,192.902,7.205,24,24,43772,2,2,1,100,1,0
1773407907.003827,192.949,7.831,24,24,43878,2,2,1,100,1,0
1773407909.033860,192.883,8.118,24,24,43977,2,2,1,100,1,0
1773407911.011915,193.043,5.094,24,24,44084,2,2,1,100,1,0
1773407913.011548,192.996,4.354,24,24,44192,2,2,1,100,1,0
1773407915.003480,192.996,5.486,24,24,44298,2,2,1,100,1,0
1773407917.007934,193.059,4.198,23,24,44402,2,2,1,100,1,0
1773407919.011923,193.281,4.915,24,24,44504,2,2,1,100,1,0
1773407921.007552,193.137,7.211,24,24,44612,2,2,1,100,1,0
1773407923.002983,193.137,8.849,24,24,44717,2,2,1,100,1,0
1773407925.010136,193.113,6.088,24,24,44821,2,2,1,100,1,0
1773407927.008165,193.062,7.605,24,24,44926,2,2,1,100,1,0
1773407929.002904,193.117,6.741,24,24,45031,2,2,1,100,1,0
1773407931.004491,193.051,5.908,23,24,45136,2,2,1,100,1,0
1773407933.007088,193.191,10.690,24,24,45240,2,2,1,100,1,0
1773407935.004914,193.211,8.427,24,24,45346,2,2,1,100,1,0
1773407937.003051,193.258,9.703,24,24,45451,2,2,1,100,1,0
1773407939.005509,193.258,4.795,24,24,45554,2,2,1,100,1,0
1773407941.025296,193.227,5.842,24,24,45660,2,2,1,100,1,0
1773407943.003395,193.277,3.244,24,24,45765,2,2,1,100,1,0
1773407945.008508,193.344,5.459,24,24,45869,2,2,1,100,1,0
1773407947.016708,193.406,3.605,24,24,45974,2,2,1,100,1,0
1773407949.005037,193.406,3.981,24,24,46079,2,2,1,100,1,0
1773407951.003630,193.469,4.157,24,24,46184,2,2,1,100,1,0
1773407953.005858,193.473,5.967,24,24,46288,2,2,1,100,1,0
1773407955.008290,193.445,7.578,24,24,46393,2,2,1,100,1,0
1773407957.003407,193.453,8.817,24,24,46499,2,2,1,100,1,0
1773407959.008385,193.402,6.975,23,24,46603,2,2,1,100,1,0
1773407961.010286,193.465,7.119,24,24,46707,2,2,1,100,1,0
1773407963.004873,193.527,5.921,24,24,46813,2,2,1,100,1,0
1773407965.003175,193.527,4.705,24,24,46918,2,2,1,100,1,0
1773407967.012542,193.590,10.384,24,24,47022,2,2,1,100,1,0
1773407969.003028,193.629,5.987,24,24,47127,2,2,1,100,1,0
1773407971.004868,193.637,7.578,24,24,47232,2,2,1,100,1,0
1773407973.007227,193.562,5.407,24,24,47336,2,2,1,100,1,0
1773407975.013580,193.574,7.631,24,24,47441,2,2,1,100,1,0
1773407977.004588,193.582,5.705,24,24,47546,2,2,1,100,1,0
1773407979.003148,193.645,8.833,24,24,47651,2,2,1,100,1,0
1773407981.010338,193.707,4.325,24,24,47755,2,2,1,100,1,0
1773407983.003120,193.707,4.127,24,24,47861,2,2,1,100,1,0
1773407985.002770,193.707,7.006,24,24,47966,2,2,1,100,1,0
1773407987.008414,193.691,8.739,23,24,48070,2,2,1,100,1,0
1773407989.015441,193.695,9.179,24,24,48175,2,2,1,100,1,0
1773407991.005159,193.758,5.043,24,24,48280,2,2,1,100,1,0
1773407993.003124,193.863,8.442,24,24,48385,2,2,1,100,1,0
1773407995.007211,193.891,7.147,24,24,48489,2,2,1,100,1,0
1773407997.009843,193.953,4.950,24,24,48594,2,2,1,100,1,0
1773407999.003129,193.953,4.042,24,24,48699,2,2,1,100,1,0
1773408001.013985,193.953,3.994,24,24,48803,2,2,1,100,1,0
1773408003.007819,193.922,4.307,24,24,48908,2,2,1,100,1,0
1773408005.003710,193.941,5.424,24,24,49013,2,2,1,100,1,0
1773408007.003192,194.008,10.776,24,24,49118,2,2,1,100,1,0
1773408009.004005,194.008,7.467,24,24,49222,2,2,1,100,1,0
1773408011.004941,194.070,3.534,24,24,49328,2,2,1,100,1,0
1773408013.002854,194.051,4.228,24,24,49433,2,2,1,100,1,0
1773408015.003551,194.055,5.743,23,24,49537,2,2,1,100,1,0
1773408017.009872,193.969,6.092,24,24,49642,2,2,1,100,1,0
1773408019.005441,194.004,4.175,24,24,49747,2,2,1,100,1,0
1773408021.003501,194.074,3.934,24,24,49852,2,2,1,100,1,0
1773408023.009920,194.113,6.197,24,24,49956,2,2,1,100,1,0
1773408025.005105,194.199,6.751,24,24,50061,2,2,1,100,1,0
1773408027.006050,194.199,10.978,24,24,50166,2,2,1,100,1,0
1773408029.005058,194.203,8.209,24,24,50270,2,2,1,100,1,0
1773408031.003120,194.203,6.133,24,24,50375,2,2,1,100,1,0
1773408033.009620,194.207,10.539,24,24,50480,2,2,1,100,1,0
1773408035.002958,194.270,3.713,24,24,50586,2,2,1,100,1,0
1773408037.016713,194.289,8.932,24,24,50689,2,2,1,100,1,0
1773408039.006419,194.395,8.876,24,24,50794,2,2,1,100,1,0
1773408041.002923,194.434,8.493,24,24,50900,2,2,1,100,1,0
1773408043.022081,194.445,4.625,24,24,51004,2,2,1,100,1,0
1773408045.023602,194.457,5.915,24,24,51110,2,2,1,100,1,0
1773408047.018305,194.414,7.808,24,24,51215,2,2,1,100,1,0
1773408049.019065,194.453,6.771,23,24,51319,2,2,1,100,1,0
1773408051.018687,194.477,7.964,24,24,51424,2,2,1,100,1,0
1773408053.022946,194.602,6.089,24,24,51529,2,2,1,100,1,0
1773408055.019260,194.605,6.002,24,24,51634,2,2,1,100,1,0
1773408057.024637,194.613,5.006,24,24,51738,2,2,1,100,1,0
1773408059.019944,194.652,6.811,24,24,51843,2,2,1,100,1,0
1773408061.025116,194.664,9.074,24,24,51948,2,2,1,100,1,0
1773408063.022307,194.672,5.999,23,24,52053,2,2,1,100,1,0
1773408065.020754,194.684,4.531,24,24,52157,2,2,1,100,1,0
1773408067.020860,194.750,7.313,24,24,52263,2,2,1,100,1,0
1773408069.019882,194.746,7.531,24,24,52368,2,2,1,100,1,0
1773408071.019591,194.750,4.212,24,24,52471,2,2,1,100,1,0
1773408073.018758,194.785,6.461,24,24,52577,2,2,1,100,1,0
1773408075.018603,194.758,4.492,24,24,52682,2,2,1,100,1,0
1773408077.027728,194.781,5.487,24,24,52786,2,2,1,100,1,0
1773408079.021928,194.777,5.925,24,24,52891,2,2,1,100,1,0
1773408081.022249,194.852,8.847,24,24,52996,2,2,1,100,1,0
1773408083.019511,194.867,7.023,24,24,53101,2,2,1,100,1,0
1773408085.020160,194.930,4.609,24,24,53205,2,2,1,100,1,0
1773408087.038049,194.977,8.392,24,24,53311,2,2,1,100,1,0
1773408089.035218,194.980,9.467,24,24,53417,2,2,1,100,1,0
1773408091.052160,194.980,8.808,24,24,53520,2,2,1,100,1,0
1773408093.034315,194.980,5.793,24,24,53626,2,2,1,100,1,0
1773408095.034502,195.051,9.197,24,24,53731,2,2,1,100,1,0
1773408097.062081,195.012,10.774,24,24,53835,2,2,1,100,1,0
1773408099.034688,195.117,7.904,24,24,53939,2,2,1,100,1,0
1773408101.034650,195.098,4.398,24,24,54045,2,2,1,100,1,0
1773408103.035022,195.184,9.875,24,24,54150,2,2,1,100,1,0
1773408105.040862,195.133,6.838,23,24,54253,2,2,1,100,1,0
1773408107.042525,195.168,4.732,24,24,54359,2,2,1,100,1,0
1773408109.034791,195.082,3.942,24,24,54464,2,2,1,100,1,0
1773408111.039325,195.219,5.600,24,24,54568,2,2,1,100,1,0
1773408113.171666,195.211,7.082,24,24,54672,2,2,1,100,1,0
1773408115.034640,195.332,5.876,24,24,54781,2,2,1,100,1,0
1773408117.035130,195.277,4.266,24,24,54882,2,2,1,100,1,0
1773408119.041264,195.277,4.174,24,24,54989,2,2,1,100,1,0
1773408121.049081,195.332,5.908,24,24,55093,2,2,1,100,1,0
1773408123.035105,195.312,4.525,24,24,55200,2,2,1,100,1,0
1773408125.039915,195.383,4.434,23,24,55304,2,2,1,100,1,0
1773408127.042970,195.457,6.883,24,24,55409,2,2,1,100,1,0
1773408129.038140,195.457,7.197,24,24,55513,2,2,1,100,1,0
1773408131.034380,195.520,5.751,24,24,55619,2,2,1,100,1,0
1773408133.034448,195.516,5.911,24,24,55723,2,2,1,100,1,0
1773408135.042873,195.520,6.474,24,24,55828,2,2,1,100,1,0
1773408137.034663,195.465,3.571,24,24,55933,2,2,1,100,1,0
1773408139.058206,195.566,7.437,23,24,56036,2,2,1,100,1,0
1773408141.045376,195.594,6.499,24,24,56142,2,2,1,100,1,0
1773408143.033638,195.641,4.462,24,24,56248,2,2,1,100,1,0
1773408145.035261,195.641,7.927,24,24,56353,2,2,1,100,1,0
1773408147.044204,195.688,3.731,24,24,56456,2,2,1,100,1,0
1773408149.034812,195.688,8.006,24,24,56562,2,2,1,100,1,0
1773408151.034575,195.688,10.553,24,24,56667,2,2,1,100,1,0
1773408153.056014,195.688,5.374,24,24,56772,2,2,1,100,1,0
1773408155.049855,195.660,9.650,24,24,56877,2,2,1,100,1,0
1773408157.050561,195.707,6.980,24,24,56982,2,2,1,100,1,0
1773408159.053118,195.672,7.330,23,24,57086,2,2,1,100,1,0
1773408161.057560,195.746,4.166,24,24,57191,2,2,1,100,1,0
1773408163.063916,195.785,6.642,24,24,57296,2,2,1,100,1,0
1773408165.050694,195.797,9.679,24,24,57401,2,2,1,100,1,0
1773408167.052286,195.730,7.588,24,24,57505,2,2,1,100,1,0
1773408169.052485,195.863,5.873,24,24,57610,2,2,1,100,1,0
1773408171.054824,195.855,4.760,24,24,57716,2,2,1,100,1,0
1773408173.061904,195.930,8.644,24,24,57820,2,2,1,100,1,0
1773408175.052056,195.980,4.328,24,24,57924,2,2,1,100,1,0
1773408177.051330,195.980,7.878,24,24,58030,2,2,1,100,1,0
1773408179.053073,195.984,7.152,24,24,58135,2,2,1,100,1,0
1773408181.056817,195.984,6.036,24,24,58239,2,2,1,100,1,0
1773408183.050504,195.961,4.097,24,24,58344,2,2,1,100,1,0
1773408185.052506,196.039,4.871,24,24,58449,2,2,1,100,1,0
1773408187.063845,196.039,5.402,24,24,58554,2,2,1,100,1,0
1773408189.052289,196.098,4.665,24,24,58658,2,2,1,100,1,0
1773408191.056656,196.156,6.524,24,24,58763,2,2,1,100,1,0
1773408193.050263,196.152,5.836,24,24,58868,2,2,1,100,1,0
1773408195.056336,196.133,4.316,24,24,58972,2,2,1,100,1,0
1773408197.049858,196.152,3.817,24,24,59078,2,2,1,100,1,0
1773408199.052788,196.160,5.074,24,24,59183,2,2,1,100,1,0
1773408201.052563,196.191,4.284,23,24,59287,2,2,1,100,1,0
1773408203.051080,196.285,6.353,24,24,59391,2,2,1,100,1,0
1773408205.052337,196.176,7.339,24,24,59497,2,2,1,100,1,0
1773408207.049721,196.348,6.221,24,24,59602,2,2,1,100,1,0
1773408209.050555,196.293,4.961,24,24,59706,2,2,1,100,1,0
1773408211.051848,196.355,6.225,24,24,59811,2,2,1,100,1,0
1773408213.049939,196.363,5.532,24,24,59916,2,2,1,100,1,0
1773408215.054985,196.367,8.013,24,24,60020,2,2,1,100,1,0
1773408217.058871,196.430,6.542,24,24,60125,2,2,1,100,1,0
1773408219.051958,196.461,8.306,24,24,60230,2,2,1,100,1,0
1773408221.052854,196.469,6.166,24,24,60336,2,2,1,100,1,0
1773408223.062604,196.578,8.165,24,24,60440,2,2,1,100,1,0
1773408225.052610,196.582,8.051,24,24,60545,2,2,1,100,1,0
1773408227.052379,196.582,7.041,24,24,60650,2,2,1,100,1,0
1773408229.054954,196.590,6.906,23,24,60754,2,2,1,100,1,0
1773408231.051563,196.641,6.438,24,24,60858,2,2,1,100,1,0
1773408233.050427,196.594,7.079,24,24,60963,2,2,1,100,1,0
1773408235.051561,196.660,4.607,24,24,61069,2,2,1,100,1,0
1773408237.058829,196.770,5.113,24,24,61173,2,2,1,100,1,0
1773408239.049848,196.773,8.022,24,24,61278,2,2,1,100,1,0
1773408241.052399,196.777,3.954,24,24,61383,2,2,1,100,1,0
1773408243.051950,196.777,3.818,24,24,61487,2,2,1,100,1,0
1773408245.057198,196.789,6.517,24,24,61592,2,2,1,100,1,0
1773408247.056069,196.855,9.173,24,24,61697,2,2,1,100,1,0
1773408249.050658,196.855,3.677,24,24,61803,2,2,1,100,1,0
1773408251.053463,196.922,5.600,24,24,61906,2,2,1,100,1,0
1773408253.051191,196.926,4.697,24,24,62012,2,2,1,100,1,0
1773408255.051457,196.926,3.299,24,24,62117,2,2,1,100,1,0
1773408257.051946,196.930,4.430,23,24,62221,2,2,1,100,1,0
1773408259.056707,196.871,6.449,24,24,62326,2,2,1,100,1,0
1773408261.054996,196.977,7.701,24,24,62431,2,2,1,100,1,0
1773408263.050100,197.055,7.462,24,24,62536,2,2,1,100,1,0
1773408265.051042,197.035,4.547,24,24,62640,2,2,1,100,1,0
1773408267.054144,197.121,5.313,24,24,62745,2,2,1,100,1,0
1773408269.051340,197.121,7.615,24,24,62850,2,2,1,100,1,0
1773408271.062083,197.039,5.695,23,24,62955,2,2,1,100,1,0
1773408273.055522,197.094,6.422,24,24,63059,2,2,1,100,1,0
1773408275.056732,197.148,7.590,24,24,63164,2,2,1,100,1,0
1773408277.054003,197.152,9.886,24,24,63270,2,2,1,100,1,0
1773408279.051139,197.230,8.322,24,24,63373,2,2,1,100,1,0
1773408281.050229,197.250,6.200,24,24,63479,2,2,1,100,1,0
1773408283.065104,197.266,5.576,24,24,63585,2,2,1,100,1,0
1773408285.078819,197.266,5.690,24,24,63689,2,2,1,100,1,0
1773408287.073944,197.211,8.088,24,24,63794,2,2,1,100,1,0
1773408289.066080,197.191,5.148,24,24,63899,2,2,1,100,1,0
1773408291.068689,197.293,5.689,23,24,64003,2,2,1,100,1,0
1773408293.071647,197.348,7.094,24,24,64108,2,2,1,100,1,0
1773408295.068635,197.406,7.169,24,24,64213,2,2,1,100,1,0
1773408297.065583,197.418,3.762,24,24,64318,2,2,1,100,1,0
1773408299.076147,197.422,4.447,24,24,64422,2,2,1,100,1,0
1773408301.065201,197.477,5.151,24,24,64528,2,2,1,100,1,0
1773408303.065362,197.441,6.442,24,24,64633,2,2,1,100,1,0
1773408305.069380,197.492,6.479,23,24,64737,2,2,1,100,1,0
1773408307.086760,197.559,5.082,24,24,64841,2,2,1,100,1,0
1773408309.071021,197.570,6.668,24,24,64946,2,2,1,100,1,0
1773408311.065708,197.652,6.290,24,24,65052,2,2,1,100,1,0
1773408313.069737,197.660,5.217,24,24,65155,2,2,1,100,1,0
1773408315.071515,197.664,8.228,24,24,65261,2,2,1,100,1,0
1773408317.065300,197.613,6.873,24,24,65366,2,2,1,100,1,0
1773408319.070982,197.641,4.908,24,24,65470,2,2,1,100,1,0
1773408321.077450,197.703,5.635,24,24,65575,2,2,1,100,1,0
1773408323.075126,197.773,8.164,24,24,65680,2,2,1,100,1,0
1773408325.065153,197.777,5.878,24,24,65785,2,2,1,100,1,0
1773408327.065847,197.797,8.137,24,24,65890,2,2,1,100,1,0
1773408329.067421,197.832,5.890,24,24,65995,2,2,1,100,1,0
1773408331.065246,197.840,4.855,24,24,66100,2,2,1,100,1,0
1773408333.073443,197.844,7.468,24,24,66203,2,2,1,100,1,0
1773408335.071396,197.844,5.023,24,24,66308,2,2,1,100,1,0
1773408337.095158,197.863,6.627,24,24,66411,2,2,1,100,1,0
1773408339.065635,197.957,5.942,24,24,66519,2,2,1,100,1,0
1773408341.065520,198.020,5.232,24,24,66623,2,2,1,100,1,0
1773408343.065466,198.023,5.632,24,24,66727,2,2,1,100,1,0
1773408345.065439,197.980,5.435,24,24,66833,2,2,1,100,1,0
1773408347.079325,198.020,4.365,24,24,66936,2,2,1,100,1,0
1773408349.066987,198.055,4.175,24,24,67042,2,2,1,100,1,0
1773408351.067048,198.117,8.526,24,24,67147,2,2,1,100,1,0
1773408353.065614,198.082,7.599,24,24,67253,2,2,1,100,1,0
1773408355.075882,198.129,5.762,24,24,67357,2,2,1,100,1,0
1773408357.081114,198.191,6.110,24,24,67461,2,2,1,100,1,0
1773408359.065541,198.191,4.276,24,24,67567,2,2,1,100,1,0
1773408361.072984,198.191,5.632,23,24,67671,2,2,1,100,1,0
1773408363.069880,198.180,4.561,24,24,67775,2,2,1,100,1,0
1773408365.065698,198.188,6.130,24,24,67881,2,2,1,100,1,0
1773408367.065008,198.250,4.141,24,24,67986,2,2,1,100,1,0
1773408369.069344,198.285,4.643,23,24,68089,2,2,1,100,1,0
1773408371.066061,198.379,4.807,24,24,68191,2,2,1,100,1,0
1773408373.065670,198.348,3.872,24,24,68300,2,2,1,100,1,0
1773408375.071067,198.395,3.211,24,24,68404,2,2,1,100,1,0
1773408377.066310,198.398,3.759,24,24,68509,2,2,1,100,1,0
1773408379.065096,198.418,4.379,24,24,68615,2,2,1,100,1,0
1773408381.065960,198.496,4.244,24,24,68720,2,2,1,100,1,0
1773408383.067707,198.504,3.608,24,24,68823,2,2,1,100,1,0
1773408385.074003,198.512,3.510,24,24,68928,2,2,1,100,1,0
1773408387.064917,198.578,3.886,24,24,69034,2,2,1,100,1,0
1773408389.076560,198.582,3.943,24,24,69138,2,2,1,100,1,0
1773408391.082289,198.582,5.291,24,24,69243,2,2,1,100,1,0
1773408393.066036,198.578,5.298,24,24,69348,2,2,1,100,1,0
1773408395.065390,198.602,4.329,24,24,69453,2,2,1,100,1,0
1773408397.069506,198.742,4.180,24,24,69557,2,2,1,100,1,0
1773408399.064956,198.570,3.490,24,24,69662,2,2,1,100,1,0
1773408401.065497,198.574,3.028,24,24,69767,2,2,1,100,1,0
1773408403.080029,198.625,4.895,24,24,69871,2,2,1,100,1,0
1773408405.068298,198.648,5.827,24,24,69976,2,2,1,100,1,0
1773408407.065715,198.652,8.704,24,24,70082,2,2,1,100,1,0
1773408409.094148,198.621,4.653,24,24,70181,2,2,1,100,1,0
1773408411.068838,198.617,4.493,24,24,70290,2,2,1,100,1,0
1773408413.064973,198.691,5.496,24,24,70396,2,2,1,100,1,0
1773408415.065382,198.641,4.603,24,24,70501,2,2,1,100,1,0
1773408417.082974,198.742,5.422,23,24,70605,2,2,1,100,1,0
1773408419.077717,198.734,5.940,24,24,70710,2,2,1,100,1,0
1773408421.065663,198.719,8.266,24,24,70815,2,2,1,100,1,0
1773408423.065700,198.734,7.638,24,24,70920,2,2,1,100,1,0
1773408425.070002,198.820,6.212,24,24,71024,2,2,1,100,1,0
1773408427.073986,198.871,8.847,24,24,71129,2,2,1,100,1,0
1773408429.071677,198.895,5.205,24,24,71232,2,2,1,100,1,0
1773408431.073338,199.023,4.459,23,24,71336,2,2,1,100,1,0
1773408433.161490,199.047,4.841,23,24,71434,2,2,1,100,1,0
1773408435.065192,198.984,5.509,24,24,71549,2,2,1,100,1,0
1773408437.065736,199.074,6.476,24,24,71654,2,2,1,100,1,0
1773408439.068576,199.066,5.884,23,24,71757,2,2,1,100,1,0
1773408441.066102,199.172,4.875,24,24,71863,2,2,1,100,1,0
1773408443.065733,199.188,4.553,23,24,71963,2,2,1,100,1,0
1773408445.069792,199.289,4.705,23,24,72065,2,2,1,100,1,0
1773408447.078389,199.281,4.386,23,24,72167,2,2,1,100,1,0
1773408449.065799,199.305,8.223,24,24,72285,2,2,1,100,1,0
1773408451.065616,199.320,5.121,24,24,72390,2,2,1,100,1,0
1773408453.071224,199.332,5.964,24,24,72494,2,2,1,100,1,0
1773408455.072693,199.406,9.049,24,24,72599,2,2,1,100,1,0
1773408457.103295,199.352,5.845,24,24,72699,2,2,1,100,1,0
1773408459.075811,199.414,5.389,24,24,72809,2,2,1,100,1,0
1773408461.065939,199.430,8.309,24,24,72914,2,2,1,100,1,0
1773408463.065758,199.480,5.359,24,24,73020,2,2,1,100,1,0
1773408465.065211,199.480,8.320,24,24,73125,2,2,1,100,1,0
1773408467.065470,199.484,6.280,24,24,73228,2,2,1,100,1,0
1773408469.087924,199.492,5.163,24,24,73331,2,2,1,100,1,0
1773408471.100852,199.605,4.516,24,24,73434,2,2,1,100,1,0
1773408473.143480,199.609,4.736,23,24,73540,2,2,1,100,1,0
1773408475.066208,199.672,4.840,23,24,73640,2,2,1,100,1,0
1773408477.065890,199.672,5.854,24,24,73753,2,2,1,100,1,0
1773408479.065277,199.672,4.827,24,24,73855,2,2,1,100,1,0
1773408481.086675,199.566,3.918,24,24,73963,2,2,1,100,1,0
1773408483.082242,199.648,7.594,24,24,74069,2,2,1,100,1,0
1773408485.084741,199.711,4.910,24,24,74172,2,2,1,100,1,0
1773408487.093569,199.711,4.214,24,24,74278,2,2,1,100,1,0
1773408489.086654,199.770,8.372,24,24,74382,2,2,1,100,1,0
1773408491.085019,199.836,4.580,24,24,74485,2,2,1,100,1,0
1773408493.094994,199.836,6.072,23,24,74588,2,2,1,100,1,0
1773408495.084268,199.844,5.101,24,24,74696,2,2,1,100,1,0
1773408497.084106,199.879,5.274,24,24,74806,2,2,1,100,1,0
1773408499.084406,199.891,3.963,24,24,74915,2,2,1,100,1,0
1773408501.082400,199.938,5.369,24,24,75018,2,2,1,100,1,0
1773408503.089061,200.016,4.435,24,24,75123,2,2,1,100,1,0
1773408505.082947,199.992,5.167,24,24,75229,2,2,1,100,1,0
1773408507.162706,200.055,4.134,23,24,75332,2,2,1,100,1,0
1773408509.086176,200.062,6.161,24,24,75438,2,2,1,100,1,0
1773408511.094857,200.031,4.503,24,24,75542,2,2,1,100,1,0
1773408513.081746,200.016,4.964,24,24,75649,2,2,1,100,1,0
1773408515.112880,199.961,9.291,24,24,75752,2,2,1,100,1,0
1773408517.083207,200.023,5.258,24,24,75858,2,2,1,100,1,0
1773408519.089271,200.023,5.757,24,24,75959,2,2,1,100,1,0
1773408521.165421,200.102,4.834,23,24,76063,2,2,1,100,1,0
1773408523.093948,200.059,4.112,24,24,76172,2,2,1,100,1,0
1773408525.081503,200.141,3.798,24,24,76277,2,2,1,100,1,0
1773408527.080773,200.156,3.536,24,24,76382,2,2,1,100,1,0
1773408529.108630,200.156,9.894,24,24,76486,2,2,1,100,1,0
1773408531.080707,200.227,7.552,24,24,76591,2,2,1,100,1,0
1773408533.080814,200.289,7.203,24,24,76696,2,2,1,100,1,0
1773408535.082020,200.258,8.101,23,24,76801,2,2,1,100,1,0
1773408537.084688,200.336,11.145,23,24,76904,2,2,1,100,1,0
1773408539.081292,200.340,6.871,24,24,77011,2,2,1,100,1,0
1773408541.081140,200.340,7.566,24,24,77116,2,2,1,100,1,0
1773408543.100145,200.340,7.687,24,24,77220,2,2,1,100,1,0
1773408545.096521,200.340,5.538,24,24,77326,2,2,1,100,1,0
1773408547.096003,200.379,11.072,24,24,77431,2,2,1,100,1,0
1773408549.111065,200.453,11.108,24,24,77535,2,2,1,100,1,0
1773408551.104129,200.477,7.995,24,24,77640,2,2,1,100,1,0
1773408553.096895,200.430,8.106,24,24,77745,2,2,1,100,1,0
1773408555.102885,200.434,5.199,24,24,77849,2,2,1,100,1,0
1773408557.102703,200.434,8.317,24,24,77954,2,2,1,100,1,0
1773408559.097870,200.438,6.378,24,24,78059,2,2,1,100,1,0
1773408561.096945,200.500,6.794,24,24,78164,2,2,1,100,1,0
1773408563.103993,200.531,7.019,23,24,78268,2,2,1,100,1,0
1773408565.096853,200.609,3.989,24,24,78374,2,2,1,100,1,0
1773408567.096419,200.656,3.440,24,24,78479,2,2,1,100,1,0
1773408569.099105,200.656,3.082,23,24,78583,2,2,1,100,1,0
1773408571.098975,200.656,6.247,24,24,78688,2,2,1,100,1,0
1773408573.097315,200.652,5.834,24,24,78793,2,2,1,100,1,0
1773408575.096881,200.668,7.004,24,24,78898,2,2,1,100,1,0
1773408577.110675,200.668,8.915,24,24,79001,2,2,1,100,1,0
1773408579.097093,200.730,10.422,24,24,79107,2,2,1,100,1,0
1773408581.097872,200.785,3.636,24,24,79212,2,2,1,100,1,0
1773408583.104995,200.789,5.390,24,24,79316,2,2,1,100,1,0
1773408585.110550,200.785,5.192,24,24,79421,2,2,1,100,1,0
1773408587.097135,200.832,6.834,24,24,79526,2,2,1,100,1,0
1773408589.097106,200.844,8.011,24,24,79632,2,2,1,100,1,0
1773408591.124604,200.914,10.885,24,24,79735,2,2,1,100,1,0
1773408593.099696,200.980,8.276,24,24,79840,2,2,1,100,1,0
1773408595.097826,200.957,6.286,24,24,79946,2,2,1,100,1,0
1773408597.119867,200.988,8.602,24,24,80050,2,2,1,100,1,0
1773408599.100594,200.984,6.863,24,24,80154,2,2,1,100,1,0
1773408601.096617,200.965,5.300,24,24,80260,2,2,1,100,1,0
1773408603.099061,200.984,6.188,24,24,80365,2,2,1,100,1,0
1773408605.102200,200.973,6.339,24,24,80469,2,2,1,100,1,0
1773408607.097071,201.047,5.806,24,24,80574,2,2,1,100,1,0
1773408609.096267,201.113,8.530,24,24,80679,2,2,1,100,1,0
1773408611.119354,201.117,6.585,23,24,80783,2,2,1,100,1,0
1773408613.099093,201.117,8.361,24,24,80888,2,2,1,100,1,0
1773408615.096794,201.117,10.706,24,24,80994,2,2,1,100,1,0
1773408617.096848,201.117,6.050,24,24,81099,2,2,1,100,1,0
1773408619.134373,201.117,5.433,22,24,81193,2,2,1,100,1,0
1773408621.098176,201.191,8.187,24,24,81307,2,2,1,100,1,0
1773408623.104420,201.289,7.353,24,24,81413,2,2,1,100,1,0
1773408625.102728,201.312,6.760,23,24,81517,2,2,1,100,1,0
1773408627.097108,201.359,5.340,24,24,81622,2,2,1,100,1,0
1773408629.097870,201.367,5.604,24,24,81727,2,2,1,100,1,0
1773408631.097308,201.305,3.742,24,24,81832,2,2,1,100,1,0
1773408633.109203,201.305,5.482,24,24,81936,2,2,1,100,1,0
1773408635.096822,201.305,5.413,24,24,82041,2,2,1,100,1,0
1773408637.096581,201.371,3.225,24,24,82146,2,2,1,100,1,0
1773408639.098109,201.434,5.180,24,24,82250,2,2,1,100,1,0
1773408641.097617,201.449,6.230,24,24,82356,2,2,1,100,1,0
1773408643.098700,201.438,8.726,24,24,82461,2,2,1,100,1,0
1773408645.099132,201.492,7.473,24,24,82566,2,2,1,100,1,0
1773408647.103987,201.492,4.378,24,24,82670,2,2,1,100,1,0
1773408649.096367,201.508,6.817,24,24,82775,2,2,1,100,1,0
1773408651.096652,201.602,5.502,24,24,82880,2,2,1,100,1,0
1773408653.119330,201.555,7.559,24,24,82985,2,2,1,100,1,0
1773408655.121694,201.668,9.942,24,24,83090,2,2,1,100,1,0
1773408657.112860,201.680,10.094,24,24,83195,2,2,1,100,1,0
1773408659.119875,201.680,4.530,23,24,83297,2,2,1,100,1,0
1773408661.118360,201.680,5.751,24,24,83403,2,2,1,100,1,0
1773408663.112341,201.680,6.049,24,24,83509,2,2,1,100,1,0
1773408665.112693,201.742,6.396,24,24,83614,2,2,1,100,1,0
1773408667.123940,201.742,6.565,24,24,83718,2,2,1,100,1,0
1773408669.116696,201.797,6.636,24,24,83823,2,2,1,100,1,0
1773408671.112627,201.867,5.760,24,24,83929,2,2,1,100,1,0
1773408673.119363,201.867,9.277,23,24,84033,2,2,1,100,1,0
1773408675.113127,201.871,6.861,24,24,84138,2,2,1,100,1,0
1773408677.113358,201.812,9.030,24,24,84242,2,2,1,100,1,0
1773408679.114657,201.812,6.842,24,24,84348,2,2,1,100,1,0
1773408681.118235,201.922,5.858,24,24,84452,2,2,1,100,1,0
1773408683.112293,201.984,5.629,24,24,84557,2,2,1,100,1,0
1773408685.113532,201.984,4.041,24,24,84662,2,2,1,100,1,0
1773408687.121464,201.988,3.987,23,24,84766,2,2,1,100,1,0
1773408689.117243,202.012,7.323,24,24,84871,2,2,1,100,1,0
1773408691.113606,202.043,7.059,24,24,84976,2,2,1,100,1,0
1773408693.114328,202.078,16.789,24,24,85077,2,2,1,100,1,0
1773408695.120702,202.062,3.210,24,24,85185,2,2,1,100,1,0
1773408697.113368,202.129,7.427,24,24,85291,2,2,1,100,1,0
1773408699.113218,202.191,5.647,24,24,85396,2,2,1,100,1,0
1773408701.148774,202.191,8.769,24,24,85500,2,2,1,100,1,0
1773408703.133743,202.160,6.313,24,24,85606,2,2,1,100,1,0
1773408705.128876,202.168,6.801,24,24,85711,2,2,1,100,1,0
1773408707.142213,202.098,6.599,24,24,85815,2,2,1,100,1,0
1773408709.135222,202.227,8.768,24,24,85920,2,2,1,100,1,0
1773408711.130013,202.227,6.431,24,24,86025,2,2,1,100,1,0
1773408713.129150,202.289,7.073,24,24,86130,2,2,1,100,1,0
1773408715.130196,202.312,3.627,24,24,86233,2,2,1,100,1,0
1773408717.128409,202.312,7.244,24,24,86339,2,2,1,100,1,0
1773408719.127882,202.355,3.900,24,24,86444,2,2,1,100,1,0
1773408721.137415,202.348,6.605,24,24,86549,2,2,1,100,1,0
1773408723.130840,202.367,4.971,23,24,86650,2,2,1,100,1,0
1773408725.128085,202.383,6.868,24,24,86757,2,2,1,100,1,0
1773408727.132316,202.445,6.078,24,24,86864,2,2,1,100,1,0
1773408729.138116,202.461,6.464,24,24,86966,2,2,1,100,1,0
1773408731.154328,202.488,6.704,24,24,87069,2,2,1,100,1,0
1773408733.127451,202.516,8.147,24,24,87178,2,2,1,100,1,0
1773408735.130853,202.516,8.352,23,24,87282,2,2,1,100,1,0
1773408737.132617,202.516,3.233,24,24,87387,2,2,1,100,1,0
1773408739.129173,202.531,5.631,24,24,87492,2,2,1,100,1,0
1773408741.131202,202.578,6.802,24,24,87597,2,2,1,100,1,0
1773408743.144855,202.598,5.210,24,24,87700,2,2,1,100,1,0
1773408745.130806,202.676,10.026,24,24,87806,2,2,1,100,1,0
1773408747.128415,202.676,8.476,24,24,87911,2,2,1,100,1,0
1773408749.138323,202.676,6.644,23,24,88016,2,2,1,100,1,0
1773408751.128832,202.680,10.011,24,24,88119,2,2,1,100,1,0
1773408753.129109,202.680,10.048,24,24,88226,2,2,1,100,1,0
1773408755.129458,202.730,6.144,24,24,88331,2,2,1,100,1,0
1773408757.136748,202.621,6.568,24,24,88435,2,2,1,100,1,0
1773408759.132705,202.781,2.945,24,24,88540,2,2,1,100,1,0
1773408761.133249,202.852,9.440,24,24,88645,2,2,1,100,1,0
1773408763.148261,202.852,9.582,24,24,88749,2,2,1,100,1,0
1773408765.132391,202.859,7.843,24,24,88854,2,2,1,100,1,0
1773408767.129502,202.855,8.276,24,24,88959,2,2,1,100,1,0
1773408769.130287,202.855,6.980,24,24,89064,2,2,1,100,1,0
1773408771.136644,202.859,6.451,24,24,89168,2,2,1,100,1,0
1773408773.130213,202.914,11.004,24,24,89273,2,2,1,100,1,0
1773408775.129665,202.906,8.575,24,24,89379,2,2,1,100,1,0
1773408777.129323,202.980,6.793,23,24,89483,2,2,1,100,1,0
1773408779.131509,202.977,7.575,24,24,89588,2,2,1,100,1,0
1773408781.129366,202.973,9.723,24,24,89693,2,2,1,100,1,0
1773408783.129032,202.922,6.763,24,24,89798,2,2,1,100,1,0
1773408785.131633,202.969,10.799,24,24,89901,2,2,1,100,1,0
1773408787.135819,202.984,8.981,24,24,90007,2,2,1,100,1,0
1773408789.128448,203.094,7.540,24,24,90112,2,2,1,100,1,0
1773408791.137050,203.156,7.842,24,24,90216,2,2,1,100,1,0
1773408793.130301,203.160,7.341,24,24,90320,2,2,1,100,1,0
1773408795.129012,203.102,9.475,24,24,90426,2,2,1,100,1,0
1773408797.128638,203.164,9.788,24,24,90531,2,2,1,100,1,0
1773408799.152574,203.133,8.965,24,24,90635,2,2,1,100,1,0
1773408801.132595,203.141,8.674,24,24,90740,2,2,1,100,1,0
1773408803.133164,203.203,9.208,24,24,90846,2,2,1,100,1,0
1773408805.148978,203.266,8.641,23,24,90950,2,2,1,100,1,0
1773408807.129485,203.266,7.662,24,24,91054,2,2,1,100,1,0
1773408809.129838,203.270,9.778,24,24,91160,2,2,1,100,1,0
1773408811.129063,203.281,8.498,24,24,91265,2,2,1,100,1,0
1773408813.131347,203.281,7.953,24,24,91369,2,2,1,100,1,0
1773408815.137703,203.344,8.189,24,24,91474,2,2,1,100,1,0
1773408817.133461,203.355,8.036,24,24,91579,2,2,1,100,1,0
1773408819.131079,203.426,12.361,23,24,91683,2,2,1,100,1,0
1773408821.134521,203.238,8.024,24,24,91788,2,2,1,100,1,0
1773408823.132752,203.238,8.514,24,24,91894,2,2,1,100,1,0
1773408825.127627,203.238,8.205,24,24,91998,2,2,1,100,1,0
1773408827.151088,203.238,8.057,24,24,92102,2,2,1,100,1,0
1773408829.129815,203.277,9.143,24,24,92208,2,2,1,100,1,0
1773408831.128489,203.449,10.336,24,24,92313,2,2,1,100,1,0
1773408833.138070,203.457,8.497,24,24,92417,2,2,1,100,1,0
1773408835.131530,203.535,7.001,24,24,92522,2,2,1,100,1,0
1773408837.132315,203.527,6.917,24,24,92627,2,2,1,100,1,0
1773408839.129694,203.535,4.058,24,24,92732,2,2,1,100,1,0
1773408841.130152,203.578,7.197,24,24,92836,2,2,1,100,1,0
1773408843.132657,203.551,6.762,24,24,92941,2,2,1,100,1,0
1773408845.127726,203.547,10.525,24,24,93046,2,2,1,100,1,0
1773408847.132320,203.660,5.385,24,24,93150,2,2,1,100,1,0
1773408849.140454,203.559,8.688,24,24,93256,2,2,1,100,1,0
1773408851.128041,203.691,8.892,24,24,93360,2,2,1,100,1,0
1773408853.128915,203.711,9.202,24,24,93466,2,2,1,100,1,0
1773408855.132414,203.676,9.044,23,24,93569,2,2,1,100,1,0
1773408857.132347,203.719,7.200,24,24,93675,2,2,1,100,1,0
1773408859.128168,203.730,6.299,24,24,93780,2,2,1,100,1,0
1773408861.137641,203.793,9.326,23,24,93884,2,2,1,100,1,0
1773408863.134924,203.855,8.012,24,24,93989,2,2,1,100,1,0
1773408865.129142,203.855,7.845,24,24,94094,2,2,1,100,1,0
1773408867.129183,203.918,7.062,24,24,94199,2,2,1,100,1,0
1773408869.140438,203.883,11.034,24,24,94302,2,2,1,100,1,0
1773408871.135611,203.895,10.561,24,24,94408,2,2,1,100,1,0
1773408873.130488,203.879,8.385,24,24,94513,2,2,1,100,1,0
1773408875.137457,203.895,9.054,24,24,94617,2,2,1,100,1,0
1773408877.132768,203.898,4.823,24,24,94722,2,2,1,100,1,0
1773408879.130296,204.020,8.269,24,24,94828,2,2,1,100,1,0
1773408881.132432,204.020,5.982,24,24,94933,2,2,1,100,1,0
1773408883.137421,204.039,5.412,24,24,95037,2,2,1,100,1,0
1773408885.133114,204.000,7.343,24,24,95142,2,2,1,100,1,0
1773408887.128740,203.988,8.198,24,24,95247,2,2,1,100,1,0
1773408889.152485,204.121,10.557,24,24,95351,2,2,1,100,1,0
1773408891.136559,204.105,5.607,24,24,95456,2,2,1,100,1,0
1773408893.128484,204.176,9.237,24,24,95561,2,2,1,100,1,0
1773408895.132822,204.258,4.840,24,24,95666,2,2,1,100,1,0
1773408897.135819,204.246,4.021,24,24,95770,2,2,1,100,1,0
1773408899.130589,204.301,8.223,24,24,95875,2,2,1,100,1,0
1773408901.143258,204.242,8.155,24,24,95976,2,2,1,100,1,0
1773408903.128994,204.312,3.967,23,24,96085,2,2,1,100,1,0
1773408905.128484,204.316,5.182,24,24,96190,2,2,1,100,1,0
1773408907.129894,204.363,7.175,24,24,96295,2,2,1,100,1,0
1773408909.131973,204.391,7.010,24,24,96400,2,2,1,100,1,0
1773408911.145967,204.410,9.591,24,24,96503,2,2,1,100,1,0
1773408913.129671,204.414,10.484,24,24,96609,2,2,1,100,1,0
1773408915.132475,204.355,10.001,24,24,96714,2,2,1,100,1,0
1773408917.159266,204.445,6.999,24,24,96818,2,2,1,100,1,0
1773408919.138245,204.434,6.640,24,24,96923,2,2,1,100,1,0
1773408921.129291,204.520,11.244,24,24,97028,2,2,1,100,1,0
1773408923.130805,204.512,7.698,24,24,97133,2,2,1,100,1,0
1773408925.134190,204.480,5.933,24,24,97237,2,2,1,100,1,0
1773408927.129170,204.535,10.238,24,24,97342,2,2,1,100,1,0
1773408929.128204,204.492,4.031,24,24,97447,2,2,1,100,1,0
1773408931.137128,204.590,5.330,24,24,97552,2,2,1,100,1,0
1773408933.138144,204.602,9.632,24,24,97657,2,2,1,100,1,0
1773408935.128898,204.629,4.705,24,24,97762,2,2,1,100,1,0
1773408937.132863,204.711,4.774,24,24,97867,2,2,1,100,1,0
1773408939.133432,204.711,8.897,24,24,97971,2,2,1,100,1,0
1773408941.128496,204.773,5.744,24,24,98076,2,2,1,100,1,0
1773408943.128047,204.715,8.650,24,24,98181,2,2,1,100,1,0
1773408945.157763,204.715,11.658,24,24,98285,2,2,1,100,1,0
1773408947.131449,204.750,7.106,24,24,98390,2,2,1,100,1,0
1773408949.129287,204.832,8.857,24,24,98495,2,2,1,100,1,0
1773408951.130622,204.809,7.979,24,24,98600,2,2,1,100,1,0
1773408953.153132,204.941,6.778,24,24,98703,2,2,1,100,1,0
1773408955.128174,204.820,9.290,24,24,98809,2,2,1,100,1,0
1773408957.132777,204.934,7.931,24,24,98915,2,2,1,100,1,0
1773408959.158828,204.945,8.538,23,24,99019,2,2,1,100,1,0
1773408961.130076,204.914,7.426,24,24,99123,2,2,1,100,1,0
1773408963.130290,204.973,5.416,24,24,99229,2,2,1,100,1,0
1773408965.129013,204.957,3.498,24,24,99334,2,2,1,100,1,0
1773408967.134448,205.012,8.861,24,24,99438,2,2,1,100,1,0
1773408969.128933,205.082,4.631,24,24,99543,2,2,1,100,1,0
1773408971.132462,205.023,7.925,24,24,99648,2,2,1,100,1,0
1773408973.152330,205.008,9.946,24,24,99752,2,2,1,100,1,0
1773408975.134614,205.047,5.806,24,24,99857,2,2,1,100,1,0
1773408977.129384,205.125,5.591,24,24,99962,2,2,1,100,1,0
1773408979.129445,205.055,9.542,24,24,100067,2,2,1,100,1,0
1773408981.133892,205.160,5.175,24,24,100171,2,2,1,100,1,0
1773408983.137613,205.188,10.528,24,24,100276,2,2,1,100,1,0
1773408985.132106,205.250,5.991,24,24,100382,2,2,1,100,1,0
1773408987.134147,205.258,3.923,24,24,100486,2,2,1,100,1,0
1773408989.129428,205.281,5.580,24,24,100591,2,2,1,100,1,0
1773408991.132950,205.250,10.667,24,24,100696,2,2,1,100,1,0
1773408993.128244,205.207,3.169,24,24,100801,2,2,1,100,1,0
1773408995.147843,205.180,11.476,24,24,100904,2,2,1,100,1,0
1773408997.129910,205.336,3.719,24,24,101010,2,2,1,100,1,0
1773408999.131644,205.398,8.497,24,24,101115,2,2,1,100,1,0
1773409001.133543,205.414,6.642,24,24,101219,2,2,1,100,1,0
1773409003.143878,205.414,8.691,24,24,101325,2,2,1,100,1,0
1773409005.132483,205.438,9.961,24,24,101429,2,2,1,100,1,0
1773409007.129091,205.395,6.703,24,24,101534,2,2,1,100,1,0
1773409009.136775,205.445,3.817,24,24,101638,2,2,1,100,1,0
1773409011.133783,205.496,3.096,24,24,101744,2,2,1,100,1,0
1773409013.132958,205.543,6.895,24,24,101849,2,2,1,100,1,0
1773409015.158296,205.539,9.183,24,24,101953,2,2,1,100,1,0
1773409017.129538,205.531,6.204,24,24,102057,2,2,1,100,1,0
1773409019.130768,205.531,7.934,24,24,102163,2,2,1,100,1,0
1773409021.130030,205.590,6.051,24,24,102268,2,2,1,100,1,0
1773409023.146993,205.562,6.396,24,24,102372,2,2,1,100,1,0
1773409025.144620,205.562,5.224,24,24,102478,2,2,1,100,1,0
1773409027.144244,205.672,9.618,24,24,102583,2,2,1,100,1,0
1773409029.153159,205.727,5.897,24,24,102687,2,2,1,100,1,0
1773409031.143796,205.723,8.545,24,24,102792,2,2,1,100,1,0
1773409033.146943,205.723,7.616,24,24,102897,2,2,1,100,1,0
1773409035.146925,205.711,7.646,23,24,103002,2,2,1,100,1,0
1773409037.144974,205.730,4.916,24,24,103107,2,2,1,100,1,0
1773409039.144576,205.805,3.627,24,24,103212,2,2,1,100,1,0
1773409041.146148,205.770,9.763,24,24,103317,2,2,1,100,1,0
1773409043.150103,205.875,7.441,24,24,103421,2,2,1,100,1,0
1773409045.145257,205.844,5.220,24,24,103526,2,2,1,100,1,0
1773409047.146909,205.875,9.915,24,24,103631,2,2,1,100,1,0
1773409049.155015,205.887,8.174,23,24,103734,2,2,1,100,1,0
1773409051.145038,205.867,9.052,24,24,103840,2,2,1,100,1,0
1773409053.146911,205.867,9.151,24,24,103945,2,2,1,100,1,0
1773409055.143668,205.875,10.278,24,24,104050,2,2,1,100,1,0
1773409057.146977,205.938,6.036,24,24,104154,2,2,1,100,1,0
1773409059.143351,206.016,8.404,24,24,104259,2,2,1,100,1,0
1773409061.154275,206.086,10.233,24,24,104361,2,2,1,100,1,0
1773409063.147166,206.066,6.097,23,24,104469,2,2,1,100,1,0
1773409065.144284,206.066,8.916,24,24,104573,2,2,1,100,1,0
1773409067.143498,206.066,4.887,24,24,104679,2,2,1,100,1,0
1773409069.144192,206.031,8.561,24,24,104784,2,2,1,100,1,0
1773409071.162784,206.152,8.802,24,24,104887,2,2,1,100,1,0
1773409073.159586,206.164,5.096,24,24,104994,2,2,1,100,1,0
1773409075.161568,206.223,10.022,24,24,105099,2,2,1,100,1,0
1773409077.169659,206.223,11.286,24,24,105202,2,2,1,100,1,0
1773409079.171830,206.238,11.405,24,24,105308,2,2,1,100,1,0
1773409081.162520,206.242,13.236,24,24,105413,2,2,1,100,1,0
1773409083.161912,206.242,8.231,23,24,105517,2,2,1,100,1,0
1773409085.163256,206.316,7.634,24,24,105620,2,2,1,100,1,0
1773409087.160191,206.363,7.347,24,24,105727,2,2,1,100,1,0
1773409089.160470,206.363,6.944,24,24,105833,2,2,1,100,1,0
1773409091.176619,206.422,9.453,24,24,105936,2,2,1,100,1,0
1773409093.176073,206.297,7.745,24,24,106043,2,2,1,100,1,0
1773409095.197575,206.312,8.280,24,24,106145,2,2,1,100,1,0
1773409097.176497,206.320,5.630,24,24,106251,2,2,1,100,1,0
1773409099.186222,206.375,4.057,24,24,106356,2,2,1,100,1,0
1773409101.175957,206.402,8.382,24,24,106462,2,2,1,100,1,0
1773409103.176647,206.477,10.163,23,24,106566,2,2,1,100,1,0
1773409105.189464,206.477,10.258,24,24,106669,2,2,1,100,1,0
1773409107.175943,206.539,4.926,24,24,106776,2,2,1,100,1,0
1773409109.176994,206.539,8.663,24,24,106881,2,2,1,100,1,0
1773409111.179861,206.578,4.906,24,24,106985,2,2,1,100,1,0
1773409113.181477,206.578,9.836,24,24,107090,2,2,1,100,1,0
1773409115.175553,206.629,8.852,24,24,107196,2,2,1,100,1,0
1773409117.198983,206.676,7.410,24,24,107300,2,2,1,100,1,0
1773409119.190475,206.742,8.342,24,24,107406,2,2,1,100,1,0
1773409121.194537,206.742,8.937,24,24,107511,2,2,1,100,1,0
1773409123.192939,206.766,8.918,23,24,107615,2,2,1,100,1,0
1773409125.192315,206.723,8.005,24,24,107720,2,2,1,100,1,0
1773409127.196220,206.793,12.442,24,24,107825,2,2,1,100,1,0
1773409129.194695,206.797,10.195,24,24,107930,2,2,1,100,1,0
1773409131.215282,206.730,8.357,24,24,108033,2,2,1,100,1,0
1773409133.195577,206.855,8.474,24,24,108139,2,2,1,100,1,0
1773409135.195138,206.859,10.245,24,24,108244,2,2,1,100,1,0
1773409137.206364,206.855,9.735,24,24,108348,2,2,1,100,1,0
1773409139.202884,206.863,5.803,24,24,108453,2,2,1,100,1,0
1773409141.191945,206.902,5.676,24,24,108558,2,2,1,100,1,0
1773409143.191255,206.973,7.020,24,24,108664,2,2,1,100,1,0
1773409145.195079,206.996,5.667,24,24,108767,2,2,1,100,1,0
1773409147.203047,206.902,8.137,24,24,108873,2,2,1,100,1,0
1773409149.192383,207.059,5.138,24,24,108978,2,2,1,100,1,0
1773409151.193618,207.121,4.464,23,24,109082,2,2,1,100,1,0
1773409153.193815,207.062,8.900,24,24,109185,2,2,1,100,1,0
1773409155.192112,207.066,4.667,24,24,109292,2,2,1,100,1,0
1773409157.192990,207.086,8.354,24,24,109397,2,2,1,100,1,0
1773409159.195147,207.055,6.100,24,24,109500,2,2,1,100,1,0
1773409161.216372,207.133,9.153,24,24,109607,2,2,1,100,1,0
1773409163.210376,207.086,8.139,24,24,109712,2,2,1,100,1,0
1773409165.211149,207.199,3.456,24,24,109816,2,2,1,100,1,0
1773409167.214256,207.152,10.019,24,24,109921,2,2,1,100,1,0
1773409169.207667,207.207,9.096,24,24,110026,2,2,1,100,1,0
1773409171.211927,207.172,6.651,23,24,110131,2,2,1,100,1,0
1773409173.213064,207.238,8.909,24,24,110235,2,2,1,100,1,0
1773409175.207908,207.270,6.845,24,24,110341,2,2,1,100,1,0
1773409177.207113,207.297,7.096,24,24,110446,2,2,1,100,1,0
1773409179.212127,207.328,9.466,24,24,110550,2,2,1,100,1,0
1773409181.216071,207.461,11.570,24,24,110655,2,2,1,100,1,0
1773409183.208135,207.469,7.338,24,24,110760,2,2,1,100,1,0
1773409185.241253,207.469,11.156,24,24,110864,2,2,1,100,1,0
1773409187.217226,207.379,8.988,24,24,110968,2,2,1,100,1,0
1773409189.206736,207.410,6.351,24,24,111074,2,2,1,100,1,0
1773409191.206346,207.441,8.998,24,24,111179,2,2,1,100,1,0
1773409193.212357,207.570,6.633,24,24,111283,2,2,1,100,1,0
1773409195.209210,207.535,10.965,24,24,111389,2,2,1,100,1,0
1773409197.206221,207.586,9.769,24,24,111494,2,2,1,100,1,0
1773409199.235110,207.570,7.220,23,24,111598,2,2,1,100,1,0
1773409201.218278,207.617,9.680,24,24,111703,2,2,1,100,1,0
1773409203.206641,207.551,11.704,24,24,111808,2,2,1,100,1,0
1773409205.206260,207.656,6.354,24,24,111913,2,2,1,100,1,0
1773409207.215135,207.707,8.154,24,24,112018,2,2,1,100,1,0
1773409209.206100,207.812,3.575,24,24,112123,2,2,1,100,1,0
1773409211.205476,207.809,7.148,24,24,112228,2,2,1,100,1,0
1773409213.213891,207.863,8.029,24,24,112332,2,2,1,100,1,0
1773409215.207415,207.762,4.649,24,24,112436,2,2,1,100,1,0
1773409217.205829,207.773,4.716,24,24,112542,2,2,1,100,1,0
1773409219.207188,207.836,3.952,24,24,112647,2,2,1,100,1,0
1773409221.245344,207.852,5.038,23,24,112749,2,2,1,100,1,0
1773409223.205613,207.918,4.402,24,24,112857,2,2,1,100,1,0
1773409225.206477,207.980,8.791,24,24,112962,2,2,1,100,1,0
1773409227.233904,207.980,11.465,23,24,113066,2,2,1,100,1,0
1773409229.220392,207.949,5.249,24,24,113171,2,2,1,100,1,0
1773409231.205899,207.969,8.583,24,24,113276,2,2,1,100,1,0
1773409233.205795,207.977,7.449,24,24,113381,2,2,1,100,1,0
1773409235.225589,208.047,8.850,24,24,113484,2,2,1,100,1,0
1773409237.210811,208.047,6.546,24,24,113585,2,2,1,100,1,0
1773409239.206215,208.109,5.528,24,24,113695,2,2,1,100,1,0
1773409241.210424,208.031,3.226,24,24,113799,2,2,1,100,1,0
1773409243.211167,208.043,4.469,24,24,113904,2,2,1,100,1,0
1773409245.205498,208.043,4.310,24,24,114009,2,2,1,100,1,0
1773409247.205830,208.160,9.395,24,24,114114,2,2,1,100,1,0
1773409249.206452,208.117,4.267,24,24,114218,2,2,1,100,1,0
1773409251.215214,208.180,7.321,24,24,114323,2,2,1,100,1,0
1773409253.207071,208.172,4.616,24,24,114429,2,2,1,100,1,0
1773409255.242930,208.242,8.887,24,24,114533,2,2,1,100,1,0
1773409257.213313,208.250,5.962,24,24,114637,2,2,1,100,1,0
1773409259.205937,208.191,3.683,24,24,114743,2,2,1,100,1,0
1773409261.208170,208.199,3.226,24,24,114848,2,2,1,100,1,0
1773409263.217117,208.215,5.220,24,24,114952,2,2,1,100,1,0
1773409265.211118,208.328,5.127,24,24,115057,2,2,1,100,1,0
1773409267.205867,208.332,3.767,24,24,115162,2,2,1,100,1,0
1773409269.209855,208.320,4.754,24,24,115266,2,2,1,100,1,0
1773409271.213753,208.395,11.106,24,24,115370,2,2,1,100,1,0
1773409273.207023,208.391,10.636,24,24,115476,2,2,1,100,1,0
1773409275.206878,208.391,6.391,24,24,115582,2,2,1,100,1,0
1773409277.217303,208.387,10.418,24,24,115686,2,2,1,100,1,0
1773409279.205357,208.434,6.445,22,24,115782,2,2,1,100,1,0
1773409281.206033,208.527,4.521,24,24,115896,2,2,1,100,1,0
1773409283.214613,208.465,4.692,23,24,116000,2,2,1,100,1,0
1773409285.205830,208.609,4.343,24,24,116104,2,2,1,100,1,0
1773409287.205941,208.609,3.884,24,24,116210,2,2,1,100,1,0
1773409289.205932,208.551,5.916,24,24,116315,2,2,1,100,1,0
1773409291.208428,208.598,4.284,24,24,116419,2,2,1,100,1,0
1773409293.206257,208.598,4.679,24,24,116524,2,2,1,100,1,0
1773409295.205702,208.629,5.214,24,24,116629,2,2,1,100,1,0
1773409297.225557,208.672,5.923,24,24,116733,2,2,1,100,1,0
1773409299.214889,208.660,6.337,24,24,116838,2,2,1,100,1,0
1773409301.206205,208.781,7.849,24,24,116944,2,2,1,100,1,0
1773409303.205794,208.789,5.391,24,24,117049,2,2,1,100,1,0
1773409305.215247,208.805,3.556,24,24,117152,2,2,1,100,1,0
1773409307.219873,208.805,4.406,24,24,117257,2,2,1,100,1,0
1773409309.205994,208.809,3.511,24,24,117363,2,2,1,100,1,0
1773409311.209040,208.836,6.524,23,24,117467,2,2,1,100,1,0
1773409313.210885,208.898,8.451,24,24,117570,2,2,1,100,1,0
1773409315.206791,208.945,7.252,24,24,117677,2,2,1,100,1,0
1773409317.206067,208.910,7.497,24,24,117782,2,2,1,100,1,0
1773409319.211624,208.836,7.008,24,24,117886,2,2,1,100,1,0
1773409321.205667,209.000,5.193,24,24,117991,2,2,1,100,1,0
1773409323.206134,209.000,4.533,24,24,118096,2,2,1,100,1,0
1773409325.210013,208.973,4.427,24,24,118200,2,2,1,100,1,0
1773409327.208595,208.992,4.865,24,24,118305,2,2,1,100,1,0
1773409329.208227,209.113,6.120,24,24,118411,2,2,1,100,1,0
1773409331.205995,209.125,7.223,24,24,118516,2,2,1,100,1,0
1773409333.206000,209.059,4.952,24,24,118619,2,2,1,100,1,0
1773409335.206490,209.039,7.467,24,24,118725,2,2,1,100,1,0
1773409337.205451,209.113,8.463,24,24,118830,2,2,1,100,1,0
1773409339.222217,209.125,5.457,24,24,118934,2,2,1,100,1,0
1773409341.209431,209.145,8.730,23,24,119036,2,2,1,100,1,0
1773409343.206155,209.266,4.261,24,24,119144,2,2,1,100,1,0
1773409345.206235,209.289,5.191,24,24,119249,2,2,1,100,1,0
1773409347.210005,209.289,8.602,24,24,119353,2,2,1,100,1,0
1773409349.205903,209.207,9.084,24,24,119458,2,2,1,100,1,0
1773409351.206171,209.223,7.784,24,24,119563,2,2,1,100,1,0
1773409353.224459,209.219,9.103,24,24,119667,2,2,1,100,1,0
1773409355.217834,209.293,10.030,24,24,119773,2,2,1,100,1,0
1773409357.205981,209.289,8.391,24,24,119878,2,2,1,100,1,0
1773409359.206030,209.375,7.711,24,24,119983,2,2,1,100,1,0
1773409361.210874,209.375,6.131,24,24,120086,2,2,1,100,1,0
1773409363.206061,209.383,9.906,24,24,120192,2,2,1,100,1,0
1773409365.205667,209.316,5.538,24,24,120297,2,2,1,100,1,0
1773409367.224416,209.457,8.256,24,24,120401,2,2,1,100,1,0
1773409369.210248,209.492,9.286,24,24,120506,2,2,1,100,1,0
1773409371.206583,209.484,4.421,24,24,120611,2,2,1,100,1,0
1773409373.205927,209.547,6.843,24,24,120716,2,2,1,100,1,0
1773409375.229532,209.535,14.575,24,24,120819,2,2,1,100,1,0
1773409377.212974,209.570,10.540,24,24,120925,2,2,1,100,1,0
1773409379.206231,209.578,7.206,24,24,121031,2,2,1,100,1,0
1773409381.209099,209.512,6.600,23,24,121135,2,2,1,100,1,0
1773409383.214199,209.613,7.624,24,24,121240,2,2,1,100,1,0
1773409385.206823,209.621,9.026,24,24,121345,2,2,1,100,1,0
1773409387.206063,209.629,12.372,24,24,121450,2,2,1,100,1,0
1773409389.224903,209.738,8.946,24,24,121553,2,2,1,100,1,0
1773409391.206042,209.766,4.627,24,24,121659,2,2,1,100,1,0
1773409393.205621,209.793,9.327,24,24,121764,2,2,1,100,1,0
1773409395.218920,209.820,9.665,24,24,121868,2,2,1,100,1,0
1773409397.209340,209.785,7.062,24,24,121973,2,2,1,100,1,0
1773409399.206303,209.828,7.055,24,24,122078,2,2,1,100,1,0
1773409401.205766,209.832,6.977,24,24,122183,2,2,1,100,1,0
1773409403.227881,209.895,11.198,24,24,122286,2,2,1,100,1,0
1773409405.212878,209.961,7.745,24,24,122392,2,2,1,100,1,0
1773409407.207598,209.961,9.136,24,24,122498,2,2,1,100,1,0
1773409409.246108,209.965,12.412,24,24,122602,2,2,1,100,1,0
1773409411.215408,209.906,9.909,24,24,122707,2,2,1,100,1,0
1773409413.206465,209.953,8.935,24,24,122812,2,2,1,100,1,0
1773409415.206646,210.078,9.707,24,24,122917,2,2,1,100,1,0
1773409417.214649,210.047,7.639,24,24,123020,2,2,1,100,1,0
1773409419.206925,210.082,7.360,24,24,123126,2,2,1,100,1,0
1773409421.206623,209.973,7.664,24,24,123231,2,2,1,100,1,0
1773409423.207500,210.113,13.290,23,24,123335,2,2,1,100,1,0
1773409425.217884,210.211,9.793,24,24,123438,2,2,1,100,1,0
1773409427.206973,210.105,8.980,24,24,123545,2,2,1,100,1,0
1773409429.208141,210.156,8.838,24,24,123650,2,2,1,100,1,0
1773409431.207716,210.176,8.342,24,24,123754,2,2,1,100,1,0
1773409433.213417,210.176,8.331,24,24,123859,2,2,1,100,1,0
1773409435.205396,210.246,8.769,24,24,123965,2,2,1,100,1,0
1773409437.222046,210.246,8.572,23,24,124069,2,2,1,100,1,0
1773409439.206410,210.246,10.589,24,24,124172,2,2,1,100,1,0
1773409441.243897,210.250,6.820,24,24,124279,2,2,1,100,1,0
1773409443.205403,210.312,4.754,24,24,124384,2,2,1,100,1,0
1773409445.229076,210.316,7.918,24,24,124487,2,2,1,100,1,0
1773409447.206004,210.363,4.403,24,24,124593,2,2,1,100,1,0
1773409449.205593,210.379,4.421,24,24,124698,2,2,1,100,1,0
1773409451.216749,210.332,7.970,24,24,124802,2,2,1,100,1,0
1773409453.214653,210.398,6.008,24,24,124907,2,2,1,100,1,0
1773409455.206283,210.426,4.405,24,24,125012,2,2,1,100,1,0
1773409457.205717,210.500,12.145,24,24,125118,2,2,1,100,1,0
1773409459.215637,210.504,5.553,24,24,125221,2,2,1,100,1,0
1773409461.206124,210.516,5.627,24,24,125327,2,2,1,100,1,0
1773409463.205915,210.578,4.629,24,24,125432,2,2,1,100,1,0
1773409465.208103,210.582,2.857,23,24,125536,2,2,1,100,1,0
1773409467.210120,210.582,4.270,24,24,125640,2,2,1,100,1,0
1773409469.207031,210.645,5.085,24,24,125746,2,2,1,100,1,0
1773409471.205742,210.672,5.903,24,24,125853,2,2,1,100,1,0
1773409473.210243,210.672,6.824,24,24,125957,2,2,1,100,1,0
1773409475.213698,210.734,8.035,24,24,126060,2,2,1,100,1,0
1773409477.205841,210.699,5.034,24,24,126167,2,2,1,100,1,0
1773409479.211286,210.758,6.285,24,24,126271,2,2,1,100,1,0
1773409481.209721,210.738,4.173,24,24,126376,2,2,1,100,1,0
1773409483.207937,210.820,5.733,24,24,126482,2,2,1,100,1,0
1773409485.206015,210.781,3.874,24,24,126587,2,2,1,100,1,0
1773409487.206455,210.773,7.019,24,24,126690,2,2,1,100,1,0
1773409489.207896,210.824,8.728,24,24,126796,2,2,1,100,1,0
1773409491.205657,210.832,5.586,24,24,126901,2,2,1,100,1,0
1773409493.208107,210.922,4.940,23,24,127005,2,2,1,100,1,0
1773409495.210436,210.988,7.898,24,24,127109,2,2,1,100,1,0
1773409497.220851,210.953,5.019,24,24,127214,2,2,1,100,1,0
1773409499.206291,210.953,7.847,24,24,127320,2,2,1,100,1,0
1773409501.213288,210.984,5.692,24,24,127424,2,2,1,100,1,0
1773409503.212273,211.062,6.014,24,24,127525,2,2,1,100,1,0
1773409505.205698,211.035,4.373,24,24,127634,2,2,1,100,1,0
1773409507.264756,210.941,5.738,23,24,127737,2,2,1,100,1,0
1773409509.211125,211.074,5.697,24,24,127842,2,2,1,100,1,0
1773409511.223271,211.039,4.403,24,24,127947,2,2,1,100,1,0
1773409513.205677,211.039,4.168,24,24,128054,2,2,1,100,1,0
1773409515.215437,211.145,4.514,24,24,128157,2,2,1,100,1,0
1773409517.214543,211.137,7.859,24,24,128262,2,2,1,100,1,0
1773409519.206337,211.145,5.720,24,24,128368,2,2,1,100,1,0
1773409521.218107,211.207,4.622,24,24,128472,2,2,1,100,1,0
1773409523.234357,211.215,4.876,24,24,128576,2,2,1,100,1,0
1773409525.234226,211.258,4.968,24,24,128680,2,2,1,100,1,0
1773409527.205746,211.262,5.159,24,24,128787,2,2,1,100,1,0
1773409529.207742,211.305,6.533,24,24,128890,2,2,1,100,1,0
1773409531.205740,211.309,3.995,24,24,128996,2,2,1,100,1,0
1773409533.205915,211.285,9.804,24,24,129101,2,2,1,100,1,0
1773409535.222554,211.289,8.646,23,24,129206,2,2,1,100,1,0
1773409537.221414,211.273,5.872,24,24,129310,2,2,1,100,1,0
1773409539.206747,211.348,3.832,24,24,129416,2,2,1,100,1,0
1773409541.206883,211.348,7.644,24,24,129521,2,2,1,100,1,0
1773409543.224554,211.367,5.093,24,24,129624,2,2,1,100,1,0
1773409545.206111,211.320,7.978,24,24,129730,2,2,1,100,1,0
1773409547.206298,211.363,6.345,24,24,129835,2,2,1,100,1,0
1773409549.207916,211.418,4.241,23,24,129939,2,2,1,100,1,0
1773409551.207294,211.410,4.590,24,24,130044,2,2,1,100,1,0
1773409553.205572,211.531,7.036,24,24,130149,2,2,1,100,1,0
1773409555.206834,211.594,6.580,24,24,130254,2,2,1,100,1,0
1773409557.214115,211.594,7.127,24,24,130358,2,2,1,100,1,0
1773409559.224897,211.523,5.586,24,24,130463,2,2,1,100,1,0
1773409561.214881,211.586,4.143,24,24,130568,2,2,1,100,1,0
1773409563.219913,211.586,3.976,23,24,130671,2,2,1,100,1,0
1773409565.210181,211.660,4.462,24,24,130776,2,2,1,100,1,0
1773409567.240094,211.723,6.408,24,24,130872,2,2,1,100,1,0
1773409569.258588,211.844,8.355,23,24,130989,2,2,1,100,1,0
1773409571.237138,211.652,5.227,24,24,131100,2,2,1,100,1,0
1773409573.236878,211.656,4.687,24,24,131205,2,2,1,100,1,0
1773409575.242191,211.645,4.017,24,24,131308,2,2,1,100,1,0
1773409577.237533,211.648,4.303,24,24,131414,2,2,1,100,1,0
1773409579.236930,211.766,6.516,24,24,131519,2,2,1,100,1,0
1773409581.254716,211.828,6.525,23,24,131623,2,2,1,100,1,0
1773409583.242032,211.832,11.230,24,24,131726,2,2,1,100,1,0
1773409585.238323,211.871,11.677,24,24,131833,2,2,1,100,1,0
1773410200.668827,150.559,0.000,0,24,0,8,8,3,100,0,0
1773410202.659477,160.027,0.040,0,24,0,8,8,3,100,0,0
1773410204.659038,165.586,0.019,0,24,0,8,8,3,100,0,0
1773410206.659971,165.750,0.021,0,24,0,8,8,3,100,0,0
1773410208.659285,165.820,0.019,0,24,0,8,8,3,100,0,0
1773410210.658575,165.801,0.022,0,24,0,8,8,3,100,0,0
1773410212.658867,165.840,0.019,0,24,0,8,8,3,100,0,0
1773410214.658802,165.852,0.021,0,24,0,8,8,3,100,0,0
1773410216.658839,165.867,0.030,0,24,0,8,8,3,100,0,0
1773410218.658958,165.875,0.017,0,24,0,8,8,3,100,0,0
1773410220.659334,165.875,0.023,0,24,0,8,8,3,100,0,0
1773410222.659349,165.918,0.021,0,24,0,8,8,3,100,0,0
1773410224.658855,165.934,0.021,0,24,0,8,8,3,100,0,0
1773410226.658620,165.672,0.030,0,24,0,8,8,3,100,0,0
1773410228.659379,165.684,0.020,0,24,0,8,8,3,100,0,0
1773410230.662457,165.688,0.026,0,24,0,8,8,3,100,0,0
1773410232.658678,165.703,0.031,0,24,0,8,8,3,100,0,0
1773410281.955054,150.188,0.000,0,24,0,8,8,3,100,0,0
1773410283.940747,150.188,0.000,0,24,0,8,8,3,100,0,0
1773410285.940654,150.188,0.000,0,24,0,8,8,3,100,0,0
1773410287.941075,150.188,0.000,0,24,0,8,8,3,100,0,0
1773410289.940224,150.188,0.000,0,24,0,8,8,3,100,0,0
1773410291.940691,150.188,0.000,0,24,0,8,8,3,100,0,0
1773410293.940666,150.188,0.000,0,24,0,8,8,3,100,0,0
1773410295.942531,150.188,0.000,0,24,0,8,8,3,100,0,0
1773410297.939831,150.188,0.000,0,24,0,8,8,3,100,0,0
1773410299.940561,150.188,0.000,0,24,0,8,8,3,100,0,0
1773410301.940917,150.105,0.000,0,24,0,8,8,3,100,0,0
1773410303.940628,150.105,0.000,0,24,0,8,8,3,100,0,0
1773410305.940681,150.105,0.000,0,24,0,8,8,3,100,0,0
1773410307.940896,149.848,0.000,0,24,0,8,8,3,100,0,0
1773410309.943606,149.848,0.000,0,24,0,8,8,3,100,0,0
1773410311.940438,149.848,0.000,0,24,0,8,8,3,100,0,0
1773410313.939906,149.848,0.000,0,24,0,8,8,3,100,0,0
1773410315.940991,149.848,0.000,0,24,0,8,8,3,100,0,0
1773410317.940650,149.848,0.000,0,24,0,8,8,3,100,0,0
1773410319.940025,149.848,0.000,0,24,0,8,8,3,100,0,0
1773410321.940225,149.855,0.000,0,24,0,8,8,3,100,0,0
1773410323.940665,149.859,0.000,0,24,0,8,8,3,100,0,0
1773410325.940283,149.859,0.000,0,24,0,8,8,3,100,0,0
1773410327.940432,149.859,0.000,0,24,0,8,8,3,100,0,0
1773410329.940504,149.863,0.000,0,24,0,8,8,3,100,0,0
1773410331.940677,149.863,0.000,0,24,0,8,8,3,100,0,0
1773410333.941631,149.863,0.000,0,24,0,8,8,3,100,0,0
1773410335.939978,149.863,0.000,0,24,0,8,8,3,100,0,0
1773410337.940153,149.805,0.000,0,24,0,8,8,3,100,0,0
1773410339.940164,149.805,0.000,0,24,0,8,8,3,100,0,0
1773410341.941686,149.809,0.000,0,24,0,8,8,3,100,0,0
1773410343.942329,149.809,0.000,0,24,0,8,8,3,100,0,0
1773410345.940531,149.809,0.000,0,24,0,8,8,3,100,0,0
1773410347.941146,149.809,0.000,0,24,0,8,8,3,100,0,0
1773410349.940531,149.809,0.000,0,24,0,8,8,3,100,0,0
1773410351.939626,149.809,0.000,0,24,0,8,8,3,100,0,0
1773410353.940449,149.809,0.000,0,24,0,8,8,3,100,0,0
1773410355.940442,149.809,0.000,0,24,0,8,8,3,100,0,0
1773410357.940174,149.809,0.000,0,24,0,8,8,3,100,0,0
1773410359.940673,149.832,0.000,0,24,0,8,8,3,100,0,0
1773410362.015555,159.059,0.000,0,24,0,8,8,3,100,0,0
1773410363.940076,164.410,0.019,0,24,0,8,8,3,100,0,0
1773410365.941041,165.090,0.024,0,24,0,8,8,3,100,0,0
1773410367.940359,165.203,0.018,0,24,0,8,8,3,100,0,0
1773410369.941449,165.238,0.021,0,24,0,8,8,3,100,0,0
1773410371.939912,165.445,0.023,0,24,0,8,8,3,100,0,0
1773410373.940581,165.531,0.021,0,24,0,8,8,3,100,0,0
1773410375.941181,165.562,0.019,0,24,0,8,8,3,100,0,0
1773410377.940061,165.570,0.019,0,24,0,8,8,3,100,0,0
1773410379.941604,165.629,0.022,0,24,0,8,8,3,100,0,0
1773410381.940469,165.676,0.018,0,24,0,8,8,3,100,0,0
1773410383.939539,165.785,0.016,0,24,0,8,8,3,100,0,0
1773410385.940325,165.633,0.027,0,24,0,8,8,3,100,0,0
1773410387.940350,165.637,0.021,0,24,0,8,8,3,100,0,0
1773410389.941437,165.641,0.024,0,24,0,8,8,3,100,0,0
1773410391.941369,165.676,0.017,0,24,0,8,8,3,100,0,0
1773410393.940372,165.684,0.019,0,24,0,8,8,3,100,0,0
1773410395.940351,165.695,0.017,0,24,0,8,8,3,100,0,0
1773410397.942114,165.801,0.017,0,24,0,8,8,3,100,0,0
1773410399.940515,165.812,0.017,0,24,0,8,8,3,100,0,0
1773410401.939974,165.816,0.019,0,24,0,8,8,3,100,0,0
1773410403.942738,165.855,0.016,0,24,0,8,8,3,100,0,0
1773410405.940606,165.906,0.028,0,24,0,8,8,3,100,0,0
1773410407.946108,165.926,0.021,0,24,0,8,8,3,100,0,0
1773410410.106344,166.180,0.018,0,24,0,8,8,3,100,0,0
1773410411.941306,166.629,0.023,0,24,0,8,8,3,100,0,0
1773410413.940547,167.184,0.021,0,24,0,8,8,3,100,0,0
1773410415.940895,167.996,0.030,0,24,0,8,8,3,100,0,0
1773410417.945098,168.855,0.025,0,24,0,8,8,3,100,0,0
1773410419.940123,169.680,0.022,0,24,0,8,8,3,100,0,0
1773410421.940497,170.480,0.021,0,24,0,8,8,3,100,0,0
1773410423.940662,171.277,0.022,0,24,0,8,8,3,100,0,0
1773410425.939604,172.102,0.015,0,24,0,8,8,3,100,0,0
1773410427.941289,172.934,0.016,0,24,0,8,8,3,100,0,0
1773410429.940781,173.762,0.019,0,24,0,8,8,3,100,0,0
1773410431.941295,174.578,0.018,0,24,0,8,8,3,100,0,0
1773410433.941028,175.371,0.027,0,24,0,8,8,3,100,0,0
1773410435.940649,176.203,0.019,0,24,0,8,8,3,100,0,0
1773410437.940702,177.031,0.022,0,24,0,8,8,3,100,0,0
1773410439.940797,177.898,0.020,0,24,0,8,8,3,100,0,0
1773410441.940702,178.691,0.018,0,24,0,8,8,3,100,0,0
1773410443.941202,170.203,0.015,0,24,0,8,8,3,100,0,0
1773410445.941563,168.027,0.017,0,24,0,8,8,3,100,0,0
1773410447.939976,168.824,0.022,0,24,0,8,8,3,100,0,0
1773410449.940279,169.613,0.022,0,24,0,8,8,3,100,0,0
1773410451.940732,170.414,0.017,0,24,0,8,8,3,100,0,0
1773410453.940190,171.211,0.020,0,24,0,8,8,3,100,0,0
1773410455.940762,172.000,0.024,0,24,0,8,8,3,100,0,0
1773410457.940522,172.797,0.025,0,24,0,8,8,3,100,0,0
1773410459.939932,173.582,0.020,0,24,0,8,8,3,100,0,0
1773410461.941512,174.387,0.028,0,24,0,8,8,3,100,0,0
1773410463.940920,175.172,0.019,0,24,0,8,8,3,100,0,0
1773410465.940578,176.008,0.019,0,24,0,8,8,3,100,0,0
1773410467.940416,176.852,0.018,0,24,0,8,8,3,100,0,0
1773410469.940130,177.707,0.017,0,24,0,8,8,3,100,0,0
1773410471.940384,178.496,0.021,0,24,0,8,8,3,100,0,0
1773410473.941703,179.309,0.015,0,24,0,8,8,3,100,0,0
1773410475.940204,167.949,0.018,0,24,0,8,8,3,100,0,0
1773410477.940541,168.738,0.021,0,24,0,8,8,3,100,0,0
1773410479.941217,169.527,0.022,0,24,0,8,8,3,100,0,0
1773410481.940265,170.312,0.023,0,24,0,8,8,3,100,0,0
1773410483.940385,171.105,0.016,0,24,0,8,8,3,100,0,0
1773410485.940401,171.898,0.022,0,24,0,8,8,3,100,0,0
1773410487.941598,172.703,0.019,0,24,0,8,8,3,100,0,0
1773410489.939960,173.488,0.015,0,24,0,8,8,3,100,0,0
1773410491.939751,174.281,0.018,0,24,0,8,8,3,100,0,0
1773410493.940598,175.066,0.021,0,24,0,8,8,3,100,0,0
1773410495.941767,175.875,0.017,0,24,0,8,8,3,100,0,0
1773410497.940627,176.660,0.026,0,24,0,8,8,3,100,0,0
1773410499.940540,177.453,0.018,0,24,0,8,8,3,100,0,0
1773410501.942006,178.250,0.033,0,24,0,8,8,3,100,0,0
1773410503.940600,179.059,0.018,0,24,0,8,8,3,100,0,0
1773410505.939697,170.039,0.023,0,24,0,8,8,3,100,0,0
1773410507.940426,168.473,0.026,0,24,0,8,8,3,100,0,0
1773410509.940588,169.262,0.020,0,24,0,8,8,3,100,0,0
1773410511.940594,170.051,0.019,0,24,0,8,8,3,100,0,0
1773410513.940639,170.852,0.023,0,24,0,8,8,3,100,0,0
1773410515.941108,171.648,0.020,0,24,0,8,8,3,100,0,0
1773410517.940114,172.445,0.018,0,24,0,8,8,3,100,0,0
1773410519.940690,173.234,0.015,0,24,0,8,8,3,100,0,0
1773410521.940137,174.027,0.014,0,24,0,8,8,3,100,0,0
1773410523.940047,174.824,0.015,0,24,0,8,8,3,100,0,0
1773410525.939915,175.613,0.017,0,24,0,8,8,3,100,0,0
1773410527.939941,176.414,0.016,0,24,0,8,8,3,100,0,0
1773410529.941398,177.199,0.026,0,24,0,8,8,3,100,0,0
1773410531.940961,178.000,0.020,0,24,0,8,8,3,100,0,0
1773410533.940733,178.801,0.022,0,24,0,8,8,3,100,0,0
1773410535.940305,179.598,0.018,0,24,0,8,8,3,100,0,0
1773410537.939763,168.238,0.019,0,24,0,8,8,3,100,0,0
1773410539.940562,169.035,0.020,0,24,0,8,8,3,100,0,0
1773410541.940870,169.832,0.017,0,24,0,8,8,3,100,0,0
1773410543.943213,170.617,0.020,0,24,0,8,8,3,100,0,0
1773410545.940081,171.406,0.023,0,24,0,8,8,3,100,0,0
1773410547.940474,172.203,0.020,0,24,0,8,8,3,100,0,0
1773410549.942616,172.988,0.018,0,24,0,8,8,3,100,0,0
1773410551.939916,173.773,0.022,0,24,0,8,8,3,100,0,0
1773410553.940223,174.562,0.017,0,24,0,8,8,3,100,0,0
1773410555.940786,175.352,0.017,0,24,0,8,8,3,100,0,0
1773410557.939720,176.156,0.026,0,24,0,8,8,3,100,0,0
1773410559.940686,176.945,0.018,0,24,0,8,8,3,100,0,0
1773410561.941490,177.727,0.021,0,24,0,8,8,3,100,0,0
1773410563.957855,178.523,0.023,0,24,0,8,8,3,100,0,0
1773410565.957401,179.328,0.015,0,24,0,8,8,3,100,0,0
1773410567.956690,167.961,0.023,0,24,0,8,8,3,100,0,0
1773410569.955819,168.746,0.018,0,24,0,8,8,3,100,0,0
1773410571.957130,169.539,0.020,0,24,0,8,8,3,100,0,0
1773410573.957357,170.324,0.027,0,24,0,8,8,3,100,0,0
1773410575.956738,171.125,0.021,0,24,0,8,8,3,100,0,0
1773410577.957602,171.953,0.020,0,24,0,8,8,3,100,0,0
1773410579.957012,172.734,0.021,0,24,0,8,8,3,100,0,0
1773410581.956348,173.512,0.030,0,24,0,8,8,3,100,0,0
1773410583.956717,174.305,0.025,0,24,0,8,8,3,100,0,0
1773410585.957213,175.090,0.019,0,24,0,8,8,3,100,0,0
1773410587.957172,175.875,0.025,0,24,0,8,8,3,100,0,0
1773410589.956596,176.676,0.019,0,24,0,8,8,3,100,0,0
1773410591.958031,177.484,0.026,0,24,0,8,8,3,100,0,0
1773410593.956522,178.277,0.022,0,24,0,8,8,3,100,0,0
1773410595.955936,179.074,0.025,0,24,0,8,8,3,100,0,0
1773410597.956338,170.152,0.018,0,24,0,8,8,3,100,0,0
1773410599.957446,168.488,0.017,0,24,0,8,8,3,100,0,0
1773410601.955764,169.277,0.017,0,24,0,8,8,3,100,0,0
1773410603.957471,170.070,0.020,0,24,0,8,8,3,100,0,0
1773410605.957528,170.863,0.020,0,24,0,8,8,3,100,0,0
1773410607.956276,171.652,0.029,0,24,0,8,8,3,100,0,0
1773410609.956673,172.445,0.020,0,24,0,8,8,3,100,0,0
1773410611.957691,173.238,0.026,0,24,0,8,8,3,100,0,0
1773410613.957603,174.023,0.020,0,24,0,8,8,3,100,0,0
1773410615.956977,174.840,0.018,0,24,0,8,8,3,100,0,0
1773410617.956905,178.305,0.137,0,24,0,8,8,3,100,0,0
1773410619.957393,179.160,0.111,0,24,0,8,8,3,100,0,0
1773410621.956144,180.043,0.103,0,24,0,8,8,3,100,0,0
1773410623.955391,180.902,0.106,0,24,0,8,8,3,100,0,0
1773410625.956448,181.734,0.097,0,24,0,8,8,3,100,0,0
1773410627.956189,182.566,0.097,0,24,0,8,8,3,100,0,0
1773410629.956674,171.137,0.156,0,24,0,8,8,3,100,0,0
1773410631.956731,172.000,0.097,0,24,0,8,8,3,100,0,0
1773410633.957325,172.855,0.212,0,24,0,8,8,3,100,0,0
1773410635.957322,173.711,0.149,0,24,0,8,8,3,100,0,0
1773410637.956662,174.574,0.109,0,24,0,8,8,3,100,0,0
1773410639.955588,175.578,0.164,0,24,0,8,8,3,100,0,0
1773410641.957005,176.445,0.128,0,24,0,8,8,3,100,0,0
1773410643.955740,177.305,0.109,0,24,0,8,8,3,100,0,0
1773410645.956836,178.188,0.136,0,24,0,8,8,3,100,0,0
1773410647.955726,179.039,0.109,0,24,0,8,8,3,100,0,0
1773410649.955899,179.918,0.183,0,24,0,8,8,3,100,0,0
1773410651.957470,180.766,0.122,0,24,0,8,8,3,100,0,0
1773410653.956313,181.641,0.151,0,24,0,8,8,3,100,0,0
1773410655.957262,182.523,0.116,0,24,0,8,8,3,100,0,0
1773410657.957396,183.449,0.089,0,24,0,8,8,3,100,0,0
1773410659.956089,172.105,0.133,0,24,0,8,8,3,100,0,0
1773410661.957196,172.977,0.144,0,24,0,8,8,3,100,0,0
1773410663.956383,173.855,0.110,0,24,0,8,8,3,100,0,0
1773410665.957366,174.676,0.135,0,24,0,8,8,3,100,0,0
1773410667.956342,175.543,0.104,0,24,0,8,8,3,100,0,0
1773410669.957667,176.410,0.108,0,24,0,8,8,3,100,0,0
1773410671.956319,177.285,0.119,0,24,0,8,8,3,100,0,0
1773410673.958413,178.164,0.172,0,24,0,8,8,3,100,0,0
1773410675.957096,179.020,0.108,0,24,0,8,8,3,100,0,0
1773410677.956699,179.867,0.102,0,24,0,8,8,3,100,0,0
1773410679.957233,180.730,0.096,0,24,0,8,8,3,100,0,0
1773410681.957351,181.598,0.108,0,24,0,8,8,3,100,0,0
1773410683.958155,182.469,0.121,0,24,0,8,8,3,100,0,0
1773410685.956805,183.328,0.110,0,24,0,8,8,3,100,0,0
1773410687.955801,184.211,0.133,0,24,0,8,8,3,100,0,0
1773410689.957178,175.949,0.116,0,24,0,8,8,3,100,0,0
1773410691.956107,173.758,0.117,0,24,0,8,8,3,100,0,0
1773410693.956047,174.652,0.128,0,24,0,8,8,3,100,0,0
1773410695.956874,175.484,0.108,0,24,0,8,8,3,100,0,0
1773410697.955329,176.344,0.113,0,24,0,8,8,3,100,0,0
1773410699.955750,177.207,0.119,0,24,0,8,8,3,100,0,0
1773410701.956498,178.070,0.087,0,24,0,8,8,3,100,0,0
1773410703.957595,178.922,0.208,0,24,0,8,8,3,100,0,0
1773410705.956600,179.797,0.143,0,24,0,8,8,3,100,0,0
1773410707.956881,180.652,0.137,0,24,0,8,8,3,100,0,0
1773410709.957499,181.516,0.188,0,24,0,8,8,3,100,0,0
1773410711.956029,182.398,0.104,0,24,0,8,8,3,100,0,0
1773410713.956701,183.254,0.126,0,24,0,8,8,3,100,0,0
1773410715.956530,184.109,0.126,0,24,0,8,8,3,100,0,0
1773410717.957700,185.000,0.155,0,24,0,8,8,3,100,0,0
1773410719.956917,185.902,0.098,0,24,0,8,8,3,100,0,0
1773410721.956318,174.543,0.103,0,24,0,8,8,3,100,0,0
1773410723.957489,175.414,0.111,0,24,0,8,8,3,100,0,0
1773410725.956043,176.277,0.145,0,24,0,8,8,3,100,0,0
1773410727.956429,177.266,0.182,0,24,0,8,8,3,100,0,0
1773410729.956486,178.137,0.097,0,24,0,8,8,3,100,0,0
1773410731.958248,178.973,0.123,0,24,0,8,8,3,100,0,0
1773410733.956711,179.840,0.122,0,24,0,8,8,3,100,0,0
1773410735.958003,180.695,0.158,0,24,0,8,8,3,100,0,0
1773410737.955453,181.582,0.136,0,24,0,8,8,3,100,0,0
1773410739.956038,182.414,0.109,0,24,0,8,8,3,100,0,0
1773410741.957345,183.293,0.122,0,24,0,8,8,3,100,0,0
1773410743.956672,184.152,0.110,0,24,0,8,8,3,100,0,0
1773410745.957103,185.004,0.153,0,24,0,8,8,3,100,0,0
1773410747.956650,185.863,0.150,0,24,0,8,8,3,100,0,0
1773410749.956389,186.742,0.094,0,24,0,8,8,3,100,0,0
1773410751.957174,178.520,0.100,0,24,0,8,8,3,100,0,0
1773410753.955992,176.301,0.119,0,24,0,8,8,3,100,0,0
1773410755.957444,177.191,0.139,0,24,0,8,8,3,100,0,0
1773410757.956453,178.031,0.123,0,24,0,8,8,3,100,0,0
1773410759.957973,178.902,0.111,0,24,0,8,8,3,100,0,0
1773410761.957474,179.758,0.144,0,24,0,8,8,3,100,0,0
1773410763.956696,180.609,0.126,0,24,0,8,8,3,100,0,0
1773410765.956125,181.473,0.119,0,24,0,8,8,3,100,0,0
1773410767.957157,182.328,0.144,0,24,0,8,8,3,100,0,0
1773410769.956172,183.191,0.117,0,24,0,8,8,3,100,0,0
1773410771.957147,184.035,0.119,0,24,0,8,8,3,100,0,0
1773410773.956590,184.941,0.125,0,24,0,8,8,3,100,0,0
1773410775.956423,185.805,0.156,0,24,0,8,8,3,100,0,0
1773410777.956298,186.652,0.127,0,24,0,8,8,3,100,0,0
1773410779.956998,187.531,0.102,0,24,0,8,8,3,100,0,0
1773410781.955775,179.527,0.113,0,24,0,8,8,3,100,0,0
1773410783.957309,177.012,0.107,0,24,0,8,8,3,100,0,0
1773410785.956454,177.867,0.158,0,24,0,8,8,3,100,0,0
1773410787.958178,178.719,0.127,0,24,0,8,8,3,100,0,0
1773410789.957085,179.578,0.112,0,24,0,8,8,3,100,0,0
1773410791.956244,180.418,0.146,0,24,0,8,8,3,100,0,0
1773410793.957449,181.270,0.155,0,24,0,8,8,3,100,0,0
1773410795.957261,182.121,0.118,0,24,0,8,8,3,100,0,0
1773410797.957037,182.969,0.141,0,24,0,8,8,3,100,0,0
1773410799.955964,183.840,0.095,0,24,0,8,8,3,100,0,0
1773410801.957168,184.707,0.150,0,24,0,8,8,3,100,0,0
1773410803.956221,185.570,0.113,0,24,0,8,8,3,100,0,0
1773410805.956526,186.410,0.100,0,24,0,8,8,3,100,0,0
1773410807.955856,187.301,0.118,0,24,0,8,8,3,100,0,0
1773410809.957250,188.176,0.153,0,24,0,8,8,3,100,0,0
1773410811.957042,189.062,0.098,0,24,0,8,8,3,100,0,0
1773410813.956939,177.930,0.110,0,24,0,8,8,3,100,0,0
1773410815.957029,178.758,0.163,0,24,0,8,8,3,100,0,0
1773410817.956246,179.617,0.108,0,24,0,8,8,3,100,0,0
1773410819.956525,180.422,0.101,0,24,0,8,8,3,100,0,0
1773410821.955509,181.289,0.098,0,24,0,8,8,3,100,0,0
1773410823.955872,182.117,0.129,0,24,0,8,8,3,100,0,0
1773410825.957139,182.941,0.137,0,24,0,8,8,3,100,0,0
1773410827.956238,183.770,0.127,0,24,0,8,8,3,100,0,0
1773410829.956891,184.598,0.129,0,24,0,8,8,3,100,0,0
1773410831.956962,185.457,0.125,0,24,0,8,8,3,100,0,0
1773410833.956724,186.320,0.165,0,24,0,8,8,3,100,0,0
1773410835.959876,187.176,0.215,0,24,0,8,8,3,100,0,0
1773410837.957238,188.059,0.101,0,24,0,8,8,3,100,0,0
1773410839.957258,188.926,0.120,0,24,0,8,8,3,100,0,0
1773410841.957426,190.062,0.093,0,24,0,8,8,3,100,0,0
1773410843.956108,181.969,0.129,0,24,0,8,8,3,100,0,0
1773410845.955896,179.586,0.136,0,24,0,8,8,3,100,0,0
1773410847.956573,180.520,0.116,0,24,0,8,8,3,100,0,0
1773410849.957706,181.359,0.180,0,24,0,8,8,3,100,0,0
1773410851.956828,182.219,0.116,0,24,0,8,8,3,100,0,0
1773410853.957073,183.086,0.086,0,24,0,8,8,3,100,0,0
1773410855.956208,183.949,0.108,0,24,0,8,8,3,100,0,0
1773410857.958085,184.797,0.151,0,24,0,8,8,3,100,0,0
1773410859.957553,185.664,0.138,0,24,0,8,8,3,100,0,0
1773410861.956952,186.523,0.166,0,24,0,8,8,3,100,0,0
1773410863.955813,187.387,0.159,0,24,0,8,8,3,100,0,0
1773410865.955719,188.246,0.124,0,24,0,8,8,3,100,0,0
1773410867.955616,189.105,0.119,0,24,0,8,8,3,100,0,0
1773410869.956882,189.977,0.115,0,24,0,8,8,3,100,0,0
1773410871.957706,190.867,0.151,0,24,0,8,8,3,100,0,0
1773410873.955968,183.203,0.094,0,24,0,8,8,3,100,0,0
1773410875.955681,180.367,0.098,0,24,0,8,8,3,100,0,0
1773410877.957462,181.293,0.100,0,24,0,8,8,3,100,0,0
1773410879.956392,182.164,0.050,0,24,0,8,8,3,100,0,0
1773410881.955917,182.961,0.020,0,24,0,8,8,3,100,0,0
1773410883.957093,183.758,0.022,0,24,0,8,8,3,100,0,0
1773410885.956497,184.547,0.019,0,24,0,8,8,3,100,0,0
1773410887.956373,185.344,0.018,0,24,0,8,8,3,100,0,0
1773410889.956748,186.164,0.022,0,24,0,8,8,3,100,0,0
1773410891.955530,186.945,0.016,0,24,0,8,8,3,100,0,0
1773410893.957252,187.730,0.030,0,24,0,8,8,3,100,0,0
1773410895.957640,188.539,0.018,0,24,0,8,8,3,100,0,0
1773410897.957482,189.328,0.016,0,24,0,8,8,3,100,0,0
1773410899.957387,190.125,0.018,0,24,0,8,8,3,100,0,0
1773410901.958165,190.918,0.017,0,24,0,8,8,3,100,0,0
1773410903.957584,191.738,0.016,0,24,0,8,8,3,100,0,0
1773410905.956976,180.355,0.021,0,24,0,8,8,3,100,0,0
1773410907.955948,181.145,0.020,0,24,0,8,8,3,100,0,0
1773410909.956890,181.949,0.022,0,24,0,8,8,3,100,0,0
1773410911.956188,182.730,0.017,0,24,0,8,8,3,100,0,0
1773410913.957435,183.523,0.017,0,24,0,8,8,3,100,0,0
1773410915.957239,184.312,0.018,0,24,0,8,8,3,100,0,0
1773410917.956745,185.109,0.023,0,24,0,8,8,3,100,0,0
1773410919.957133,185.895,0.020,0,24,0,8,8,3,100,0,0
1773410921.956734,186.691,0.019,0,24,0,8,8,3,100,0,0
1773410923.956418,187.480,0.019,0,24,0,8,8,3,100,0,0
1773410925.956311,188.266,0.019,0,24,0,8,8,3,100,0,0
1773410927.958005,189.070,0.021,0,24,0,8,8,3,100,0,0
1773410929.957437,189.891,0.023,0,24,0,8,8,3,100,0,0
1773410931.956805,190.676,0.016,0,24,0,8,8,3,100,0,0
1773410933.956352,191.543,0.016,0,24,0,8,8,3,100,0,0
1773410935.957210,183.391,0.020,0,24,0,8,8,3,100,0,0
1773410937.956304,180.859,0.021,0,24,0,8,8,3,100,0,0
1773410939.955230,181.645,0.025,0,24,0,8,8,3,100,0,0
1773410941.957503,182.449,0.024,0,24,0,8,8,3,100,0,0
1773410943.956386,183.246,0.019,0,24,0,8,8,3,100,0,0
1773410945.957391,184.031,0.017,0,24,0,8,8,3,100,0,0
1773410947.956879,183.234,0.019,0,24,0,8,8,3,100,0,0
1773410949.956102,184.031,0.023,0,24,0,8,8,3,100,0,0
1773410951.956382,184.812,0.025,0,24,0,8,8,3,100,0,0
1773410953.956885,185.602,0.017,0,24,0,8,8,3,100,0,0
1773410955.957856,186.234,0.017,0,24,0,8,8,3,100,0,0
1773410957.957346,185.812,0.024,0,24,0,8,8,3,100,0,0
1773410959.956165,186.617,0.021,0,24,0,8,8,3,100,0,0
1773410961.957432,187.430,0.018,0,24,0,8,8,3,100,0,0
1773410963.955998,188.219,0.022,0,24,0,8,8,3,100,0,0
1773410965.956580,188.941,0.015,0,24,0,8,8,3,100,0,0
1773410967.957392,176.633,0.022,0,24,0,8,8,3,100,0,0
1773410969.957384,177.414,0.023,0,24,0,8,8,3,100,0,0
1773410971.956859,178.219,0.016,0,24,0,8,8,3,100,0,0
1773410973.956406,179.008,0.022,0,24,0,8,8,3,100,0,0
1773410975.956516,179.480,0.021,0,24,0,8,8,3,100,0,0
1773410977.956062,179.414,0.019,0,24,0,8,8,3,100,0,0
1773410979.957227,180.164,0.018,0,24,0,8,8,3,100,0,0
1773410981.957665,180.957,0.023,0,24,0,8,8,3,100,0,0
1773410983.958099,181.766,0.019,0,24,0,8,8,3,100,0,0
1773410985.955866,182.430,0.024,0,24,0,8,8,3,100,0,0
1773410987.957643,183.094,0.021,0,24,0,8,8,3,100,0,0
1773410989.956992,183.879,0.019,0,24,0,8,8,3,100,0,0
1773410991.955567,184.672,0.016,0,24,0,8,8,3,100,0,0
1773410993.956838,185.457,0.024,0,24,0,8,8,3,100,0,0
1773410995.956280,186.055,0.015,0,24,0,8,8,3,100,0,0
1773410997.957511,173.992,0.021,0,24,0,8,8,3,100,0,0
1773410999.956908,174.773,0.017,0,24,0,8,8,3,100,0,0
1773411001.956983,175.578,0.025,0,24,0,8,8,3,100,0,0
1773411003.956407,176.359,0.020,0,24,0,8,8,3,100,0,0
1773411005.957116,177.152,0.018,0,24,0,8,8,3,100,0,0
1773411007.957272,177.773,0.025,0,24,0,8,8,3,100,0,0
1773411009.956749,178.562,0.016,0,24,0,8,8,3,100,0,0
1773411011.957019,179.355,0.016,0,24,0,8,8,3,100,0,0
1773411013.955532,180.141,0.028,0,24,0,8,8,3,100,0,0
1773411015.957405,180.648,0.019,0,24,0,8,8,3,100,0,0
1773411017.957239,181.094,0.019,0,24,0,8,8,3,100,0,0
1773411019.956524,181.879,0.024,0,24,0,8,8,3,100,0,0
1773411021.956277,182.668,0.017,0,24,0,8,8,3,100,0,0
1773411023.957343,183.457,0.023,0,24,0,8,8,3,100,0,0
1773411025.957974,184.254,0.018,0,24,0,8,8,3,100,0,0
1773411027.957438,175.789,0.027,0,24,0,8,8,3,100,0,0
1773411029.957193,173.598,0.016,0,24,0,8,8,3,100,0,0
1773411031.957213,174.398,0.019,0,24,0,8,8,3,100,0,0
1773411033.956656,175.203,0.021,0,24,0,8,8,3,100,0,0
1773411035.956467,175.996,0.023,0,24,0,8,8,3,100,0,0
1773411037.955607,176.484,0.024,0,24,0,8,8,3,100,0,0
1773411039.958191,177.281,0.019,0,24,0,8,8,3,100,0,0
1773411041.955455,178.066,0.018,0,24,0,8,8,3,100,0,0
1773411043.957725,178.859,0.021,0,24,0,8,8,3,100,0,0
1773411045.957084,179.652,0.024,0,24,0,8,8,3,100,0,0
1773411047.955997,180.191,0.018,0,24,0,8,8,3,100,0,0
1773411049.957048,180.973,0.015,0,24,0,8,8,3,100,0,0
1773411051.956601,181.773,0.019,0,24,0,8,8,3,100,0,0
1773411053.957401,182.578,0.017,0,24,0,8,8,3,100,0,0
1773411055.955370,183.207,0.020,0,24,0,8,8,3,100,0,0
1773411057.957612,184.031,0.017,0,24,0,8,8,3,100,0,0
1773411059.957082,172.621,0.018,0,24,0,8,8,3,100,0,0
1773411061.956666,173.410,0.019,0,24,0,8,8,3,100,0,0
1773411063.956969,174.227,0.016,0,24,0,8,8,3,100,0,0
1773411065.956122,175.016,0.019,0,24,0,8,8,3,100,0,0
1773411067.957445,175.805,0.026,0,24,0,8,8,3,100,0,0
1773411069.956521,176.598,0.022,0,24,0,8,8,3,100,0,0
1773411071.956596,177.391,0.020,0,24,0,8,8,3,100,0,0
1773411073.957164,178.184,0.019,0,24,0,8,8,3,100,0,0
1773411075.955938,178.969,0.019,0,24,0,8,8,3,100,0,0
1773411077.956366,179.758,0.021,0,24,0,8,8,3,100,0,0
1773411079.956635,180.566,0.017,0,24,0,8,8,3,100,0,0
1773411081.958540,181.355,0.030,0,24,0,8,8,3,100,0,0
1773411083.958203,182.152,0.024,0,24,0,8,8,3,100,0,0
1773411085.956616,182.949,0.016,0,24,0,8,8,3,100,0,0
1773411087.956867,183.754,0.019,0,24,0,8,8,3,100,0,0
1773411089.956830,175.312,0.020,0,24,0,8,8,3,100,0,0
1773411091.957108,173.117,0.022,0,24,0,8,8,3,100,0,0
1773411093.956506,173.898,0.018,0,24,0,8,8,3,100,0,0
1773411095.957101,174.688,0.020,0,24,0,8,8,3,100,0,0
1773411097.956446,175.488,0.031,0,24,0,8,8,3,100,0,0
1773411099.955793,176.289,0.022,0,24,0,8,8,3,100,0,0
1773411101.956574,177.070,0.023,0,24,0,8,8,3,100,0,0
1773411103.956929,177.867,0.024,0,24,0,8,8,3,100,0,0
1773411105.956617,178.664,0.016,0,24,0,8,8,3,100,0,0
1773411107.956923,179.441,0.016,0,24,0,8,8,3,100,0,0
1773411109.957316,180.234,0.020,0,24,0,8,8,3,100,0,0
1773411111.956406,181.035,0.016,0,24,0,8,8,3,100,0,0
1773411113.956585,181.832,0.024,0,24,0,8,8,3,100,0,0
1773411115.956459,182.637,0.021,0,24,0,8,8,3,100,0,0
1773411117.957641,183.438,0.018,0,24,0,8,8,3,100,0,0
1773411119.957181,175.137,0.017,0,24,0,8,8,3,100,0,0
1773411121.957964,172.820,0.021,0,24,0,8,8,3,100,0,0
1773411123.957926,173.617,0.019,0,24,0,8,8,3,100,0,0
1773411125.956423,174.422,0.025,0,24,0,8,8,3,100,0,0
1773411127.956444,175.227,0.017,0,24,0,8,8,3,100,0,0
1773411129.958029,176.012,0.020,0,24,0,8,8,3,100,0,0
1773411131.956458,176.801,0.017,0,24,0,8,8,3,100,0,0
1773411133.956763,177.586,0.025,0,24,0,8,8,3,100,0,0
1773411135.957059,178.379,0.016,0,24,0,8,8,3,100,0,0
1773411137.957877,179.172,0.020,0,24,0,8,8,3,100,0,0
1773411139.956436,179.965,0.021,0,24,0,8,8,3,100,0,0
1773411141.957359,180.754,0.026,0,24,0,8,8,3,100,0,0
1773411143.955460,181.543,0.019,0,24,0,8,8,3,100,0,0
1773411145.956505,182.359,0.021,0,24,0,8,8,3,100,0,0
1773411147.956635,183.152,0.026,0,24,0,8,8,3,100,0,0
1773411149.955517,183.965,0.016,0,24,0,8,8,3,100,0,0
1773411151.957885,172.363,0.019,0,24,0,8,8,3,100,0,0
1773411153.956275,173.156,0.024,0,24,0,8,8,3,100,0,0
1773411155.956623,173.953,0.020,0,24,0,8,8,3,100,0,0
1773411157.955856,174.742,0.018,0,24,0,8,8,3,100,0,0
1773411159.957273,175.551,0.019,0,24,0,8,8,3,100,0,0
1773411161.956587,176.340,0.021,0,24,0,8,8,3,100,0,0
1773411163.956705,177.129,0.019,0,24,0,8,8,3,100,0,0
1773411165.957824,177.926,0.016,0,24,0,8,8,3,100,0,0
1773411167.956761,178.719,0.018,0,24,0,8,8,3,100,0,0
1773411169.956079,179.508,0.028,0,24,0,8,8,3,100,0,0
1773411171.955801,180.309,0.020,0,24,0,8,8,3,100,0,0
1773411173.956018,181.094,0.021,0,24,0,8,8,3,100,0,0
1773411175.956772,181.895,0.018,0,24,0,8,8,3,100,0,0
1773411177.957304,182.688,0.019,0,24,0,8,8,3,100,0,0
1773411179.958023,183.484,0.016,0,24,0,8,8,3,100,0,0
1773411181.956698,171.898,0.026,0,24,0,8,8,3,100,0,0
1773411183.955821,172.688,0.019,0,24,0,8,8,3,100,0,0
1773411185.957654,173.477,0.016,0,24,0,8,8,3,100,0,0
1773411187.957462,174.277,0.024,0,24,0,8,8,3,100,0,0
1773411189.956707,175.074,0.023,0,24,0,8,8,3,100,0,0
1773411191.957251,175.863,0.020,0,24,0,8,8,3,100,0,0
1773411193.957991,176.668,0.017,0,24,0,8,8,3,100,0,0
1773411195.955482,177.453,0.018,0,24,0,8,8,3,100,0,0
1773411197.957362,178.242,0.016,0,24,0,8,8,3,100,0,0
1773411199.956838,179.039,0.016,0,24,0,8,8,3,100,0,0
1773411201.956209,179.832,0.022,0,24,0,8,8,3,100,0,0
1773411203.955455,180.633,0.018,0,24,0,8,8,3,100,0,0
1773411205.956866,181.422,0.019,0,24,0,8,8,3,100,0,0
1773411207.957444,182.129,0.019,0,24,0,8,8,3,100,0,0
1773411209.955493,182.938,0.023,0,24,0,8,8,3,100,0,0
1773411211.956143,174.254,0.016,0,24,0,8,8,3,100,0,0
1773411213.956578,172.453,0.017,0,24,0,8,8,3,100,0,0
1773411215.956214,173.246,0.018,0,24,0,8,8,3,100,0,0
1773411217.957917,174.035,0.019,0,24,0,8,8,3,100,0,0
1773411219.956790,174.832,0.024,0,24,0,8,8,3,100,0,0
1773411221.956858,175.617,0.032,0,24,0,8,8,3,100,0,0
1773411223.955397,176.414,0.020,0,24,0,8,8,3,100,0,0
1773411225.956693,177.203,0.018,0,24,0,8,8,3,100,0,0
1773411227.957030,177.988,0.019,0,24,0,8,8,3,100,0,0
1773411229.957098,178.777,0.018,0,24,0,8,8,3,100,0,0
1773411231.957052,179.562,0.018,0,24,0,8,8,3,100,0,0
1773411233.957203,180.355,0.020,0,24,0,8,8,3,100,0,0
1773411235.958646,181.152,0.019,0,24,0,8,8,3,100,0,0
1773411237.956159,181.945,0.018,0,24,0,8,8,3,100,0,0
1773411239.957273,182.727,0.018,0,24,0,8,8,3,100,0,0
1773411241.955873,183.535,0.020,0,24,0,8,8,3,100,0,0
1773411243.956050,175.145,0.021,0,24,0,8,8,3,100,0,0
1773411245.956783,172.828,0.024,0,24,0,8,8,3,100,0,0
1773411247.956518,173.637,0.024,0,24,0,8,8,3,100,0,0
1773411249.956832,174.430,0.025,0,24,0,8,8,3,100,0,0
1773411251.956478,175.223,0.019,0,24,0,8,8,3,100,0,0
1773411253.956607,176.008,0.023,0,24,0,8,8,3,100,0,0
1773411255.956394,176.809,0.019,0,24,0,8,8,3,100,0,0
1773411257.956574,177.590,0.018,0,24,0,8,8,3,100,0,0
1773411259.956768,178.398,0.025,0,24,0,8,8,3,100,0,0
1773411261.955360,179.191,0.017,0,24,0,8,8,3,100,0,0
1773411263.957522,179.980,0.023,0,24,0,8,8,3,100,0,0
1773411265.956640,180.781,0.020,0,24,0,8,8,3,100,0,0
1773411267.955784,181.590,0.027,0,24,0,8,8,3,100,0,0
1773411269.957494,182.383,0.024,0,24,0,8,8,3,100,0,0
1773411271.957246,183.211,0.019,0,24,0,8,8,3,100,0,0
1773411273.957465,174.328,0.017,0,24,0,8,8,3,100,0,0
1773411275.957003,172.555,0.020,0,24,0,8,8,3,100,0,0
1773411277.958059,173.340,0.019,0,24,0,8,8,3,100,0,0
1773411279.956089,174.152,0.017,0,24,0,8,8,3,100,0,0
1773411281.956534,174.949,0.020,0,24,0,8,8,3,100,0,0
1773411283.955966,175.738,0.023,0,24,0,8,8,3,100,0,0
1773411285.956303,176.531,0.023,0,24,0,8,8,3,100,0,0
1773411287.957247,177.324,0.022,0,24,0,8,8,3,100,0,0
1773411289.956528,178.109,0.021,0,24,0,8,8,3,100,0,0
1773411291.957545,178.914,0.019,0,24,0,8,8,3,100,0,0
1773411293.955356,179.703,0.022,0,24,0,8,8,3,100,0,0
1773411295.956585,180.488,0.019,0,24,0,8,8,3,100,0,0
1773411297.956799,181.285,0.029,0,24,0,8,8,3,100,0,0
1773411299.956607,181.984,0.024,0,24,0,8,8,3,100,0,0
1773411301.956647,182.777,0.019,0,24,0,8,8,3,100,0,0
1773411303.956589,183.602,0.014,0,24,0,8,8,3,100,0,0
1773411305.956690,172.199,0.020,0,24,0,8,8,3,100,0,0
1773411307.956532,172.984,0.021,0,24,0,8,8,3,100,0,0
1773411309.956339,173.789,0.016,0,24,0,8,8,3,100,0,0
1773411311.956832,174.578,0.032,0,24,0,8,8,3,100,0,0
1773411313.956171,175.379,0.025,0,24,0,8,8,3,100,0,0
1773411315.956562,176.164,0.018,0,24,0,8,8,3,100,0,0
1773411317.957007,176.949,0.032,0,24,0,8,8,3,100,0,0
1773411319.956279,177.742,0.018,0,24,0,8,8,3,100,0,0
1773411321.956067,178.531,0.022,0,24,0,8,8,3,100,0,0
1773411323.957313,179.324,0.029,0,24,0,8,8,3,100,0,0
1773411325.955671,180.113,0.017,0,24,0,8,8,3,100,0,0
1773411327.956295,180.906,0.020,0,24,0,8,8,3,100,0,0
1773411329.956390,181.688,0.022,0,24,0,8,8,3,100,0,0
1773411331.956318,182.496,0.019,0,24,0,8,8,3,100,0,0
1773411333.957651,183.293,0.019,0,24,0,8,8,3,100,0,0
1773411335.957099,174.879,0.020,0,24,0,8,8,3,100,0,0
1773411337.956825,172.617,0.018,0,24,0,8,8,3,100,0,0
1773411339.956947,173.426,0.017,0,24,0,8,8,3,100,0,0
1773411341.957609,174.211,0.019,0,24,0,8,8,3,100,0,0
1773411343.956792,175.004,0.028,0,24,0,8,8,3,100,0,0
1773411345.956635,175.789,0.021,0,24,0,8,8,3,100,0,0
1773411347.957524,176.586,0.020,0,24,0,8,8,3,100,0,0
1773411349.957611,177.383,0.023,0,24,0,8,8,3,100,0,0
1773411351.956228,178.172,0.020,0,24,0,8,8,3,100,0,0
1773411353.957071,178.973,0.024,0,24,0,8,8,3,100,0,0
1773411355.956395,179.770,0.018,0,24,0,8,8,3,100,0,0
1773411357.956377,180.559,0.021,0,24,0,8,8,3,100,0,0
1773411359.956497,181.375,0.024,0,24,0,8,8,3,100,0,0
1773411361.957481,182.164,0.020,0,24,0,8,8,3,100,0,0
1773411363.957483,182.957,0.024,0,24,0,8,8,3,100,0,0
1773411365.957172,174.688,0.020,0,24,0,8,8,3,100,0,0
1773411367.956222,172.250,0.024,0,24,0,8,8,3,100,0,0
1773411369.956187,173.055,0.021,0,24,0,8,8,3,100,0,0
1773411371.957148,173.867,0.021,0,24,0,8,8,3,100,0,0
1773411373.956419,174.660,0.020,0,24,0,8,8,3,100,0,0
1773411375.958479,175.461,0.026,0,24,0,8,8,3,100,0,0
1773411377.955693,176.250,0.018,0,24,0,8,8,3,100,0,0
1773411379.956343,177.043,0.021,0,24,0,8,8,3,100,0,0
1773411381.957217,177.828,0.018,0,24,0,8,8,3,100,0,0
1773411383.956798,178.648,0.021,0,24,0,8,8,3,100,0,0
1773411385.955103,179.430,0.024,0,24,0,8,8,3,100,0,0
1773411387.956766,180.238,0.019,0,24,0,8,8,3,100,0,0
1773411389.957497,181.047,0.018,0,24,0,8,8,3,100,0,0
1773411391.956202,181.852,0.022,0,24,0,8,8,3,100,0,0
1773411393.956622,182.656,0.019,0,24,0,8,8,3,100,0,0
1773411395.957230,183.477,0.019,0,24,0,8,8,3,100,0,0
1773411397.955284,171.980,0.018,0,24,0,8,8,3,100,0,0
1773411399.956634,172.777,0.015,0,24,0,8,8,3,100,0,0
1773411401.956328,173.590,0.020,0,24,0,8,8,3,100,0,0
1773411403.956089,174.383,0.023,0,24,0,8,8,3,100,0,0
1773411405.957570,175.176,0.019,0,24,0,8,8,3,100,0,0
1773411407.956647,175.973,0.037,0,24,0,8,8,3,100,0,0
1773411409.955482,176.766,0.021,0,24,0,8,8,3,100,0,0
1773411411.956069,177.551,0.020,0,24,0,8,8,3,100,0,0
1773411413.957134,178.355,0.018,0,24,0,8,8,3,100,0,0
1773411415.956355,179.148,0.018,0,24,0,8,8,3,100,0,0
1773411417.957067,179.957,0.027,0,24,0,8,8,3,100,0,0
1773411419.956843,180.742,0.019,0,24,0,8,8,3,100,0,0
1773411421.957748,181.562,0.019,0,24,0,8,8,3,100,0,0
1773411423.958389,182.352,0.022,0,24,0,8,8,3,100,0,0
1773411425.956769,183.223,0.017,0,24,0,8,8,3,100,0,0
1773411427.956270,174.816,0.021,0,24,0,8,8,3,100,0,0
1773411429.956141,172.559,0.071,0,24,0,8,8,3,100,0,0
1773411431.956551,173.355,0.019,0,24,0,8,8,3,100,0,0
1773411433.956136,174.145,0.029,0,24,0,8,8,3,100,0,0
1773411435.955950,174.934,0.018,0,24,0,8,8,3,100,0,0
1773411437.956411,175.730,0.020,0,24,0,8,8,3,100,0,0
1773411439.957840,176.520,0.023,0,24,0,8,8,3,100,0,0
1773411441.955631,177.305,0.021,0,24,0,8,8,3,100,0,0
1773411443.957109,178.113,0.019,0,24,0,8,8,3,100,0,0
1773411445.957021,178.906,0.017,0,24,0,8,8,3,100,0,0
1773411447.956241,179.695,0.026,0,24,0,8,8,3,100,0,0
1773411449.955900,180.504,0.025,0,24,0,8,8,3,100,0,0
1773411451.956554,181.312,0.021,0,24,0,8,8,3,100,0,0
1773411453.956125,182.098,0.020,0,24,0,8,8,3,100,0,0
1773411455.956286,182.898,0.021,0,24,0,8,8,3,100,0,0
1773411457.956692,174.578,0.017,0,24,0,8,8,3,100,0,0
1773411459.956894,172.273,0.018,0,24,0,8,8,3,100,0,0
1773411461.956936,173.062,0.028,0,24,0,8,8,3,100,0,0
1773411463.956789,173.871,0.019,0,24,0,8,8,3,100,0,0
1773411465.957347,174.668,0.021,0,24,0,8,8,3,100,0,0
1773411467.956392,175.453,0.020,0,24,0,8,8,3,100,0,0
1773411469.956769,176.254,0.021,0,24,0,8,8,3,100,0,0
1773411471.956489,177.035,0.030,0,24,0,8,8,3,100,0,0
1773411473.957384,177.836,0.028,0,24,0,8,8,3,100,0,0
1773411475.956476,178.637,0.020,0,24,0,8,8,3,100,0,0
1773411477.956804,179.387,0.037,0,24,0,8,8,3,100,0,0
1773411479.957115,180.184,0.022,0,24,0,8,8,3,100,0,0
1773411481.956269,180.980,0.020,0,24,0,8,8,3,100,0,0
1773411483.956728,181.789,0.023,0,24,0,8,8,3,100,0,0
1773411485.955343,182.590,0.024,0,24,0,8,8,3,100,0,0
1773411487.958603,183.410,0.019,0,24,0,8,8,3,100,0,0
1773411489.956995,171.859,0.022,0,24,0,8,8,3,100,0,0
1773411491.956268,172.660,0.020,0,24,0,8,8,3,100,0,0
1773411493.957195,173.461,0.021,0,24,0,8,8,3,100,0,0
1773411495.956169,174.250,0.023,0,24,0,8,8,3,100,0,0
1773411497.956734,175.047,0.022,0,24,0,8,8,3,100,0,0
1773411499.958208,175.836,0.020,0,24,0,8,8,3,100,0,0
1773411501.956836,176.633,0.025,0,24,0,8,8,3,100,0,0
1773411503.955371,177.422,0.024,0,24,0,8,8,3,100,0,0
1773411505.956990,178.219,0.019,0,24,0,8,8,3,100,0,0
1773411507.956363,179.023,0.023,0,24,0,8,8,3,100,0,0
1773411509.956823,179.836,0.021,0,24,0,8,8,3,100,0,0
1773411511.956508,180.602,0.023,0,24,0,8,8,3,100,0,0
1773411513.956840,181.449,0.022,0,24,0,8,8,3,100,0,0
1773411515.957712,182.227,0.033,0,24,0,8,8,3,100,0,0
1773411517.957227,183.047,0.020,0,24,0,8,8,3,100,0,0
1773411519.956415,174.699,0.023,0,24,0,8,8,3,100,0,0
1773411521.957466,172.367,0.028,0,24,0,8,8,3,100,0,0
1773411523.956636,173.160,0.022,0,24,0,8,8,3,100,0,0
1773411525.956332,173.961,0.019,0,24,0,8,8,3,100,0,0
1773411527.956105,174.754,0.018,0,24,0,8,8,3,100,0,0
1773411529.956999,175.551,0.021,0,24,0,8,8,3,100,0,0
1773411531.955984,176.344,0.019,0,24,0,8,8,3,100,0,0
1773411533.956612,177.141,0.018,0,24,0,8,8,3,100,0,0
1773411535.957472,177.941,0.025,0,24,0,8,8,3,100,0,0
1773411537.957274,178.734,0.018,0,24,0,8,8,3,100,0,0
1773411539.956730,179.523,0.022,0,24,0,8,8,3,100,0,0
1773411541.957062,180.324,0.024,0,24,0,8,8,3,100,0,0
1773411543.958536,181.105,0.021,0,24,0,8,8,3,100,0,0
1773411545.955858,181.910,0.019,0,24,0,8,8,3,100,0,0
1773411547.956508,182.727,0.019,0,24,0,8,8,3,100,0,0
1773411549.956986,183.551,0.020,0,24,0,8,8,3,100,0,0
1773411551.956504,172.082,0.021,0,24,0,8,8,3,100,0,0
1773411553.957226,172.879,0.021,0,24,0,8,8,3,100,0,0
1773411555.956378,173.652,0.019,0,24,0,8,8,3,100,0,0
1773411557.958305,174.473,0.020,0,24,0,8,8,3,100,0,0
1773411559.956916,175.266,0.022,0,24,0,8,8,3,100,0,0
1773411561.955326,176.066,0.023,0,24,0,8,8,3,100,0,0
1773411563.956983,176.859,0.030,0,24,0,8,8,3,100,0,0
1773411565.957443,177.641,0.022,0,24,0,8,8,3,100,0,0
1773411567.956744,178.438,0.021,0,24,0,8,8,3,100,0,0
1773411569.957586,179.223,0.019,0,24,0,8,8,3,100,0,0
1773411571.955677,180.039,0.021,0,24,0,8,8,3,100,0,0
1773411573.956224,180.832,0.025,0,24,0,8,8,3,100,0,0
1773411575.956918,181.648,0.019,0,24,0,8,8,3,100,0,0
1773411577.955490,182.449,0.022,0,24,0,8,8,3,100,0,0
1773411579.955356,183.277,0.019,0,24,0,8,8,3,100,0,0
1773411581.956465,171.773,0.024,0,24,0,8,8,3,100,0,0
1773411583.956684,172.586,0.046,0,24,0,8,8,3,100,0,0
1773411585.958890,173.398,0.026,0,24,0,8,8,3,100,0,0
1773411587.955324,174.184,0.021,0,24,0,8,8,3,100,0,0
1773411589.957059,174.984,0.024,0,24,0,8,8,3,100,0,0
1773411591.956460,175.770,0.017,0,24,0,8,8,3,100,0,0
1773411593.957966,176.566,0.033,0,24,0,8,8,3,100,0,0
1773411595.957338,177.363,0.019,0,24,0,8,8,3,100,0,0
1773411597.955667,178.168,0.022,0,24,0,8,8,3,100,0,0
1773411599.957307,178.953,0.025,0,24,0,8,8,3,100,0,0
1773411601.955856,179.754,0.022,0,24,0,8,8,3,100,0,0
1773411603.955891,180.547,0.025,0,24,0,8,8,3,100,0,0
1773411605.956895,181.359,0.025,0,24,0,8,8,3,100,0,0
1773411607.956661,182.148,0.021,0,24,0,8,8,3,100,0,0
1773411609.957075,182.961,0.019,0,24,0,8,8,3,100,0,0
1773411611.955786,174.547,0.023,0,24,0,8,8,3,100,0,0
1773411613.955782,172.305,0.022,0,24,0,8,8,3,100,0,0
1773411615.956327,173.094,0.026,0,24,0,8,8,3,100,0,0
1773411617.956769,173.902,0.018,0,24,0,8,8,3,100,0,0
1773411619.957164,174.703,0.026,0,24,0,8,8,3,100,0,0
1773411621.956323,175.488,0.025,0,24,0,8,8,3,100,0,0
1773411623.956703,176.281,0.019,0,24,0,8,8,3,100,0,0
1773411625.957507,177.070,0.032,0,24,0,8,8,3,100,0,0
1773411627.959006,177.883,0.022,0,24,0,8,8,3,100,0,0
1773411629.955535,178.672,0.017,0,24,0,8,8,3,100,0,0
1773411631.957252,179.465,0.028,0,24,0,8,8,3,100,0,0
1773411633.956064,180.270,0.025,0,24,0,8,8,3,100,0,0
1773411635.956244,181.070,0.022,0,24,0,8,8,3,100,0,0
1773411637.956564,181.879,0.024,0,24,0,8,8,3,100,0,0
1773411639.956660,182.688,0.020,0,24,0,8,8,3,100,0,0
1773411641.956408,183.562,0.017,0,24,0,8,8,3,100,0,0
1773411643.957327,172.070,0.019,0,24,0,8,8,3,100,0,0
1773411645.956154,172.859,0.019,0,24,0,8,8,3,100,0,0
1773411647.955342,173.672,0.020,0,24,0,8,8,3,100,0,0
1773411649.957285,174.457,0.017,0,24,0,8,8,3,100,0,0
1773411651.956894,175.258,0.031,0,24,0,8,8,3,100,0,0
1773411653.956971,176.047,0.024,0,24,0,8,8,3,100,0,0
1773411655.955760,176.840,0.020,0,24,0,8,8,3,100,0,0
1773411657.957445,177.633,0.034,0,24,0,8,8,3,100,0,0
1773411659.956428,178.441,0.021,0,24,0,8,8,3,100,0,0
1773411661.956259,179.227,0.032,0,24,0,8,8,3,100,0,0
1773411663.956945,180.047,0.021,0,24,0,8,8,3,100,0,0
1773411665.957016,180.836,0.033,0,24,0,8,8,3,100,0,0
1773411667.956714,181.645,0.016,0,24,0,8,8,3,100,0,0
1773411669.957970,182.453,0.019,0,24,0,8,8,3,100,0,0
1773411671.956663,183.262,0.019,0,24,0,8,8,3,100,0,0
1773411673.956654,174.527,0.021,0,24,0,8,8,3,100,0,0
1773411675.975706,172.555,0.018,0,24,0,8,8,3,100,0,0
1773411677.972018,173.359,0.033,0,24,0,8,8,3,100,0,0
1773411679.973629,174.148,0.026,0,24,0,8,8,3,100,0,0
1773411681.971437,174.945,0.018,0,24,0,8,8,3,100,0,0
1773411683.973023,175.734,0.024,0,24,0,8,8,3,100,0,0
1773411685.971685,176.531,0.020,0,24,0,8,8,3,100,0,0
1773411687.970914,177.316,0.023,0,24,0,8,8,3,100,0,0
1773411689.973865,178.125,0.031,0,24,0,8,8,3,100,0,0
1773411691.970658,178.910,0.021,0,24,0,8,8,3,100,0,0
1773411693.972874,179.707,0.026,0,24,0,8,8,3,100,0,0
1773411695.972484,180.613,0.019,0,24,0,8,8,3,100,0,0
1773411697.971450,181.418,0.019,0,24,0,8,8,3,100,0,0
1773411699.972622,182.207,0.020,0,24,0,8,8,3,100,0,0
1773411701.971420,182.996,0.018,0,24,0,8,8,3,100,0,0
1773411703.970957,174.270,0.020,0,24,0,8,8,3,100,0,0
1773411705.972331,172.262,0.022,0,24,0,8,8,3,100,0,0
1773411707.970953,173.059,0.021,0,24,0,8,8,3,100,0,0
1773411709.971371,173.871,0.020,0,24,0,8,8,3,100,0,0
1773411711.971122,174.676,0.020,0,24,0,8,8,3,100,0,0
1773411713.971191,175.461,0.021,0,24,0,8,8,3,100,0,0
1773411715.971248,176.266,0.024,0,24,0,8,8,3,100,0,0
1773411717.972244,177.051,0.022,0,24,0,8,8,3,100,0,0
1773411719.971418,177.844,0.028,0,24,0,8,8,3,100,0,0
1773411721.971523,178.648,0.021,0,24,0,8,8,3,100,0,0
1773411723.971578,179.430,0.017,0,24,0,8,8,3,100,0,0
1773411725.972473,180.246,0.020,0,24,0,8,8,3,100,0,0
1773411727.972587,181.035,0.025,0,24,0,8,8,3,100,0,0
1773411729.971725,181.840,0.019,0,24,0,8,8,3,100,0,0
1773411731.972190,182.625,0.024,0,24,0,8,8,3,100,0,0
1773411733.971390,183.441,0.024,0,24,0,8,8,3,100,0,0
1773411735.971366,171.977,0.021,0,24,0,8,8,3,100,0,0
1773411737.971002,172.773,0.026,0,24,0,8,8,3,100,0,0
1773411739.974393,173.590,0.020,0,24,0,8,8,3,100,0,0
1773411741.971126,174.371,0.023,0,24,0,8,8,3,100,0,0
1773411743.971220,175.168,0.019,0,24,0,8,8,3,100,0,0
1773411745.973808,175.961,0.019,0,24,0,8,8,3,100,0,0
1773411747.971335,176.762,0.023,0,24,0,8,8,3,100,0,0
1773411749.972613,177.551,0.022,0,24,0,8,8,3,100,0,0
1773411751.974346,178.352,0.025,0,24,0,8,8,3,100,0,0
1773411753.971779,179.152,0.022,0,24,0,8,8,3,100,0,0
1773411755.971612,179.961,0.022,0,24,0,8,8,3,100,0,0
1773411757.970979,180.746,0.021,0,24,0,8,8,3,100,0,0
1773411759.975513,181.543,0.030,0,24,0,8,8,3,100,0,0
1773411761.971882,182.352,0.021,0,24,0,8,8,3,100,0,0
1773411763.971142,183.168,0.020,0,24,0,8,8,3,100,0,0
1773411765.971204,174.809,0.017,0,24,0,8,8,3,100,0,0
1773411767.973167,172.492,0.026,0,24,0,8,8,3,100,0,0
1773411769.970806,173.277,0.025,0,24,0,8,8,3,100,0,0
1773411771.971203,174.074,0.020,0,24,0,8,8,3,100,0,0
1773411773.971982,174.867,0.026,0,24,0,8,8,3,100,0,0
1773411775.974990,175.660,0.022,0,24,0,8,8,3,100,0,0
1773411777.971221,176.457,0.021,0,24,0,8,8,3,100,0,0
1773411779.972711,177.242,0.034,0,24,0,8,8,3,100,0,0
1773411781.971481,178.043,0.020,0,24,0,8,8,3,100,0,0
1773411783.972522,178.828,0.019,0,24,0,8,8,3,100,0,0
1773411785.975543,179.633,0.026,0,24,0,8,8,3,100,0,0
1773411787.972053,180.426,0.019,0,24,0,8,8,3,100,0,0
1773411789.973156,181.230,0.021,0,24,0,8,8,3,100,0,0
1773411791.971168,182.031,0.025,0,24,0,8,8,3,100,0,0
1773411793.971729,182.820,0.023,0,24,0,8,8,3,100,0,0
1773411795.970847,183.633,0.017,0,24,0,8,8,3,100,0,0
1773411797.973626,172.207,0.017,0,24,0,8,8,3,100,0,0
1773411799.974708,172.992,0.022,0,24,0,8,8,3,100,0,0
1773411801.971626,173.805,0.115,0,24,0,8,8,3,100,0,0
1773411803.971039,174.613,0.027,0,24,0,8,8,3,100,0,0
1773411805.973076,175.398,0.031,0,24,0,8,8,3,100,0,0
1773411807.971079,176.195,0.024,0,24,0,8,8,3,100,0,0
1773411809.974248,176.980,0.023,0,24,0,8,8,3,100,0,0
1773411811.973377,177.773,0.025,0,24,0,8,8,3,100,0,0
1773411813.971417,178.574,0.022,0,24,0,8,8,3,100,0,0
1773411815.972478,179.355,0.018,0,24,0,8,8,3,100,0,0
1773411817.974922,180.180,0.024,0,24,0,8,8,3,100,0,0
1773411819.972109,180.961,0.026,0,24,0,8,8,3,100,0,0
1773411821.987138,181.766,0.020,0,24,0,8,8,3,100,0,0
1773411823.988103,182.566,0.028,0,24,0,8,8,3,100,0,0
1773411825.987300,183.379,0.018,0,24,0,8,8,3,100,0,0
1773411827.987597,171.914,0.025,0,24,0,8,8,3,100,0,0
1773411829.986746,172.723,0.022,0,24,0,8,8,3,100,0,0
1773411831.989670,173.527,0.020,0,24,0,8,8,3,100,0,0
1773411833.987999,174.312,0.030,0,24,0,8,8,3,100,0,0
1773411835.987912,175.117,0.067,0,24,0,8,8,3,100,0,0
1773411837.986844,175.902,0.021,0,24,0,8,8,3,100,0,0
1773411839.987360,176.699,0.023,0,24,0,8,8,3,100,0,0
1773411841.986803,177.512,0.032,0,24,0,8,8,3,100,0,0
1773411843.987328,178.316,0.020,0,24,0,8,8,3,100,0,0
1773411845.986680,179.113,0.033,0,24,0,8,8,3,100,0,0
1773411847.987741,179.898,0.022,0,24,0,8,8,3,100,0,0
1773411849.987142,180.707,0.020,0,24,0,8,8,3,100,0,0
1773411851.987370,181.527,0.018,0,24,0,8,8,3,100,0,0
1773411853.987231,182.320,0.022,0,24,0,8,8,3,100,0,0
1773411855.987296,183.109,0.022,0,24,0,8,8,3,100,0,0
1773411857.986962,183.934,0.020,0,24,0,8,8,3,100,0,0
1773411859.987613,172.422,0.019,0,24,0,8,8,3,100,0,0
1773411861.988134,173.223,0.016,0,24,0,8,8,3,100,0,0
1773411863.988762,174.027,0.027,0,24,0,8,8,3,100,0,0
1773411865.987311,174.820,0.022,0,24,0,8,8,3,100,0,0
1773411867.988324,175.621,0.022,0,24,0,8,8,3,100,0,0
1773411869.986904,176.402,0.017,0,24,0,8,8,3,100,0,0
1773411871.987498,177.199,0.023,0,24,0,8,8,3,100,0,0
1773411873.989195,177.984,0.027,0,24,0,8,8,3,100,0,0
1773411875.987235,178.789,0.017,0,24,0,8,8,3,100,0,0
1773411877.990011,179.582,0.018,0,24,0,8,8,3,100,0,0
1773411879.986955,180.383,0.021,0,24,0,8,8,3,100,0,0
1773411881.987332,181.184,0.018,0,24,0,8,8,3,100,0,0
1773411883.987136,181.977,0.021,0,24,0,8,8,3,100,0,0
1773411885.987829,182.785,0.016,0,24,0,8,8,3,100,0,0
1773411887.987537,174.500,0.018,0,24,0,8,8,3,100,0,0
1773411889.987946,172.137,0.032,0,24,0,8,8,3,100,0,0
1773411891.987914,172.941,0.018,0,24,0,8,8,3,100,0,0
1773411893.989549,173.727,0.019,0,24,0,8,8,3,100,0,0
1773411895.987635,174.516,0.020,0,24,0,8,8,3,100,0,0
1773411898.091323,175.316,0.018,0,24,0,8,8,3,100,0,0
1773411899.987773,176.695,0.015,0,24,0,8,8,3,100,0,0
1773411901.987690,176.977,0.017,0,24,0,8,8,3,100,0,0
1773411903.988656,177.770,0.022,0,24,0,8,8,3,100,0,0
1773411905.987556,178.566,0.020,0,24,0,8,8,3,100,0,0
1773411907.986662,179.355,0.018,0,24,0,8,8,3,100,0,0
1773411909.987145,180.156,0.019,0,24,0,8,8,3,100,0,0
1773411911.987654,180.945,0.020,0,24,0,8,8,3,100,0,0
1773411913.988026,181.754,0.022,0,24,0,8,8,3,100,0,0
1773411915.987376,182.547,0.021,0,24,0,8,8,3,100,0,0
1773411917.987632,183.359,0.017,0,24,0,8,8,3,100,0,0
1773411919.986989,171.895,0.016,0,24,0,8,8,3,100,0,0
1773411921.987020,172.691,0.022,0,24,0,8,8,3,100,0,0
1773411923.986994,173.496,0.018,0,24,0,8,8,3,100,0,0
1773411925.987664,174.285,0.018,0,24,0,8,8,3,100,0,0
1773411927.989317,175.086,0.023,0,24,0,8,8,3,100,0,0
1773411929.987474,175.879,0.018,0,24,0,8,8,3,100,0,0
1773411931.987106,176.672,0.018,0,24,0,8,8,3,100,0,0
1773411933.987344,177.457,0.020,0,24,0,8,8,3,100,0,0
1773411935.987014,178.258,0.018,0,24,0,8,8,3,100,0,0
1773411938.003907,179.051,0.020,0,24,0,8,8,3,100,0,0
1773411940.003613,179.844,0.018,0,24,0,8,8,3,100,0,0
1773411942.004684,180.637,0.018,0,24,0,8,8,3,100,0,0
1773411944.002099,181.438,0.019,0,24,0,8,8,3,100,0,0
1773411946.002764,182.234,0.017,0,24,0,8,8,3,100,0,0
1773411948.006374,183.047,0.017,0,24,0,8,8,3,100,0,0
1773411950.002388,174.660,0.017,0,24,0,8,8,3,100,0,0
1773411952.004065,172.395,0.016,0,24,0,8,8,3,100,0,0
1773411954.002750,173.184,0.052,0,24,0,8,8,3,100,0,0
1773411956.002359,173.996,0.021,0,24,0,8,8,3,100,0,0
1773411958.004119,174.797,0.016,0,24,0,8,8,3,100,0,0
1773411960.003193,175.582,0.021,0,24,0,8,8,3,100,0,0
1773411962.003607,176.379,0.018,0,24,0,8,8,3,100,0,0
1773411964.003966,177.180,0.022,0,24,0,8,8,3,100,0,0
1773411966.005485,177.984,0.025,0,24,0,8,8,3,100,0,0
1773411968.003000,178.758,0.022,0,24,0,8,8,3,100,0,0
1773411970.004584,179.570,0.021,0,24,0,8,8,3,100,0,0
1773411972.005295,180.379,0.017,0,24,0,8,8,3,100,0,0
1773411974.004613,181.168,0.019,0,24,0,8,8,3,100,0,0
1773411976.005584,181.973,0.022,0,24,0,8,8,3,100,0,0
1773411978.005099,182.770,0.016,0,24,0,8,8,3,100,0,0
1773411980.004080,183.578,0.016,0,24,0,8,8,3,100,0,0
1773411982.002944,172.078,0.031,0,24,0,8,8,3,100,0,0
1773411984.004709,172.945,0.022,0,24,0,8,8,3,100,0,0
1773411986.003998,173.754,0.021,0,24,0,8,8,3,100,0,0
1773411988.002473,174.539,0.025,0,24,0,8,8,3,100,0,0
1773411990.006073,175.344,0.018,0,24,0,8,8,3,100,0,0
1773411992.002924,176.133,0.025,0,24,0,8,8,3,100,0,0
1773411994.004089,176.922,0.019,0,24,0,8,8,3,100,0,0
1773411996.002672,177.719,0.017,0,24,0,8,8,3,100,0,0
1773411998.005427,178.516,0.024,0,24,0,8,8,3,100,0,0
1773412000.004500,179.297,0.018,0,24,0,8,8,3,100,0,0
1773412002.003253,180.109,0.017,0,24,0,8,8,3,100,0,0
1773412004.004714,180.898,0.020,0,24,0,8,8,3,100,0,0
1773412006.004200,181.730,0.020,0,24,0,8,8,3,100,0,0
1773412008.004996,182.539,0.020,0,24,0,8,8,3,100,0,0
1773412010.003634,183.355,0.024,0,24,0,8,8,3,100,0,0
1773412012.004273,184.141,0.021,0,24,0,8,8,3,100,0,0
1773412014.002967,172.570,0.024,0,24,0,8,8,3,100,0,0
1773412016.002947,173.375,0.024,0,24,0,8,8,3,100,0,0
1773412018.003759,174.164,0.018,0,24,0,8,8,3,100,0,0
1773412020.004524,174.965,0.027,0,24,0,8,8,3,100,0,0
1773412022.003704,175.758,0.020,0,24,0,8,8,3,100,0,0
1773412024.004696,176.547,0.020,0,24,0,8,8,3,100,0,0
1773412026.002338,177.336,0.024,0,24,0,8,8,3,100,0,0
1773412028.004690,178.145,0.019,0,24,0,8,8,3,100,0,0
1773412030.002845,178.938,0.015,0,24,0,8,8,3,100,0,0
1773412032.003912,179.727,0.022,0,24,0,8,8,3,100,0,0
1773412034.002569,180.539,0.019,0,24,0,8,8,3,100,0,0
1773412036.004659,181.352,0.021,0,24,0,8,8,3,100,0,0
1773412038.003607,182.145,0.066,0,24,0,8,8,3,100,0,0
1773412040.002127,182.953,0.023,0,24,0,8,8,3,100,0,0
1773412042.004021,183.773,0.020,0,24,0,8,8,3,100,0,0
1773412044.005012,172.285,0.023,0,24,0,8,8,3,100,0,0
1773412046.003655,173.090,0.022,0,24,0,8,8,3,100,0,0
1773412048.001948,173.891,0.025,0,24,0,8,8,3,100,0,0
1773412050.002136,174.699,0.019,0,24,0,8,8,3,100,0,0
1773412052.004205,175.488,0.021,0,24,0,8,8,3,100,0,0
1773412054.002449,176.277,0.019,0,24,0,8,8,3,100,0,0
1773412056.004957,177.082,0.020,0,24,0,8,8,3,100,0,0
1773412058.004022,177.871,0.022,0,24,0,8,8,3,100,0,0
1773412060.003771,178.676,0.023,0,24,0,8,8,3,100,0,0
1773412062.004501,179.461,0.017,0,24,0,8,8,3,100,0,0
1773412064.005312,180.270,0.020,0,24,0,8,8,3,100,0,0
1773412066.002499,181.074,0.017,0,24,0,8,8,3,100,0,0
1773412068.003272,181.875,0.025,0,24,0,8,8,3,100,0,0
1773412070.002111,182.680,0.023,0,24,0,8,8,3,100,0,0
1773412072.003562,183.508,0.021,0,24,0,8,8,3,100,0,0
1773412074.002760,171.996,0.019,0,24,0,8,8,3,100,0,0
1773412076.002958,172.789,0.022,0,24,0,8,8,3,100,0,0
1773412078.004258,173.586,0.022,0,24,0,8,8,3,100,0,0
1773412080.003410,174.383,0.023,0,24,0,8,8,3,100,0,0
1773412082.004937,175.188,0.017,0,24,0,8,8,3,100,0,0
1773412084.004163,175.988,0.021,0,24,0,8,8,3,100,0,0
1773412086.003184,176.781,0.020,0,24,0,8,8,3,100,0,0
1773412088.003093,177.574,0.022,0,24,0,8,8,3,100,0,0
1773412090.003696,178.379,0.025,0,24,0,8,8,3,100,0,0
1773412092.002934,179.172,0.020,0,24,0,8,8,3,100,0,0
1773412094.004468,179.816,0.027,0,24,0,8,8,3,100,0,0
1773412096.004479,180.602,0.028,0,24,0,8,8,3,100,0,0
1773412098.002445,181.414,0.018,0,24,0,8,8,3,100,0,0
1773412100.004054,182.219,0.019,0,24,0,8,8,3,100,0,0
1773412102.005442,183.039,0.021,0,24,0,8,8,3,100,0,0
1773412104.005427,174.191,0.015,0,24,0,8,8,3,100,0,0
1773412106.004585,172.363,0.022,0,24,0,8,8,3,100,0,0
1773412108.004652,173.148,0.024,0,24,0,8,8,3,100,0,0
1773412110.004078,173.949,0.016,0,24,0,8,8,3,100,0,0
1773412112.002669,174.746,0.020,0,24,0,8,8,3,100,0,0
1773412114.004995,175.531,0.020,0,24,0,8,8,3,100,0,0
1773412116.003785,176.328,0.030,0,24,0,8,8,3,100,0,0
1773412118.002150,177.113,0.019,0,24,0,8,8,3,100,0,0
1773412120.004125,177.914,0.018,0,24,0,8,8,3,100,0,0
1773412122.002761,178.707,0.021,0,24,0,8,8,3,100,0,0
1773412124.002688,179.504,0.016,0,24,0,8,8,3,100,0,0
1773412126.004686,180.301,0.019,0,24,0,8,8,3,100,0,0
1773412128.002537,181.094,0.022,0,24,0,8,8,3,100,0,0
1773412130.004469,181.887,0.029,0,24,0,8,8,3,100,0,0
1773412132.003642,182.688,0.016,0,24,0,8,8,3,100,0,0
1773412134.004859,183.496,0.017,0,24,0,8,8,3,100,0,0
1773412136.004567,172.062,0.025,0,24,0,8,8,3,100,0,0
1773412138.003355,172.855,0.022,0,24,0,8,8,3,100,0,0
1773412140.004097,173.660,0.020,0,24,0,8,8,3,100,0,0
1773412142.002957,174.457,0.017,0,24,0,8,8,3,100,0,0
1773412144.002465,175.246,0.021,0,24,0,8,8,3,100,0,0
1773412146.003051,176.039,0.029,0,24,0,8,8,3,100,0,0
1773412148.004761,176.832,0.024,0,24,0,8,8,3,100,0,0
1773412150.002387,177.621,0.022,0,24,0,8,8,3,100,0,0
1773412152.004479,178.414,0.022,0,24,0,8,8,3,100,0,0
1773412154.002791,179.207,0.024,0,24,0,8,8,3,100,0,0
1773412156.003757,180.004,0.026,0,24,0,8,8,3,100,0,0
1773412158.004188,180.797,0.021,0,24,0,8,8,3,100,0,0
1773412160.003225,181.598,0.017,0,24,0,8,8,3,100,0,0
1773412162.004545,182.387,0.019,0,24,0,8,8,3,100,0,0
1773412164.003085,183.191,0.015,0,24,0,8,8,3,100,0,0
1773412166.002118,171.816,0.024,0,24,0,8,8,3,100,0,0
1773412168.005720,172.598,0.019,0,24,0,8,8,3,100,0,0
1773412170.002437,173.406,0.018,0,24,0,8,8,3,100,0,0
1773412172.005290,174.199,0.018,0,24,0,8,8,3,100,0,0
1773412174.004551,174.996,0.021,0,24,0,8,8,3,100,0,0
1773412176.002588,175.785,0.019,0,24,0,8,8,3,100,0,0
1773412178.004938,176.574,0.023,0,24,0,8,8,3,100,0,0
1773412180.004529,177.363,0.030,0,24,0,8,8,3,100,0,0
1773412182.003103,178.168,0.019,0,24,0,8,8,3,100,0,0
1773412184.004494,178.953,0.019,0,24,0,8,8,3,100,0,0
1773412186.002614,179.746,0.021,0,24,0,8,8,3,100,0,0
1773412188.004454,180.543,0.018,0,24,0,8,8,3,100,0,0
1773412190.002986,181.348,0.018,0,24,0,8,8,3,100,0,0
1773412192.002058,182.137,0.024,0,24,0,8,8,3,100,0,0
1773412194.004912,182.934,0.019,0,24,0,8,8,3,100,0,0
1773412196.004320,174.180,0.020,0,24,0,8,8,3,100,0,0
1773412198.004526,172.277,0.020,0,24,0,8,8,3,100,0,0
1773412200.005064,173.066,0.019,0,24,0,8,8,3,100,0,0
1773412202.002924,173.875,0.021,0,24,0,8,8,3,100,0,0
1773412204.004992,174.676,0.023,0,24,0,8,8,3,100,0,0
1773412206.003329,175.461,0.018,0,24,0,8,8,3,100,0,0
1773412208.002698,176.262,0.018,0,24,0,8,8,3,100,0,0
1773412210.004263,177.047,0.020,0,24,0,8,8,3,100,0,0
1773412212.004170,177.848,0.024,0,24,0,8,8,3,100,0,0
1773412214.003981,178.633,0.022,0,24,0,8,8,3,100,0,0
1773412216.002898,179.441,0.019,0,24,0,8,8,3,100,0,0
1773412218.003199,180.238,0.017,0,24,0,8,8,3,100,0,0
1773412220.004868,181.027,0.017,0,24,0,8,8,3,100,0,0
1773412222.004535,181.824,0.029,0,24,0,8,8,3,100,0,0
1773412224.002654,182.609,0.028,0,24,0,8,8,3,100,0,0
1773412226.003999,174.039,0.019,0,24,0,8,8,3,100,0,0
1773412228.002905,172.020,0.018,0,24,0,8,8,3,100,0,0
1773412230.004517,172.816,0.023,0,24,0,8,8,3,100,0,0
1773412232.004497,173.605,0.022,0,24,0,8,8,3,100,0,0
1773412234.002833,174.398,0.019,0,24,0,8,8,3,100,0,0
1773412236.004521,175.188,0.024,0,24,0,8,8,3,100,0,0
1773412238.002868,175.984,0.020,0,24,0,8,8,3,100,0,0
1773412240.003984,176.777,0.026,0,24,0,8,8,3,100,0,0
1773412242.004385,177.574,0.045,0,24,0,8,8,3,100,0,0
1773412244.002992,178.367,0.018,0,24,0,8,8,3,100,0,0
1773412246.004553,179.152,0.020,0,24,0,8,8,3,100,0,0
1773412248.002914,179.949,0.018,0,24,0,8,8,3,100,0,0
1773412250.003569,180.742,0.018,0,24,0,8,8,3,100,0,0
1773412252.004399,181.535,0.019,0,24,0,8,8,3,100,0,0
1773412254.004746,182.320,0.019,0,24,0,8,8,3,100,0,0
1773412256.003497,183.133,0.019,0,24,0,8,8,3,100,0,0
1773412258.003735,171.770,0.018,0,24,0,8,8,3,100,0,0
1773412260.003912,172.562,0.020,0,24,0,8,8,3,100,0,0
1773412262.004438,173.371,0.022,0,24,0,8,8,3,100,0,0
1773412264.004627,174.156,0.032,0,24,0,8,8,3,100,0,0
1773412266.003676,174.953,0.016,0,24,0,8,8,3,100,0,0
1773412268.003364,175.746,0.019,0,24,0,8,8,3,100,0,0
1773412270.003060,176.539,0.019,0,24,0,8,8,3,100,0,0
1773412272.004569,177.328,0.030,0,24,0,8,8,3,100,0,0
1773412274.005265,178.109,0.018,0,24,0,8,8,3,100,0,0
1773412276.003218,178.902,0.037,0,24,0,8,8,3,100,0,0
1773412278.003438,179.688,0.020,0,24,0,8,8,3,100,0,0
1773412280.004046,180.480,0.030,0,24,0,8,8,3,100,0,0
1773412282.004641,181.281,0.018,0,24,0,8,8,3,100,0,0
1773412284.005123,182.074,0.022,0,24,0,8,8,3,100,0,0
1773412286.003890,182.871,0.021,0,24,0,8,8,3,100,0,0
1773412288.004460,174.125,0.029,0,24,0,8,8,3,100,0,0
1773412290.002923,172.191,0.021,0,24,0,8,8,3,100,0,0
1773412292.003003,172.988,0.020,0,24,0,8,8,3,100,0,0
1773412294.003475,173.797,0.021,0,24,0,8,8,3,100,0,0
1773412296.002043,174.602,0.021,0,24,0,8,8,3,100,0,0
1773412298.002840,175.387,0.020,0,24,0,8,8,3,100,0,0
1773412300.003825,176.188,0.021,0,24,0,8,8,3,100,0,0
1773412302.004434,176.977,0.016,0,24,0,8,8,3,100,0,0
1773412304.004351,177.773,0.023,0,24,0,8,8,3,100,0,0
1773412306.004752,178.555,0.018,0,24,0,8,8,3,100,0,0
1773412308.002989,179.344,0.021,0,24,0,8,8,3,100,0,0
1773412310.004275,180.160,0.022,0,24,0,8,8,3,100,0,0
1773412312.002907,180.953,0.024,0,24,0,8,8,3,100,0,0
1773412314.005459,181.754,0.018,0,24,0,8,8,3,100,0,0
1773412316.004194,182.539,0.020,0,24,0,8,8,3,100,0,0
1773412318.003051,183.352,0.019,0,24,0,8,8,3,100,0,0
1773412320.002662,171.953,0.029,0,24,0,8,8,3,100,0,0
1773412322.002909,172.754,0.021,0,24,0,8,8,3,100,0,0
1773412324.003665,173.559,0.019,0,24,0,8,8,3,100,0,0
1773412326.005311,174.355,0.025,0,24,0,8,8,3,100,0,0
1773412328.004065,175.141,0.020,0,24,0,8,8,3,100,0,0
1773412330.004219,175.938,0.029,0,24,0,8,8,3,100,0,0
1773412332.003342,176.723,0.018,0,24,0,8,8,3,100,0,0
1773412334.004290,177.520,0.018,0,24,0,8,8,3,100,0,0
1773412336.004546,178.312,0.021,0,24,0,8,8,3,100,0,0
1773412338.002589,179.102,0.031,0,24,0,8,8,3,100,0,0
1773412340.005060,179.910,0.018,0,24,0,8,8,3,100,0,0
1773412342.004241,180.695,0.025,0,24,0,8,8,3,100,0,0
1773412344.002680,181.488,0.024,0,24,0,8,8,3,100,0,0
1773412346.004643,182.289,0.027,0,24,0,8,8,3,100,0,0
1773412348.011383,183.062,0.017,0,24,0,8,8,3,100,0,0
1773412350.003710,174.504,0.016,0,24,0,8,8,3,100,0,0
1773412352.005460,172.469,0.029,0,24,0,8,8,3,100,0,0
1773412354.002687,173.273,0.021,0,24,0,8,8,3,100,0,0
1773412356.004315,174.062,0.017,0,24,0,8,8,3,100,0,0
1773412358.004844,174.859,0.031,0,24,0,8,8,3,100,0,0
1773412360.002618,175.645,0.109,0,24,0,8,8,3,100,0,0
1773412362.004483,176.434,0.026,0,24,0,8,8,3,100,0,0
1773412364.002671,177.219,0.018,0,24,0,8,8,3,100,0,0
1773412366.004770,178.016,0.026,0,24,0,8,8,3,100,0,0
1773412368.007039,178.812,0.028,0,24,0,8,8,3,100,0,0
1773412370.003055,179.602,0.024,0,24,0,8,8,3,100,0,0
1773412372.003955,180.406,0.022,0,24,0,8,8,3,100,0,0
1773412374.002688,181.211,0.036,0,24,0,8,8,3,100,0,0
1773412376.004347,182.000,0.030,0,24,0,8,8,3,100,0,0
1773412378.005715,182.789,0.024,0,24,0,8,8,3,100,0,0
1773412380.003676,174.188,0.016,0,24,0,8,8,3,100,0,0
1773412382.004666,172.219,0.019,0,24,0,8,8,3,100,0,0
1773412384.003782,173.004,0.028,0,24,0,8,8,3,100,0,0
1773412386.004521,173.809,0.021,0,24,0,8,8,3,100,0,0
1773412388.002674,174.602,0.019,0,24,0,8,8,3,100,0,0
1773412390.004352,175.383,0.026,0,24,0,8,8,3,100,0,0
1773412392.004364,176.172,0.039,0,24,0,8,8,3,100,0,0
1773412394.003320,176.961,0.020,0,24,0,8,8,3,100,0,0
1773412396.002523,177.738,0.023,0,24,0,8,8,3,100,0,0
1773412398.003511,178.562,0.022,0,24,0,8,8,3,100,0,0
1773412400.004359,179.332,0.020,0,24,0,8,8,3,100,0,0
1773412402.003540,180.145,0.035,0,24,0,8,8,3,100,0,0
1773412404.004566,180.941,0.022,0,24,0,8,8,3,100,0,0
1773412406.004933,181.730,0.023,0,24,0,8,8,3,100,0,0
1773412408.002479,182.520,0.025,0,24,0,8,8,3,100,0,0
1773412410.002347,183.324,0.022,0,24,0,8,8,3,100,0,0
1773412412.002971,174.441,0.018,0,24,0,8,8,3,100,0,0
1773412414.005193,172.695,0.019,0,24,0,8,8,3,100,0,0
1773412416.003242,173.504,0.022,0,24,0,8,8,3,100,0,0
1773412418.004409,174.297,0.023,0,24,0,8,8,3,100,0,0
1773412420.004204,175.090,0.024,0,24,0,8,8,3,100,0,0
1773412422.002903,175.871,0.020,0,24,0,8,8,3,100,0,0
1773412424.004681,176.680,0.017,0,24,0,8,8,3,100,0,0
1773412426.002685,177.461,0.020,0,24,0,8,8,3,100,0,0
1773412428.002762,178.258,0.017,0,24,0,8,8,3,100,0,0
1773412430.002280,179.055,0.021,0,24,0,8,8,3,100,0,0
1773412432.004689,179.848,0.021,0,24,0,8,8,3,100,0,0
1773412434.003372,180.633,0.017,0,24,0,8,8,3,100,0,0
1773412436.003191,181.438,0.028,0,24,0,8,8,3,100,0,0
1773412438.003424,182.219,0.024,0,24,0,8,8,3,100,0,0
1773412440.003434,183.027,0.024,0,24,0,8,8,3,100,0,0
1773412442.004598,183.824,0.025,0,24,0,8,8,3,100,0,0
1773412444.003112,174.992,0.030,0,24,0,8,8,3,100,0,0
1773412446.004748,173.211,0.022,0,24,0,8,8,3,100,0,0
1773412448.003888,173.980,0.021,0,24,0,8,8,3,100,0,0
1773412450.003747,174.812,0.025,0,24,0,8,8,3,100,0,0
1773412452.003710,175.605,0.027,0,24,0,8,8,3,100,0,0
1773412454.002641,176.398,0.020,0,24,0,8,8,3,100,0,0
1773412456.002598,177.188,0.019,0,24,0,8,8,3,100,0,0
1773412458.002540,177.984,0.018,0,24,0,8,8,3,100,0,0
1773412460.003708,178.770,0.017,0,24,0,8,8,3,100,0,0
1773412462.005322,179.566,0.018,0,24,0,8,8,3,100,0,0
1773412464.004050,180.352,0.020,0,24,0,8,8,3,100,0,0
1773412466.003998,181.152,0.018,0,24,0,8,8,3,100,0,0
1773412468.017425,181.949,0.018,0,24,0,8,8,3,100,0,0
1773412470.004762,182.734,0.028,0,24,0,8,8,3,100,0,0
1773412472.004457,183.539,0.019,0,24,0,8,8,3,100,0,0
1773412474.005199,172.141,0.019,0,24,0,8,8,3,100,0,0
1773412476.003353,172.922,0.019,0,24,0,8,8,3,100,0,0
1773412478.002502,173.738,0.019,0,24,0,8,8,3,100,0,0
1773412480.002362,174.531,0.019,0,24,0,8,8,3,100,0,0
1773412482.005037,175.312,0.028,0,24,0,8,8,3,100,0,0
1773412484.004498,176.113,0.019,0,24,0,8,8,3,100,0,0
1773412486.002640,176.898,0.026,0,24,0,8,8,3,100,0,0
1773412488.004034,177.691,0.025,0,24,0,8,8,3,100,0,0
1773412490.004188,178.488,0.019,0,24,0,8,8,3,100,0,0
1773412492.003748,179.270,0.027,0,24,0,8,8,3,100,0,0
1773412494.004386,180.070,0.023,0,24,0,8,8,3,100,0,0
1773412496.003621,180.863,0.018,0,24,0,8,8,3,100,0,0
1773412498.004169,181.664,0.018,0,24,0,8,8,3,100,0,0
1773412500.003119,182.449,0.022,0,24,0,8,8,3,100,0,0
1773412502.004160,183.258,0.023,0,24,0,8,8,3,100,0,0
1773412504.002844,171.840,0.021,0,24,0,8,8,3,100,0,0
1773412506.004829,172.629,0.017,0,24,0,8,8,3,100,0,0
1773412508.004566,173.434,0.018,0,24,0,8,8,3,100,0,0
1773412510.003587,174.223,0.021,0,24,0,8,8,3,100,0,0
1773412512.002972,175.016,0.016,0,24,0,8,8,3,100,0,0
1773412514.004640,175.805,0.019,0,24,0,8,8,3,100,0,0
1773412516.005126,176.605,0.029,0,24,0,8,8,3,100,0,0
1773412518.003540,177.395,0.018,0,24,0,8,8,3,100,0,0
1773412520.004585,178.191,0.020,0,24,0,8,8,3,100,0,0
1773412522.004400,178.973,0.018,0,24,0,8,8,3,100,0,0
1773412524.004457,179.770,0.023,0,24,0,8,8,3,100,0,0
1773412526.005131,180.574,0.025,0,24,0,8,8,3,100,0,0
1773412528.002946,181.363,0.023,0,24,0,8,8,3,100,0,0
1773412530.004332,182.164,0.030,0,24,0,8,8,3,100,0,0
1773412532.004919,182.969,0.020,0,24,0,8,8,3,100,0,0
1773412534.004766,174.207,0.020,0,24,0,8,8,3,100,0,0
1773412536.002847,172.352,0.022,0,24,0,8,8,3,100,0,0
1773412538.002449,173.148,0.017,0,24,0,8,8,3,100,0,0
1773412540.004593,173.945,0.018,0,24,0,8,8,3,100,0,0
1773412542.002998,174.738,0.030,0,24,0,8,8,3,100,0,0
1773412544.003448,175.531,0.022,0,24,0,8,8,3,100,0,0
1773412546.004443,176.332,0.033,0,24,0,8,8,3,100,0,0
1773412548.004000,177.117,0.021,0,24,0,8,8,3,100,0,0
1773412550.004124,177.914,0.017,0,24,0,8,8,3,100,0,0
1773412552.003569,178.703,0.021,0,24,0,8,8,3,100,0,0
1773412554.004639,179.500,0.018,0,24,0,8,8,3,100,0,0
1773412556.002760,180.301,0.015,0,24,0,8,8,3,100,0,0
1773412558.004575,181.086,0.022,0,24,0,8,8,3,100,0,0
1773412560.004942,181.883,0.028,0,24,0,8,8,3,100,0,0
1773412562.003276,182.668,0.023,0,24,0,8,8,3,100,0,0
1773412564.003573,183.477,0.022,0,24,0,8,8,3,100,0,0
1773412566.004708,174.883,0.022,0,24,0,8,8,3,100,0,0
1773412568.004388,172.832,0.025,0,24,0,8,8,3,100,0,0
1773412570.002791,173.738,0.039,0,24,0,8,8,3,100,0,0
1773412572.002671,174.527,0.023,0,24,0,8,8,3,100,0,0
1773412574.016761,175.320,0.023,0,24,0,8,8,3,100,0,0
1773412576.004495,176.105,0.014,0,24,0,8,8,3,100,0,0
1773412578.004451,176.895,0.020,0,24,0,8,8,3,100,0,0
1773412580.003735,177.691,0.029,0,24,0,8,8,3,100,0,0
1773412582.018950,178.488,0.024,0,24,0,8,8,3,100,0,0
1773412584.017766,179.277,0.022,0,24,0,8,8,3,100,0,0
1773412586.018819,180.066,0.016,0,24,0,8,8,3,100,0,0
1773412588.019305,180.863,0.017,0,24,0,8,8,3,100,0,0
1773412590.020057,181.656,0.017,0,24,0,8,8,3,100,0,0
1773412592.019961,182.445,0.022,0,24,0,8,8,3,100,0,0
1773412594.020755,183.250,0.021,0,24,0,8,8,3,100,0,0
1773412596.023382,184.023,0.023,0,24,0,8,8,3,100,0,0
1773412598.019913,172.449,0.025,0,24,0,8,8,3,100,0,0
1773412600.019829,173.262,0.021,0,24,0,8,8,3,100,0,0
1773412602.018531,174.043,0.023,0,24,0,8,8,3,100,0,0
1773412604.019532,174.844,0.016,0,24,0,8,8,3,100,0,0
1773412606.018028,175.633,0.022,0,24,0,8,8,3,100,0,0
1773412608.019221,176.422,0.023,0,24,0,8,8,3,100,0,0
1773412610.019464,177.219,0.021,0,24,0,8,8,3,100,0,0
1773412612.018300,178.016,0.021,0,24,0,8,8,3,100,0,0
1773412614.019947,178.816,0.017,0,24,0,8,8,3,100,0,0
1773412616.018678,179.602,0.018,0,24,0,8,8,3,100,0,0
1773412618.019877,180.418,0.024,0,24,0,8,8,3,100,0,0
1773412620.019194,181.227,0.023,0,24,0,8,8,3,100,0,0
1773412622.019822,182.020,0.020,0,24,0,8,8,3,100,0,0
1773412624.020653,182.824,0.018,0,24,0,8,8,3,100,0,0
1773412626.019562,174.184,0.019,0,24,0,8,8,3,100,0,0
1773412628.019521,172.219,0.023,0,24,0,8,8,3,100,0,0
1773412630.020303,173.008,0.021,0,24,0,8,8,3,100,0,0
1773412632.020203,173.820,0.019,0,24,0,8,8,3,100,0,0
1773412634.019885,174.613,0.014,0,24,0,8,8,3,100,0,0
1773412636.018061,175.402,0.029,0,24,0,8,8,3,100,0,0
1773412638.018222,176.199,0.023,0,24,0,8,8,3,100,0,0
1773412640.019952,176.992,0.018,0,24,0,8,8,3,100,0,0
1773412642.020571,177.789,0.022,0,24,0,8,8,3,100,0,0
1773412644.018372,178.574,0.025,0,24,0,8,8,3,100,0,0
1773412646.019299,179.375,0.021,0,24,0,8,8,3,100,0,0
1773412648.019052,180.172,0.019,0,24,0,8,8,3,100,0,0
1773412650.019739,180.969,0.021,0,24,0,8,8,3,100,0,0
1773412652.019598,181.770,0.025,0,24,0,8,8,3,100,0,0
1773412654.018960,182.555,0.016,0,24,0,8,8,3,100,0,0
1773412656.019736,183.355,0.015,0,24,0,8,8,3,100,0,0
1773412658.018655,171.953,0.021,0,24,0,8,8,3,100,0,0
1773412660.019240,172.762,0.022,0,24,0,8,8,3,100,0,0
1773412662.018069,173.543,0.021,0,24,0,8,8,3,100,0,0
1773412664.019127,174.340,0.020,0,24,0,8,8,3,100,0,0
1773412666.018360,175.141,0.025,0,24,0,8,8,3,100,0,0
1773412668.019766,175.922,0.020,0,24,0,8,8,3,100,0,0
1773412670.018770,176.715,0.022,0,24,0,8,8,3,100,0,0
1773412672.019056,177.508,0.017,0,24,0,8,8,3,100,0,0
1773412674.020813,178.297,0.027,0,24,0,8,8,3,100,0,0
1773412676.019799,179.086,0.026,0,24,0,8,8,3,100,0,0
1773412678.019766,179.895,0.019,0,24,0,8,8,3,100,0,0
1773412680.019649,180.684,0.017,0,24,0,8,8,3,100,0,0
1773412682.019571,181.480,0.023,0,24,0,8,8,3,100,0,0
1773412684.018141,182.266,0.021,0,24,0,8,8,3,100,0,0
1773412686.018590,183.066,0.018,0,24,0,8,8,3,100,0,0
1773412688.018206,171.699,0.020,0,24,0,8,8,3,100,0,0
1773412690.020869,172.465,0.024,0,24,0,8,8,3,100,0,0
1773412692.019313,173.273,0.019,0,24,0,8,8,3,100,0,0
1773412694.020336,174.059,0.028,0,24,0,8,8,3,100,0,0
1773412696.018312,174.855,0.021,0,24,0,8,8,3,100,0,0
1773412698.019758,175.645,0.019,0,24,0,8,8,3,100,0,0
1773412700.018671,176.445,0.023,0,24,0,8,8,3,100,0,0
1773412702.017825,177.234,0.019,0,24,0,8,8,3,100,0,0
1773412704.020064,178.031,0.019,0,24,0,8,8,3,100,0,0
1773412706.020186,178.824,0.027,0,24,0,8,8,3,100,0,0
1773412708.019244,179.617,0.018,0,24,0,8,8,3,100,0,0
1773412710.017858,180.402,0.022,0,24,0,8,8,3,100,0,0
1773412712.019720,181.203,0.018,0,24,0,8,8,3,100,0,0
1773412714.018564,181.996,0.022,0,24,0,8,8,3,100,0,0
1773412716.018467,182.785,0.021,0,24,0,8,8,3,100,0,0
1773412718.019565,174.254,0.018,0,24,0,8,8,3,100,0,0
1773412720.019899,172.203,0.022,0,24,0,8,8,3,100,0,0
1773412722.018068,173.000,0.021,0,24,0,8,8,3,100,0,0
1773412724.019917,173.801,0.019,0,24,0,8,8,3,100,0,0
1773412726.019399,174.590,0.017,0,24,0,8,8,3,100,0,0
1773412728.019193,175.375,0.020,0,24,0,8,8,3,100,0,0
1773412730.019598,176.176,0.019,0,24,0,8,8,3,100,0,0
1773412732.019753,176.961,0.020,0,24,0,8,8,3,100,0,0
1773412734.019297,177.754,0.019,0,24,0,8,8,3,100,0,0
1773412736.019650,178.539,0.020,0,24,0,8,8,3,100,0,0
1773412738.017749,179.332,0.018,0,24,0,8,8,3,100,0,0
1773412740.018339,180.121,0.017,0,24,0,8,8,3,100,0,0
1773412742.018640,180.914,0.016,0,24,0,8,8,3,100,0,0
1773412744.019538,181.703,0.022,0,24,0,8,8,3,100,0,0
1773412746.021516,182.500,0.024,0,24,0,8,8,3,100,0,0
1773412748.018119,183.309,0.017,0,24,0,8,8,3,100,0,0
1773412750.019428,171.898,0.014,0,24,0,8,8,3,100,0,0
1773412752.019330,172.691,0.020,0,24,0,8,8,3,100,0,0
1773412754.018709,173.496,0.020,0,24,0,8,8,3,100,0,0
1773412756.020000,174.289,0.017,0,24,0,8,8,3,100,0,0
1773412758.019860,175.078,0.019,0,24,0,8,8,3,100,0,0
1773412760.018575,175.867,0.023,0,24,0,8,8,3,100,0,0
1773412762.018023,176.656,0.022,0,24,0,8,8,3,100,0,0
1773412764.019558,177.457,0.023,0,24,0,8,8,3,100,0,0
1773412766.018259,178.238,0.019,0,24,0,8,8,3,100,0,0
1773412768.019636,179.031,0.018,0,24,0,8,8,3,100,0,0
1773412770.018620,179.840,0.018,0,24,0,8,8,3,100,0,0
1773412772.020143,180.629,0.016,0,24,0,8,8,3,100,0,0
1773412774.018253,181.426,0.016,0,24,0,8,8,3,100,0,0
1773412776.019855,182.211,0.018,0,24,0,8,8,3,100,0,0
1773412778.018707,183.023,0.016,0,24,0,8,8,3,100,0,0
1773412780.019204,174.250,0.030,0,24,0,8,8,3,100,0,0
1773412782.019820,172.426,0.019,0,24,0,8,8,3,100,0,0
1773412784.018718,173.219,0.020,0,24,0,8,8,3,100,0,0
1773412786.020555,174.016,0.026,0,24,0,8,8,3,100,0,0
1773412788.018981,174.812,0.018,0,24,0,8,8,3,100,0,0
1773412790.019362,175.613,0.016,0,24,0,8,8,3,100,0,0
1773412792.019125,176.398,0.032,0,24,0,8,8,3,100,0,0
1773412794.019136,177.191,0.026,0,24,0,8,8,3,100,0,0
1773412796.020099,177.977,0.030,0,24,0,8,8,3,100,0,0
1773412798.020205,178.766,0.018,0,24,0,8,8,3,100,0,0
1773412800.018452,179.562,0.034,0,24,0,8,8,3,100,0,0
1773412802.019885,180.352,0.022,0,24,0,8,8,3,100,0,0
1773412804.019980,181.145,0.017,0,24,0,8,8,3,100,0,0
1773412806.018880,181.934,0.022,0,24,0,8,8,3,100,0,0
1773412808.019169,182.715,0.016,0,24,0,8,8,3,100,0,0
1773412810.018895,174.180,0.019,0,24,0,8,8,3,100,0,0
1773412812.018480,172.125,0.019,0,24,0,8,8,3,100,0,0
1773412814.020201,172.922,0.020,0,24,0,8,8,3,100,0,0
1773412816.018896,173.723,0.025,0,24,0,8,8,3,100,0,0
1773412818.019550,174.535,0.030,0,24,0,8,8,3,100,0,0
1773412820.018871,175.320,0.018,0,24,0,8,8,3,100,0,0
1773412822.019237,176.117,0.021,0,24,0,8,8,3,100,0,0
1773412824.020405,176.898,0.028,0,24,0,8,8,3,100,0,0
1773412826.018483,177.691,0.022,0,24,0,8,8,3,100,0,0
1773412828.020000,178.484,0.032,0,24,0,8,8,3,100,0,0
1773412830.020289,179.270,0.028,0,24,0,8,8,3,100,0,0
1773412832.018103,180.074,0.029,0,24,0,8,8,3,100,0,0
1773412834.019467,180.863,0.020,0,24,0,8,8,3,100,0,0
1773412836.018786,181.652,0.017,0,24,0,8,8,3,100,0,0
1773412838.019032,182.441,0.020,0,24,0,8,8,3,100,0,0
1773412840.019997,183.250,0.016,0,24,0,8,8,3,100,0,0
1773412842.019264,171.855,0.031,0,24,0,8,8,3,100,0,0
1773412844.018663,172.652,0.021,0,24,0,8,8,3,100,0,0
1773412846.019122,173.457,0.015,0,24,0,8,8,3,100,0,0
1773412848.020422,174.242,0.018,0,24,0,8,8,3,100,0,0
1773412850.018396,175.039,0.083,0,24,0,8,8,3,100,0,0
1773412852.018767,175.824,0.020,0,24,0,8,8,3,100,0,0
1773412854.018513,176.625,0.024,0,24,0,8,8,3,100,0,0
1773412856.019944,177.406,0.030,0,24,0,8,8,3,100,0,0
1773412858.018704,178.203,0.023,0,24,0,8,8,3,100,0,0
1773412860.019504,178.996,0.029,0,24,0,8,8,3,100,0,0
1773412862.019640,179.785,0.019,0,24,0,8,8,3,100,0,0
1773412864.018822,180.582,0.017,0,24,0,8,8,3,100,0,0
1773412866.019485,181.367,0.018,0,24,0,8,8,3,100,0,0
1773412868.018697,182.152,0.017,0,24,0,8,8,3,100,0,0
1773412870.018460,182.965,0.021,0,24,0,8,8,3,100,0,0
1773412872.021191,174.176,0.021,0,24,0,8,8,3,100,0,0
1773412874.018897,172.352,0.020,0,24,0,8,8,3,100,0,0
1773412876.019434,173.141,0.020,0,24,0,8,8,3,100,0,0
1773412878.019594,173.938,0.018,0,24,0,8,8,3,100,0,0
1773412880.018797,174.730,0.024,0,24,0,8,8,3,100,0,0
1773412882.020007,175.523,0.030,0,24,0,8,8,3,100,0,0
1773412884.017984,176.328,0.018,0,24,0,8,8,3,100,0,0
1773412886.020659,177.117,0.023,0,24,0,8,8,3,100,0,0
1773412888.019875,177.910,0.040,0,24,0,8,8,3,100,0,0
1773412890.018545,178.703,0.025,0,24,0,8,8,3,100,0,0
1773412892.019948,179.492,0.022,0,24,0,8,8,3,100,0,0
1773412894.020038,180.297,0.018,0,24,0,8,8,3,100,0,0
1773412896.019779,181.078,0.025,0,24,0,8,8,3,100,0,0
1773412898.018215,181.883,0.020,0,24,0,8,8,3,100,0,0
1773412900.019145,182.672,0.018,0,24,0,8,8,3,100,0,0
1773412902.020017,174.066,0.016,0,24,0,8,8,3,100,0,0
1773412904.019590,172.000,0.015,0,24,0,8,8,3,100,0,0
1773412906.019702,172.797,0.016,0,24,0,8,8,3,100,0,0
1773412908.019777,173.582,0.017,0,24,0,8,8,3,100,0,0
1773412910.019577,174.379,0.018,0,24,0,8,8,3,100,0,0
1773412912.019558,175.172,0.017,0,24,0,8,8,3,100,0,0
1773412914.020530,175.969,0.015,0,24,0,8,8,3,100,0,0
1773412916.018876,176.750,0.017,0,24,0,8,8,3,100,0,0
1773412918.018102,177.543,0.018,0,24,0,8,8,3,100,0,0
1773412920.019736,178.344,0.019,0,24,0,8,8,3,100,0,0
1773412922.018716,179.129,0.023,0,24,0,8,8,3,100,0,0
1773412924.017997,179.949,0.015,0,24,0,8,8,3,100,0,0
1773412926.019783,180.742,0.017,0,24,0,8,8,3,100,0,0
1773412928.018734,181.539,0.017,0,24,0,8,8,3,100,0,0
1773412930.017812,182.332,0.056,0,24,0,8,8,3,100,0,0
1773412932.019419,183.129,0.020,0,24,0,8,8,3,100,0,0
1773412934.020344,174.445,0.039,0,24,0,8,8,3,100,0,0
1773412936.026433,172.547,0.141,0,24,0,8,8,3,100,0,0
1773412938.018812,173.379,0.059,0,24,0,8,8,3,100,0,0
1773412940.019428,174.164,0.022,0,24,0,8,8,3,100,0,0
1773412942.019129,174.957,0.018,0,24,0,8,8,3,100,0,0
1773412944.019737,175.750,0.022,0,24,0,8,8,3,100,0,0
1773412946.019303,176.539,0.029,0,24,0,8,8,3,100,0,0
1773412948.018935,177.332,0.026,0,24,0,8,8,3,100,0,0
1773412950.017601,178.125,0.023,0,24,0,8,8,3,100,0,0
1773412952.018466,178.910,0.020,0,24,0,8,8,3,100,0,0
1773412954.018624,179.703,0.027,0,24,0,8,8,3,100,0,0
1773412956.018008,180.500,0.021,0,24,0,8,8,3,100,0,0
1773412958.019736,181.312,0.021,0,24,0,8,8,3,100,0,0
1773412960.019672,182.094,0.028,0,24,0,8,8,3,100,0,0
1773412962.018424,182.895,0.019,0,24,0,8,8,3,100,0,0
1773412964.020763,174.203,0.023,0,24,0,8,8,3,100,0,0
1773412966.020648,172.258,0.019,0,24,0,8,8,3,100,0,0
1773412968.017862,173.051,0.017,0,24,0,8,8,3,100,0,0
1773412970.020128,173.852,0.029,0,24,0,8,8,3,100,0,0
1773412972.019794,174.652,0.019,0,24,0,8,8,3,100,0,0
1773412974.018566,175.438,0.023,0,24,0,8,8,3,100,0,0
1773412976.017959,176.230,0.023,0,24,0,8,8,3,100,0,0
1773412978.019517,177.023,0.022,0,24,0,8,8,3,100,0,0
1773412980.017515,177.824,0.022,0,24,0,8,8,3,100,0,0
1773412982.019835,178.609,0.021,0,24,0,8,8,3,100,0,0
1773412984.018318,179.398,0.019,0,24,0,8,8,3,100,0,0
1773412986.019705,180.203,0.023,0,24,0,8,8,3,100,0,0
1773412988.019560,180.996,0.023,0,24,0,8,8,3,100,0,0
1773412990.019619,181.797,0.020,0,24,0,8,8,3,100,0,0
1773412992.019664,182.559,0.026,0,24,0,8,8,3,100,0,0
1773412994.019998,183.391,0.019,0,24,0,8,8,3,100,0,0
1773412996.020379,184.184,0.020,0,24,0,8,8,3,100,0,0
1773412998.020070,172.762,0.021,0,24,0,8,8,3,100,0,0
1773413000.018582,173.566,0.023,0,24,0,8,8,3,100,0,0
1773413002.018989,174.367,0.023,0,24,0,8,8,3,100,0,0
1773413004.019607,175.168,0.027,0,24,0,8,8,3,100,0,0
1773413006.019196,175.949,0.021,0,24,0,8,8,3,100,0,0
1773413008.018409,176.758,0.027,0,24,0,8,8,3,100,0,0
1773413010.019033,177.543,0.019,0,24,0,8,8,3,100,0,0
1773413012.020098,178.332,0.021,0,24,0,8,8,3,100,0,0
1773413014.020118,179.129,0.017,0,24,0,8,8,3,100,0,0
1773413016.020254,179.934,0.018,0,24,0,8,8,3,100,0,0
1773413018.018948,180.727,0.028,0,24,0,8,8,3,100,0,0
1773413020.018000,181.523,0.019,0,24,0,8,8,3,100,0,0
1773413022.018899,182.324,0.023,0,24,0,8,8,3,100,0,0
1773413024.017986,183.129,0.019,0,24,0,8,8,3,100,0,0
1773413026.018765,171.602,0.019,0,24,0,8,8,3,100,0,0
1773413028.018996,172.445,0.021,0,24,0,8,8,3,100,0,0
1773413030.019955,173.258,0.022,0,24,0,8,8,3,100,0,0
1773413032.018769,174.043,0.019,0,24,0,8,8,3,100,0,0
1773413034.020293,174.840,0.026,0,24,0,8,8,3,100,0,0
1773413036.018626,175.633,0.025,0,24,0,8,8,3,100,0,0
1773413038.020129,176.430,0.022,0,24,0,8,8,3,100,0,0
1773413040.020662,177.219,0.026,0,24,0,8,8,3,100,0,0
1773413042.018573,178.020,0.023,0,24,0,8,8,3,100,0,0
1773413044.018357,178.801,0.024,0,24,0,8,8,3,100,0,0
1773413046.019486,179.598,0.019,0,24,0,8,8,3,100,0,0
1773413048.018189,180.391,0.016,0,24,0,8,8,3,100,0,0
1773413050.019989,181.195,0.024,0,24,0,8,8,3,100,0,0
1773413052.018103,181.984,0.017,0,24,0,8,8,3,100,0,0
1773413054.020031,182.770,0.058,0,24,0,8,8,3,100,0,0
1773413056.031308,183.574,0.029,0,24,0,8,8,3,100,0,0
1773413058.019086,174.934,0.023,0,24,0,8,8,3,100,0,0
1773413060.018108,172.984,0.024,0,24,0,8,8,3,100,0,0
1773413062.019578,173.785,0.022,0,24,0,8,8,3,100,0,0
1773413064.019961,174.594,0.022,0,24,0,8,8,3,100,0,0
1773413066.018563,175.383,0.026,0,24,0,8,8,3,100,0,0
1773413068.018280,176.176,0.023,0,24,0,8,8,3,100,0,0
1773413070.019927,176.992,0.025,0,24,0,8,8,3,100,0,0
1773413072.019990,177.789,0.026,0,24,0,8,8,3,100,0,0
1773413074.019768,178.586,0.068,0,24,0,8,8,3,100,0,0
1773413076.019728,179.371,0.024,0,24,0,8,8,3,100,0,0
1773413078.018678,180.176,0.019,0,24,0,8,8,3,100,0,0
1773413080.032192,180.973,0.025,0,24,0,8,8,3,100,0,0
1773413082.019363,181.762,0.027,0,24,0,8,8,3,100,0,0
1773413084.017973,182.559,0.024,0,24,0,8,8,3,100,0,0
1773413086.019690,183.375,0.018,0,24,0,8,8,3,100,0,0
1773413088.017988,171.809,0.026,0,24,0,8,8,3,100,0,0
1773413090.020466,172.605,0.035,0,24,0,8,8,3,100,0,0
1773413092.034350,173.430,0.021,0,24,0,8,8,3,100,0,0
1773413094.033411,174.211,0.024,0,24,0,8,8,3,100,0,0
1773413096.035403,175.012,0.025,0,24,0,8,8,3,100,0,0
1773413098.035116,175.797,0.018,0,24,0,8,8,3,100,0,0
1773413100.034206,176.594,0.019,0,24,0,8,8,3,100,0,0
1773413102.034144,177.379,0.034,0,24,0,8,8,3,100,0,0
1773413104.033490,178.172,0.020,0,24,0,8,8,3,100,0,0
1773413106.034990,178.969,0.045,0,24,0,8,8,3,100,0,0
1773413108.033241,179.777,0.024,0,24,0,8,8,3,100,0,0
1773413110.035267,180.562,0.021,0,24,0,8,8,3,100,0,0
1773413112.034698,181.375,0.030,0,24,0,8,8,3,100,0,0
1773413114.034875,182.184,0.031,0,24,0,8,8,3,100,0,0
1773413116.034796,183.008,0.019,0,24,0,8,8,3,100,0,0
1773413118.035003,174.391,0.018,0,24,0,8,8,3,100,0,0
1773413120.035191,172.375,0.018,0,24,0,8,8,3,100,0,0
1773413122.033998,173.172,0.022,0,24,0,8,8,3,100,0,0
1773413124.035758,173.961,0.019,0,24,0,8,8,3,100,0,0
1773413126.034213,174.754,0.025,0,24,0,8,8,3,100,0,0
1773413128.035261,175.539,0.026,0,24,0,8,8,3,100,0,0
1773413130.035017,176.340,0.018,0,24,0,8,8,3,100,0,0
1773413132.033502,177.129,0.031,0,24,0,8,8,3,100,0,0
1773413134.034134,177.934,0.021,0,24,0,8,8,3,100,0,0
1773413136.033314,178.719,0.020,0,24,0,8,8,3,100,0,0
1773413138.035626,179.516,0.034,0,24,0,8,8,3,100,0,0
1773413140.034680,180.309,0.022,0,24,0,8,8,3,100,0,0
1773413142.033345,181.109,0.037,0,24,0,8,8,3,100,0,0
1773413144.034760,181.902,0.025,0,24,0,8,8,3,100,0,0
1773413146.034636,182.691,0.025,0,24,0,8,8,3,100,0,0
1773413148.034383,183.492,0.018,0,24,0,8,8,3,100,0,0
1773413150.033145,172.133,0.018,0,24,0,8,8,3,100,0,0
1773413152.033687,172.922,0.022,0,24,0,8,8,3,100,0,0
1773413154.034452,173.723,0.043,0,24,0,8,8,3,100,0,0
1773413156.034476,174.516,0.020,0,24,0,8,8,3,100,0,0
1773413158.034424,175.312,0.032,0,24,0,8,8,3,100,0,0
1773413160.034581,176.102,0.042,0,24,0,8,8,3,100,0,0
1773413162.035263,176.891,0.017,0,24,0,8,8,3,100,0,0
1773413164.033360,177.680,0.025,0,24,0,8,8,3,100,0,0
1773413166.034924,178.469,0.021,0,24,0,8,8,3,100,0,0
1773413168.034798,179.250,0.023,0,24,0,8,8,3,100,0,0
1773413170.034497,180.055,0.028,0,24,0,8,8,3,100,0,0
1773413172.035084,180.848,0.027,0,24,0,8,8,3,100,0,0
1773413174.034176,181.652,0.035,0,24,0,8,8,3,100,0,0
1773413176.034680,182.457,0.026,0,24,0,8,8,3,100,0,0
1773413178.034943,183.266,0.023,0,24,0,8,8,3,100,0,0
1773413180.034727,171.801,0.028,0,24,0,8,8,3,100,0,0
1773413182.035021,172.602,0.019,0,24,0,8,8,3,100,0,0
1773413184.034119,173.418,0.019,0,24,0,8,8,3,100,0,0
1773413186.034398,174.207,0.034,0,24,0,8,8,3,100,0,0
1773413188.034140,175.012,0.021,0,24,0,8,8,3,100,0,0
1773413190.033153,175.797,0.021,0,24,0,8,8,3,100,0,0
1773413192.033198,176.594,0.021,0,24,0,8,8,3,100,0,0
1773413194.035483,177.387,0.020,0,24,0,8,8,3,100,0,0
1773413196.034150,178.180,0.024,0,24,0,8,8,3,100,0,0
1773413198.034077,178.969,0.032,0,24,0,8,8,3,100,0,0
1773413200.035266,179.762,0.023,0,24,0,8,8,3,100,0,0
1773413202.034094,180.555,0.023,0,24,0,8,8,3,100,0,0
1773413204.034492,181.359,0.027,0,24,0,8,8,3,100,0,0
1773413206.034407,182.148,0.020,0,24,0,8,8,3,100,0,0
1773413208.035435,182.965,0.023,0,24,0,8,8,3,100,0,0
1773413210.034118,174.156,0.019,0,24,0,8,8,3,100,0,0
1773413212.033892,172.301,0.021,0,24,0,8,8,3,100,0,0
1773413214.034776,173.090,0.020,0,24,0,8,8,3,100,0,0
1773413216.034283,173.898,0.022,0,24,0,8,8,3,100,0,0
1773413218.034242,174.691,0.021,0,24,0,8,8,3,100,0,0
1773413220.034257,175.484,0.031,0,24,0,8,8,3,100,0,0
1773413222.035750,176.273,0.026,0,24,0,8,8,3,100,0,0
1773413224.034059,177.062,0.026,0,24,0,8,8,3,100,0,0
1773413226.033849,177.875,0.024,0,24,0,8,8,3,100,0,0
1773413228.034108,178.664,0.021,0,24,0,8,8,3,100,0,0
1773413230.034023,179.461,0.020,0,24,0,8,8,3,100,0,0
1773413232.034527,180.262,0.019,0,24,0,8,8,3,100,0,0
1773413234.035206,181.059,0.018,0,24,0,8,8,3,100,0,0
1773413236.034230,181.859,0.025,0,24,0,8,8,3,100,0,0
1773413238.035659,182.652,0.053,0,24,0,8,8,3,100,0,0
1773413240.034118,183.461,0.019,0,24,0,8,8,3,100,0,0
1773413242.034831,172.039,0.023,0,24,0,8,8,3,100,0,0
1773413244.033242,172.836,0.019,0,24,0,8,8,3,100,0,0
1773413246.049204,173.637,0.020,0,24,0,8,8,3,100,0,0
1773413248.050743,174.430,0.024,0,24,0,8,8,3,100,0,0
1773413250.049797,175.211,0.018,0,24,0,8,8,3,100,0,0
1773413252.049325,176.012,0.020,0,24,0,8,8,3,100,0,0
1773413254.050125,176.801,0.034,0,24,0,8,8,3,100,0,0
1773413256.052378,177.590,0.107,0,24,0,8,8,3,100,0,0
1773413258.050419,178.387,0.036,0,24,0,8,8,3,100,0,0
1773413260.049533,179.172,0.032,0,24,0,8,8,3,100,0,0
1773413262.049456,179.996,0.018,0,24,0,8,8,3,100,0,0
1773413264.049901,180.785,0.022,0,24,0,8,8,3,100,0,0
1773413266.049551,181.578,0.020,0,24,0,8,8,3,100,0,0
1773413268.049798,182.367,0.018,0,24,0,8,8,3,100,0,0
1773413270.049297,183.176,0.018,0,24,0,8,8,3,100,0,0
1773413272.050304,171.734,0.028,0,24,0,8,8,3,100,0,0
1773413274.049792,172.535,0.023,0,24,0,8,8,3,100,0,0
1773413276.049008,173.344,0.021,0,24,0,8,8,3,100,0,0
1773413278.049556,174.133,0.019,0,24,0,8,8,3,100,0,0
1773413280.049521,174.930,0.026,0,24,0,8,8,3,100,0,0
1773413282.064872,175.723,0.022,0,24,0,8,8,3,100,0,0
1773413284.050296,176.523,0.024,0,24,0,8,8,3,100,0,0
1773413286.049309,177.309,0.024,0,24,0,8,8,3,100,0,0
1773413288.049991,178.102,0.027,0,24,0,8,8,3,100,0,0
1773413290.048900,178.887,0.021,0,24,0,8,8,3,100,0,0
1773413292.050409,179.691,0.017,0,24,0,8,8,3,100,0,0
1773413294.050080,180.484,0.018,0,24,0,8,8,3,100,0,0
1773413296.050282,181.281,0.033,0,24,0,8,8,3,100,0,0
1773413298.050047,182.070,0.022,0,24,0,8,8,3,100,0,0
1773413300.050151,182.883,0.026,0,24,0,8,8,3,100,0,0
1773413302.050661,174.324,0.018,0,24,0,8,8,3,100,0,0
1773413304.050415,172.262,0.020,0,24,0,8,8,3,100,0,0
1773413306.050686,173.055,0.021,0,24,0,8,8,3,100,0,0
1773413308.049748,173.859,0.016,0,24,0,8,8,3,100,0,0
1773413310.049213,174.652,0.019,0,24,0,8,8,3,100,0,0
1773413312.053158,175.445,0.034,0,24,0,8,8,3,100,0,0
1773413314.049068,176.242,0.057,0,24,0,8,8,3,100,0,0
1773413316.049617,177.039,0.024,0,24,0,8,8,3,100,0,0
1773413318.049969,177.836,0.023,0,24,0,8,8,3,100,0,0
1773413320.050060,178.621,0.022,0,24,0,8,8,3,100,0,0
1773413322.048863,179.406,0.035,0,24,0,8,8,3,100,0,0
1773413324.049523,180.215,0.023,0,24,0,8,8,3,100,0,0
1773413326.050023,180.996,0.019,0,24,0,8,8,3,100,0,0
1773413328.049391,181.805,0.021,0,24,0,8,8,3,100,0,0
1773413330.049849,182.594,0.022,0,24,0,8,8,3,100,0,0
1773413332.050615,183.398,0.023,0,24,0,8,8,3,100,0,0
1773413334.049160,174.824,0.023,0,24,0,8,8,3,100,0,0
1773413336.049889,172.809,0.022,0,24,0,8,8,3,100,0,0
1773413338.049464,173.613,0.022,0,24,0,8,8,3,100,0,0
1773413340.049330,174.395,0.024,0,24,0,8,8,3,100,0,0
1773413342.049273,175.195,0.024,0,24,0,8,8,3,100,0,0
1773413344.049398,175.984,0.022,0,24,0,8,8,3,100,0,0
1773413346.050304,176.770,0.026,0,24,0,8,8,3,100,0,0
1773413348.049247,177.562,0.020,0,24,0,8,8,3,100,0,0
1773413350.049440,178.355,0.024,0,24,0,8,8,3,100,0,0
1773413352.049846,179.145,0.018,0,24,0,8,8,3,100,0,0
1773413354.050138,179.926,0.022,0,24,0,8,8,3,100,0,0
1773413356.049028,180.715,0.022,0,24,0,8,8,3,100,0,0
1773413358.049273,181.508,0.021,0,24,0,8,8,3,100,0,0
1773413360.065950,182.312,0.020,0,24,0,8,8,3,100,0,0
1773413362.066350,183.121,0.016,0,24,0,8,8,3,100,0,0
1773413364.064843,171.723,0.020,0,24,0,8,8,3,100,0,0
1773413366.065392,172.496,0.025,0,24,0,8,8,3,100,0,0
1773413368.065098,173.309,0.019,0,24,0,8,8,3,100,0,0
1773413370.065114,174.105,0.018,0,24,0,8,8,3,100,0,0
1773413372.066225,174.895,0.020,0,24,0,8,8,3,100,0,0
1773413374.064478,175.672,0.119,0,24,0,8,8,3,100,0,0
1773413376.066265,176.477,0.057,0,24,0,8,8,3,100,0,0
1773413378.064878,177.258,0.030,0,24,0,8,8,3,100,0,0
1773413380.064746,178.062,0.019,0,24,0,8,8,3,100,0,0
1773413382.065333,178.859,0.021,0,24,0,8,8,3,100,0,0
1773413384.067302,179.633,0.023,0,24,0,8,8,3,100,0,0
1773413386.066845,180.441,0.026,0,24,0,8,8,3,100,0,0
1773413388.064807,181.270,0.020,0,24,0,8,8,3,100,0,0
1773413390.064600,182.055,0.019,0,24,0,8,8,3,100,0,0
1773413392.065202,182.844,0.024,0,24,0,8,8,3,100,0,0
1773413394.065145,174.211,0.016,0,24,0,8,8,3,100,0,0
1773413396.065374,172.223,0.016,0,24,0,8,8,3,100,0,0
1773413398.065036,173.020,0.033,0,24,0,8,8,3,100,0,0
1773413400.064691,173.824,0.019,0,24,0,8,8,3,100,0,0
1773413402.064636,174.609,0.021,0,24,0,8,8,3,100,0,0
1773413404.065088,175.402,0.019,0,24,0,8,8,3,100,0,0
1773413406.065371,176.195,0.020,0,24,0,8,8,3,100,0,0
1773413408.064821,176.980,0.025,0,24,0,8,8,3,100,0,0
1773413410.064596,177.777,0.026,0,24,0,8,8,3,100,0,0
1773413412.064594,178.566,0.020,0,24,0,8,8,3,100,0,0
1773413414.065327,179.363,0.041,0,24,0,8,8,3,100,0,0
1773413416.064768,180.152,0.025,0,24,0,8,8,3,100,0,0
1773413418.064669,180.941,0.034,0,24,0,8,8,3,100,0,0
1773413420.064709,181.742,0.025,0,24,0,8,8,3,100,0,0
1773413422.065057,182.539,0.017,0,24,0,8,8,3,100,0,0
1773413424.065799,183.352,0.028,0,24,0,8,8,3,100,0,0
1773413426.065196,171.973,0.020,0,24,0,8,8,3,100,0,0
1773413428.066879,172.715,0.019,0,24,0,8,8,3,100,0,0
1773413430.067504,173.527,0.023,0,24,0,8,8,3,100,0,0
1773413432.065222,174.316,0.055,0,24,0,8,8,3,100,0,0
1773413434.065198,175.102,0.023,0,24,0,8,8,3,100,0,0
1773413436.064417,175.902,0.024,0,24,0,8,8,3,100,0,0
1773413438.066101,176.703,0.021,0,24,0,8,8,3,100,0,0
1773413440.064720,177.465,0.023,0,24,0,8,8,3,100,0,0
1773413442.064455,178.301,0.022,0,24,0,8,8,3,100,0,0
1773413444.066055,179.098,0.022,0,24,0,8,8,3,100,0,0
1773413446.066350,179.906,0.018,0,24,0,8,8,3,100,0,0
1773413448.064657,180.684,0.023,0,24,0,8,8,3,100,0,0
1773413450.065161,181.484,0.023,0,24,0,8,8,3,100,0,0
1773413452.066591,182.273,0.023,0,24,0,8,8,3,100,0,0
1773413454.064672,183.082,0.023,0,24,0,8,8,3,100,0,0
1773413456.064634,174.246,0.027,0,24,0,8,8,3,100,0,0
1773413458.065314,172.461,0.021,0,24,0,8,8,3,100,0,0
1773413460.065027,173.250,0.023,0,24,0,8,8,3,100,0,0
1773413462.064566,174.039,0.019,0,24,0,8,8,3,100,0,0
1773413464.066141,174.832,0.021,0,24,0,8,8,3,100,0,0
1773413466.065690,175.676,0.019,0,24,0,8,8,3,100,0,0
1773413468.064571,176.469,0.021,0,24,0,8,8,3,100,0,0
1773413470.066320,177.238,0.023,0,24,0,8,8,3,100,0,0
1773413472.066801,178.062,0.024,0,24,0,8,8,3,100,0,0
1773413474.064463,178.840,0.023,0,24,0,8,8,3,100,0,0
1773413476.065151,179.648,0.021,0,24,0,8,8,3,100,0,0
1773413478.064572,180.434,0.023,0,24,0,8,8,3,100,0,0
1773413480.065400,181.219,0.026,0,24,0,8,8,3,100,0,0
1773413482.065056,182.016,0.021,0,24,0,8,8,3,100,0,0
1773413484.066549,182.801,0.018,0,24,0,8,8,3,100,0,0
1773413486.064672,183.602,0.018,0,24,0,8,8,3,100,0,0
1773413488.064598,172.031,0.021,0,24,0,8,8,3,100,0,0
1773413490.064901,172.820,0.023,0,24,0,8,8,3,100,0,0
1773413492.064628,173.625,0.021,0,24,0,8,8,3,100,0,0
1773413494.065099,174.430,0.021,0,24,0,8,8,3,100,0,0
1773413496.066509,175.219,0.019,0,24,0,8,8,3,100,0,0
1773413498.064733,176.008,0.021,0,24,0,8,8,3,100,0,0
1773413500.065145,176.809,0.017,0,24,0,8,8,3,100,0,0
1773413502.065415,177.594,0.019,0,24,0,8,8,3,100,0,0
1773413504.064821,178.387,0.020,0,24,0,8,8,3,100,0,0
1773413506.065477,179.180,0.021,0,24,0,8,8,3,100,0,0
1773413508.064561,179.977,0.021,0,24,0,8,8,3,100,0,0
1773413510.064503,180.762,0.028,0,24,0,8,8,3,100,0,0
1773413512.064722,181.570,0.021,0,24,0,8,8,3,100,0,0
1773413514.065069,182.363,0.020,0,24,0,8,8,3,100,0,0
1773413516.065265,183.176,0.020,0,24,0,8,8,3,100,0,0
1773413518.065140,171.750,0.035,0,24,0,8,8,3,100,0,0
1773413520.065618,172.539,0.038,0,24,0,8,8,3,100,0,0
1773413522.067050,173.348,0.027,0,24,0,8,8,3,100,0,0
1773413524.065971,174.137,0.028,0,24,0,8,8,3,100,0,0
1773413526.064949,174.938,0.030,0,24,0,8,8,3,100,0,0
1773413528.064774,175.727,0.019,0,24,0,8,8,3,100,0,0
1773413530.064771,176.520,0.031,0,24,0,8,8,3,100,0,0
1773413532.065319,177.305,0.018,0,24,0,8,8,3,100,0,0
1773413534.065151,178.109,0.018,0,24,0,8,8,3,100,0,0
1773413536.065392,178.891,0.023,0,24,0,8,8,3,100,0,0
1773413538.064829,179.707,0.053,0,24,0,8,8,3,100,0,0
1773413540.065100,180.500,0.023,0,24,0,8,8,3,100,0,0
1773413542.065176,181.281,0.018,0,24,0,8,8,3,100,0,0
1773413544.064487,182.070,0.025,0,24,0,8,8,3,100,0,0
1773413546.064873,182.891,0.020,0,24,0,8,8,3,100,0,0
1773413548.064691,174.156,0.035,0,24,0,8,8,3,100,0,0
1773413550.065719,172.289,0.026,0,24,0,8,8,3,100,0,0
1773413552.064524,173.078,0.019,0,24,0,8,8,3,100,0,0
1773413554.064710,173.891,0.022,0,24,0,8,8,3,100,0,0
1773413556.065400,174.688,0.021,0,24,0,8,8,3,100,0,0
1773413558.066864,175.473,0.019,0,24,0,8,8,3,100,0,0
1773413560.064978,176.273,0.022,0,24,0,8,8,3,100,0,0
1773413562.064880,177.059,0.026,0,24,0,8,8,3,100,0,0
1773413564.065499,177.867,0.025,0,24,0,8,8,3,100,0,0
1773413566.065016,178.660,0.023,0,24,0,8,8,3,100,0,0
1773413568.064928,179.449,0.019,0,24,0,8,8,3,100,0,0
1773413570.064576,180.262,0.018,0,24,0,8,8,3,100,0,0
1773413572.064560,181.047,0.020,0,24,0,8,8,3,100,0,0
1773413574.064788,181.836,0.028,0,24,0,8,8,3,100,0,0
1773413576.064950,182.625,0.017,0,24,0,8,8,3,100,0,0
1773413578.066339,183.441,0.019,0,24,0,8,8,3,100,0,0
1773413580.065993,172.023,0.022,0,24,0,8,8,3,100,0,0
1773413582.064610,172.820,0.019,0,24,0,8,8,3,100,0,0
1773413584.065758,173.605,0.021,0,24,0,8,8,3,100,0,0
1773413586.066127,174.387,0.027,0,24,0,8,8,3,100,0,0
1773413588.065735,175.168,0.026,0,24,0,8,8,3,100,0,0
1773413590.066875,175.980,0.024,0,24,0,8,8,3,100,0,0
1773413592.067104,176.770,0.018,0,24,0,8,8,3,100,0,0
1773413594.066172,177.559,0.023,0,24,0,8,8,3,100,0,0
1773413596.065167,178.355,0.031,0,24,0,8,8,3,100,0,0
1773413598.065273,179.145,0.022,0,24,0,8,8,3,100,0,0
1773413600.066585,179.941,0.019,0,24,0,8,8,3,100,0,0
1773413602.065372,180.746,0.018,0,24,0,8,8,3,100,0,0
1773413604.064620,181.551,0.029,0,24,0,8,8,3,100,0,0
1773413606.081089,182.359,0.029,0,24,0,8,8,3,100,0,0
1773413608.081866,183.156,0.022,0,24,0,8,8,3,100,0,0
1773413610.081161,171.754,0.019,0,24,0,8,8,3,100,0,0
1773413612.081305,172.551,0.022,0,24,0,8,8,3,100,0,0
1773413614.080677,173.359,0.022,0,24,0,8,8,3,100,0,0
1773413616.080922,174.148,0.022,0,24,0,8,8,3,100,0,0
1773413618.080206,174.938,0.026,0,24,0,8,8,3,100,0,0
1773413620.080748,175.723,0.018,0,24,0,8,8,3,100,0,0
1773413622.080430,176.523,0.019,0,24,0,8,8,3,100,0,0
1773413624.080317,177.312,0.020,0,24,0,8,8,3,100,0,0
1773413626.080248,178.105,0.027,0,24,0,8,8,3,100,0,0
1773413628.080267,178.902,0.022,0,24,0,8,8,3,100,0,0
1773413630.080978,179.691,0.023,0,24,0,8,8,3,100,0,0
1773413632.080886,180.492,0.037,0,24,0,8,8,3,100,0,0
1773413634.080540,181.285,0.027,0,24,0,8,8,3,100,0,0
1773413636.081059,182.070,0.023,0,24,0,8,8,3,100,0,0
1773413638.080973,182.891,0.024,0,24,0,8,8,3,100,0,0
1773413640.080388,183.684,0.018,0,24,0,8,8,3,100,0,0
1773413642.080798,172.230,0.020,0,24,0,8,8,3,100,0,0
1773413644.080477,173.027,0.024,0,24,0,8,8,3,100,0,0
1773413646.080790,173.828,0.018,0,24,0,8,8,3,100,0,0
1773413648.080830,174.625,0.023,0,24,0,8,8,3,100,0,0
1773413650.080580,175.414,0.021,0,24,0,8,8,3,100,0,0
1773413652.080022,176.207,0.018,0,24,0,8,8,3,100,0,0
1773413654.081012,177.000,0.017,0,24,0,8,8,3,100,0,0
1773413656.080748,177.793,0.037,0,24,0,8,8,3,100,0,0
1773413658.080438,178.598,0.019,0,24,0,8,8,3,100,0,0
1773413660.080392,179.367,0.022,0,24,0,8,8,3,100,0,0
1773413662.081042,180.180,0.023,0,24,0,8,8,3,100,0,0
1773413664.080498,180.973,0.023,0,24,0,8,8,3,100,0,0
1773413666.080261,181.777,0.023,0,24,0,8,8,3,100,0,0
1773413668.080596,182.559,0.019,0,24,0,8,8,3,100,0,0
1773413670.083826,183.371,0.023,0,24,0,8,8,3,100,0,0
1773413672.080609,171.977,0.024,0,24,0,8,8,3,100,0,0
1773413674.080869,172.766,0.018,0,24,0,8,8,3,100,0,0
1773413676.080644,173.566,0.021,0,24,0,8,8,3,100,0,0
1773413678.082083,174.355,0.036,0,24,0,8,8,3,100,0,0
1773413680.080853,175.164,0.019,0,24,0,8,8,3,100,0,0
1773413682.080602,175.953,0.022,0,24,0,8,8,3,100,0,0
1773413684.081465,176.750,0.026,0,24,0,8,8,3,100,0,0
1773413686.080846,177.547,0.025,0,24,0,8,8,3,100,0,0
1773413688.081526,178.336,0.024,0,24,0,8,8,3,100,0,0
1773413690.081055,179.125,0.024,0,24,0,8,8,3,100,0,0
1773413692.080719,179.914,0.019,0,24,0,8,8,3,100,0,0
1773413694.081575,180.699,0.028,0,24,0,8,8,3,100,0,0
1773413696.080954,181.508,0.016,0,24,0,8,8,3,100,0,0
1773413698.081351,182.297,0.021,0,24,0,8,8,3,100,0,0
1773413700.080536,183.117,0.019,0,24,0,8,8,3,100,0,0
1773413702.079968,174.191,0.018,0,24,0,8,8,3,100,0,0
1773413704.080509,172.480,0.018,0,24,0,8,8,3,100,0,0
1773413706.081294,173.281,0.031,0,24,0,8,8,3,100,0,0
1773413708.081709,174.070,0.018,0,24,0,8,8,3,100,0,0
1773413710.081232,174.875,0.021,0,24,0,8,8,3,100,0,0
1773413712.081105,175.660,0.024,0,24,0,8,8,3,100,0,0
1773413714.080648,176.457,0.018,0,24,0,8,8,3,100,0,0
1773413716.080340,177.250,0.019,0,24,0,8,8,3,100,0,0
1773413718.081071,178.059,0.022,0,24,0,8,8,3,100,0,0
1773413720.080338,178.852,0.020,0,24,0,8,8,3,100,0,0
1773413722.080998,179.645,0.024,0,24,0,8,8,3,100,0,0
1773413724.080573,180.449,0.017,0,24,0,8,8,3,100,0,0
1773413726.081615,181.238,0.038,0,24,0,8,8,3,100,0,0
1773413728.080249,182.031,0.019,0,24,0,8,8,3,100,0,0
1773413730.080605,182.824,0.017,0,24,0,8,8,3,100,0,0
1773413732.080565,174.207,0.019,0,24,0,8,8,3,100,0,0
1773413734.080178,172.156,0.019,0,24,0,8,8,3,100,0,0
1773413736.080876,172.957,0.024,0,24,0,8,8,3,100,0,0
1773413738.082114,173.758,0.020,0,24,0,8,8,3,100,0,0
1773413740.081354,174.559,0.022,0,24,0,8,8,3,100,0,0
1773413742.081005,175.348,0.020,0,24,0,8,8,3,100,0,0
1773413744.080828,176.145,0.020,0,24,0,8,8,3,100,0,0
1773413746.080510,176.934,0.020,0,24,0,8,8,3,100,0,0
1773413748.080261,177.723,0.018,0,24,0,8,8,3,100,0,0
1773413750.080893,178.516,0.021,0,24,0,8,8,3,100,0,0
1773413752.080699,179.309,0.022,0,24,0,8,8,3,100,0,0
1773413754.081085,180.113,0.019,0,24,0,8,8,3,100,0,0
1773413756.081544,180.898,0.021,0,24,0,8,8,3,100,0,0
1773413758.080496,181.703,0.018,0,24,0,8,8,3,100,0,0
1773413760.080820,182.492,0.028,0,24,0,8,8,3,100,0,0
1773413762.080321,183.309,0.018,0,24,0,8,8,3,100,0,0
1773413764.085067,171.922,0.019,0,24,0,8,8,3,100,0,0
1773413766.080400,172.719,0.021,0,24,0,8,8,3,100,0,0
1773413768.081472,173.531,0.020,0,24,0,8,8,3,100,0,0
1773413770.080842,174.320,0.018,0,24,0,8,8,3,100,0,0
1773413772.080637,175.105,0.020,0,24,0,8,8,3,100,0,0
1773413774.080125,175.898,0.016,0,24,0,8,8,3,100,0,0
1773413776.080692,176.684,0.026,0,24,0,8,8,3,100,0,0
1773413778.080254,177.473,0.018,0,24,0,8,8,3,100,0,0
1773413780.080544,178.266,0.038,0,24,0,8,8,3,100,0,0
1773413782.080624,179.062,0.022,0,24,0,8,8,3,100,0,0
1773413784.080234,179.859,0.018,0,24,0,8,8,3,100,0,0
1773413786.080807,180.648,0.022,0,24,0,8,8,3,100,0,0
1773413788.080205,181.445,0.021,0,24,0,8,8,3,100,0,0
1773413790.080744,182.230,0.018,0,24,0,8,8,3,100,0,0
1773413792.080933,183.039,0.021,0,24,0,8,8,3,100,0,0
1773413794.080415,174.211,0.029,0,24,0,8,8,3,100,0,0
1773413796.082713,172.426,0.020,0,24,0,8,8,3,100,0,0
1773413798.080058,173.227,0.025,0,24,0,8,8,3,100,0,0
1773413800.081016,174.012,0.019,0,24,0,8,8,3,100,0,0
1773413802.081119,174.805,0.017,0,24,0,8,8,3,100,0,0
1773413804.081190,175.590,0.023,0,24,0,8,8,3,100,0,0
1773413806.080217,176.391,0.020,0,24,0,8,8,3,100,0,0
1773413808.080257,177.176,0.016,0,24,0,8,8,3,100,0,0
1773413810.081811,177.988,0.016,0,24,0,8,8,3,100,0,0
1773413812.080149,178.770,0.018,0,24,0,8,8,3,100,0,0
1773413814.080890,179.574,0.023,0,24,0,8,8,3,100,0,0
1773413816.081589,180.371,0.030,0,24,0,8,8,3,100,0,0
1773413818.081281,181.160,0.031,0,24,0,8,8,3,100,0,0
1773413820.080163,181.941,0.021,0,24,0,8,8,3,100,0,0
1773413822.080343,182.730,0.023,0,24,0,8,8,3,100,0,0
1773413824.081892,174.195,0.020,0,24,0,8,8,3,100,0,0
1773413826.080461,172.070,0.019,0,24,0,8,8,3,100,0,0
1773413828.081090,172.867,0.020,0,24,0,8,8,3,100,0,0
1773413830.080391,173.672,0.018,0,24,0,8,8,3,100,0,0
1773413832.080280,174.473,0.018,0,24,0,8,8,3,100,0,0
1773413834.081838,175.266,0.027,0,24,0,8,8,3,100,0,0
1773413836.080493,176.055,0.037,0,24,0,8,8,3,100,0,0
1773413838.080794,176.844,0.057,0,24,0,8,8,3,100,0,0
1773413840.080790,177.656,0.021,0,24,0,8,8,3,100,0,0
1773413842.080670,178.434,0.022,0,24,0,8,8,3,100,0,0
1773413844.080908,179.234,0.022,0,24,0,8,8,3,100,0,0
1773413846.080364,180.043,0.023,0,24,0,8,8,3,100,0,0
1773413848.080988,180.844,0.021,0,24,0,8,8,3,100,0,0
1773413850.080971,181.637,0.020,0,24,0,8,8,3,100,0,0
1773413852.081272,182.430,0.045,0,24,0,8,8,3,100,0,0
1773413854.080852,183.234,0.021,0,24,0,8,8,3,100,0,0
1773413856.079977,171.852,0.020,0,24,0,8,8,3,100,0,0
1773413858.081428,172.641,0.023,0,24,0,8,8,3,100,0,0
1773413860.080723,173.441,0.019,0,24,0,8,8,3,100,0,0
1773413862.080753,174.234,0.020,0,24,0,8,8,3,100,0,0
1773413864.080542,175.035,0.023,0,24,0,8,8,3,100,0,0
1773413866.080352,175.828,0.024,0,24,0,8,8,3,100,0,0
1773413868.080268,176.625,0.032,0,24,0,8,8,3,100,0,0
1773413870.079967,177.410,0.022,0,24,0,8,8,3,100,0,0
1773413872.079870,178.281,0.024,0,24,0,8,8,3,100,0,0
1773413874.080796,179.066,0.022,0,24,0,8,8,3,100,0,0
1773413876.080941,179.871,0.023,0,24,0,8,8,3,100,0,0
1773413878.080030,180.660,0.019,0,24,0,8,8,3,100,0,0
1773413880.081410,181.441,0.024,0,24,0,8,8,3,100,0,0
1773413882.080193,182.230,0.036,0,24,0,8,8,3,100,0,0
1773413884.080925,183.027,0.020,0,24,0,8,8,3,100,0,0
1773413886.080115,183.820,0.022,0,24,0,8,8,3,100,0,0
1773413888.080587,172.250,0.027,0,24,0,8,8,3,100,0,0
1773413890.080429,173.059,0.021,0,24,0,8,8,3,100,0,0
1773413892.079856,173.863,0.020,0,24,0,8,8,3,100,0,0
1773413894.080339,174.660,0.033,0,24,0,8,8,3,100,0,0
1773413896.080893,175.453,0.026,0,24,0,8,8,3,100,0,0
1773413898.080416,176.242,0.019,0,24,0,8,8,3,100,0,0
1773413900.080245,177.031,0.024,0,24,0,8,8,3,100,0,0
1773413902.080694,177.816,0.023,0,24,0,8,8,3,100,0,0
1773413904.081248,178.613,0.033,0,24,0,8,8,3,100,0,0
1773413906.081321,179.398,0.017,0,24,0,8,8,3,100,0,0
1773413908.080742,180.203,0.017,0,24,0,8,8,3,100,0,0
1773413910.080468,180.996,0.025,0,24,0,8,8,3,100,0,0
1773413912.079971,181.797,0.020,0,24,0,8,8,3,100,0,0
1773413914.081328,182.586,0.045,0,24,0,8,8,3,100,0,0
1773413916.082956,183.477,0.020,0,24,0,8,8,3,100,0,0
1773413918.080379,171.953,0.019,0,24,0,8,8,3,100,0,0
1773413920.080913,172.762,0.069,0,24,0,8,8,3,100,0,0
1773413922.080811,173.547,0.029,0,24,0,8,8,3,100,0,0
1773413924.080168,174.336,0.020,0,24,0,8,8,3,100,0,0
1773413926.080934,175.133,0.023,0,24,0,8,8,3,100,0,0
1773413928.080667,175.934,0.021,0,24,0,8,8,3,100,0,0
1773413930.080255,176.715,0.030,0,24,0,8,8,3,100,0,0
1773413932.081454,177.504,0.020,0,24,0,8,8,3,100,0,0
1773413934.081248,178.316,0.018,0,24,0,8,8,3,100,0,0
1773413936.080510,179.102,0.027,0,24,0,8,8,3,100,0,0
1773413938.080117,179.898,0.021,0,24,0,8,8,3,100,0,0
1773413940.080720,180.691,0.021,0,24,0,8,8,3,100,0,0
1773413942.080441,181.492,0.022,0,24,0,8,8,3,100,0,0
1773413944.080096,182.297,0.027,0,24,0,8,8,3,100,0,0
1773413946.083660,183.152,0.020,0,24,0,8,8,3,100,0,0
1773413948.080677,174.457,0.022,0,24,0,8,8,3,100,0,0
1773413950.080165,172.551,0.022,0,24,0,8,8,3,100,0,0
1773413952.080856,173.363,0.025,0,24,0,8,8,3,100,0,0
1773413954.080772,174.145,0.019,0,24,0,8,8,3,100,0,0
1773413956.080701,174.945,0.023,0,24,0,8,8,3,100,0,0
1773413958.080631,175.734,0.020,0,24,0,8,8,3,100,0,0
1773413960.082703,176.527,0.028,0,24,0,8,8,3,100,0,0
1773413962.080756,177.316,0.021,0,24,0,8,8,3,100,0,0
1773413964.080360,178.109,0.023,0,24,0,8,8,3,100,0,0
1773413966.080696,178.902,0.020,0,24,0,8,8,3,100,0,0
1773413968.080519,179.688,0.019,0,24,0,8,8,3,100,0,0
1773413970.080796,180.477,0.018,0,24,0,8,8,3,100,0,0
1773413972.080456,181.293,0.033,0,24,0,8,8,3,100,0,0
1773413974.081961,182.082,0.023,0,24,0,8,8,3,100,0,0
1773413976.080910,182.879,0.039,0,24,0,8,8,3,100,0,0
1773413978.080661,174.320,0.019,0,24,0,8,8,3,100,0,0
1773413980.081009,172.273,0.038,0,24,0,8,8,3,100,0,0
1773413982.080905,173.066,0.066,0,24,0,8,8,3,100,0,0
1773413984.080465,173.871,0.021,0,24,0,8,8,3,100,0,0
1773413986.080518,174.664,0.020,0,24,0,8,8,3,100,0,0
1773413988.081715,175.457,0.025,0,24,0,8,8,3,100,0,0
1773413990.081501,176.238,0.031,0,24,0,8,8,3,100,0,0
1773413992.080620,177.035,0.035,0,24,0,8,8,3,100,0,0
1773413994.080863,177.820,0.028,0,24,0,8,8,3,100,0,0
1773413996.080802,178.609,0.023,0,24,0,8,8,3,100,0,0
1773413998.080377,179.410,0.023,0,24,0,8,8,3,100,0,0
1773414000.080194,180.199,0.022,0,24,0,8,8,3,100,0,0
1773414002.080556,180.977,0.021,0,24,0,8,8,3,100,0,0
1773414004.080688,181.785,0.023,0,24,0,8,8,3,100,0,0
1773414006.081149,182.570,0.017,0,24,0,8,8,3,100,0,0
1773414008.080411,183.375,0.017,0,24,0,8,8,3,100,0,0
1773414010.080109,171.969,0.040,0,24,0,8,8,3,100,0,0
1773414012.080898,172.762,0.020,0,24,0,8,8,3,100,0,0
1773414014.081173,173.551,0.023,0,24,0,8,8,3,100,0,0
1773414016.080547,174.352,0.021,0,24,0,8,8,3,100,0,0
1773414018.081390,175.137,0.031,0,24,0,8,8,3,100,0,0
1773414020.080205,175.930,0.038,0,24,0,8,8,3,100,0,0
1773414022.080130,176.719,0.024,0,24,0,8,8,3,100,0,0
1773414024.080707,177.516,0.017,0,24,0,8,8,3,100,0,0
1773414026.080805,178.316,0.039,0,24,0,8,8,3,100,0,0
1773414028.080190,179.102,0.018,0,24,0,8,8,3,100,0,0
1773414030.081748,179.895,0.023,0,24,0,8,8,3,100,0,0
1773414032.081291,180.684,0.038,0,24,0,8,8,3,100,0,0
1773414034.080677,181.480,0.038,0,24,0,8,8,3,100,0,0
1773414036.080582,182.273,0.023,0,24,0,8,8,3,100,0,0
1773414038.081232,183.070,0.020,0,24,0,8,8,3,100,0,0
1773414040.080434,171.699,0.022,0,24,0,8,8,3,100,0,0
1773414042.080179,172.492,0.019,0,24,0,8,8,3,100,0,0
1773414044.080944,173.293,0.022,0,24,0,8,8,3,100,0,0
1773414046.080292,174.082,0.029,0,24,0,8,8,3,100,0,0
1773414048.080054,174.875,0.023,0,24,0,8,8,3,100,0,0
1773414050.080158,175.664,0.022,0,24,0,8,8,3,100,0,0
1773414052.080805,176.449,0.024,0,24,0,8,8,3,100,0,0
1773414054.080444,177.242,0.024,0,24,0,8,8,3,100,0,0
1773414056.080117,178.043,0.022,0,24,0,8,8,3,100,0,0
1773414058.080819,178.828,0.034,0,24,0,8,8,3,100,0,0
1773414060.080483,179.621,0.029,0,24,0,8,8,3,100,0,0
1773414062.080314,180.414,0.026,0,24,0,8,8,3,100,0,0
1773414064.080095,181.203,0.022,0,24,0,8,8,3,100,0,0
1773414066.080541,181.996,0.027,0,24,0,8,8,3,100,0,0
1773414068.080435,182.785,0.030,0,24,0,8,8,3,100,0,0
1773414070.080212,183.594,0.020,0,24,0,8,8,3,100,0,0
1773414072.080919,172.184,0.024,0,24,0,8,8,3,100,0,0
1773414074.081169,172.984,0.039,0,24,0,8,8,3,100,0,0
1773414076.080206,173.789,0.025,0,24,0,8,8,3,100,0,0
1773414078.080462,174.586,0.023,0,24,0,8,8,3,100,0,0
1773414080.080716,175.375,0.024,0,24,0,8,8,3,100,0,0
1773414082.080568,176.168,0.020,0,24,0,8,8,3,100,0,0
1773414084.080639,176.957,0.037,0,24,0,8,8,3,100,0,0
1773414086.081857,177.746,0.041,0,24,0,8,8,3,100,0,0
1773414088.081252,178.543,0.030,0,24,0,8,8,3,100,0,0
1773414090.080394,179.336,0.030,0,24,0,8,8,3,100,0,0
1773414092.080912,180.121,0.025,0,24,0,8,8,3,100,0,0
1773414094.080744,180.910,0.023,0,24,0,8,8,3,100,0,0
1773414096.080509,181.711,0.019,0,24,0,8,8,3,100,0,0
1773414098.080392,182.496,0.021,0,24,0,8,8,3,100,0,0
1773414100.082245,183.324,0.021,0,24,0,8,8,3,100,0,0
1773414102.080535,171.957,0.017,0,24,0,8,8,3,100,0,0
1773414104.080554,172.699,0.027,0,24,0,8,8,3,100,0,0
1773414106.080732,173.504,0.037,0,24,0,8,8,3,100,0,0
1773414108.081307,174.293,0.024,0,24,0,8,8,3,100,0,0
1773414110.081330,175.082,0.055,0,24,0,8,8,3,100,0,0
1773414112.080314,175.875,0.019,0,24,0,8,8,3,100,0,0
1773414114.082014,176.664,0.033,0,24,0,8,8,3,100,0,0
1773414116.080404,177.453,0.030,0,24,0,8,8,3,100,0,0
1773414118.080222,178.246,0.023,0,24,0,8,8,3,100,0,0
1773414120.080654,179.039,0.023,0,24,0,8,8,3,100,0,0
1773414122.080985,179.840,0.018,0,24,0,8,8,3,100,0,0
1773414124.080934,180.625,0.018,0,24,0,8,8,3,100,0,0
1773414126.080467,181.426,0.020,0,24,0,8,8,3,100,0,0
1773414128.080510,182.223,0.021,0,24,0,8,8,3,100,0,0
1773414130.079965,183.023,0.019,0,24,0,8,8,3,100,0,0
1773414132.080586,174.371,0.037,0,24,0,8,8,3,100,0,0
1773414134.080285,172.363,0.021,0,24,0,8,8,3,100,0,0
1773414136.080338,173.168,0.024,0,24,0,8,8,3,100,0,0
1773414138.080712,173.953,0.022,0,24,0,8,8,3,100,0,0
1773414140.080503,174.746,0.021,0,24,0,8,8,3,100,0,0
1773414142.081701,175.539,0.027,0,24,0,8,8,3,100,0,0
1773414144.080004,176.328,0.021,0,24,0,8,8,3,100,0,0
1773414146.080690,177.129,0.027,0,24,0,8,8,3,100,0,0
1773414148.081195,177.910,0.027,0,24,0,8,8,3,100,0,0
1773414150.081041,178.703,0.031,0,24,0,8,8,3,100,0,0
1773414152.081146,179.492,0.031,0,24,0,8,8,3,100,0,0
1773414154.081321,180.344,0.021,0,24,0,8,8,3,100,0,0
1773414156.081848,181.145,0.027,0,24,0,8,8,3,100,0,0
1773414158.079934,181.930,0.024,0,24,0,8,8,3,100,0,0
1773414160.080636,182.715,0.021,0,24,0,8,8,3,100,0,0
1773414162.080336,183.516,0.020,0,24,0,8,8,3,100,0,0
1773414164.081413,172.145,0.029,0,24,0,8,8,3,100,0,0
1773414166.080616,172.941,0.027,0,24,0,8,8,3,100,0,0
1773414168.080908,173.742,0.027,0,24,0,8,8,3,100,0,0
1773414170.083322,174.543,0.023,0,24,0,8,8,3,100,0,0
1773414172.081540,175.336,0.033,0,24,0,8,8,3,100,0,0
1773414174.080116,176.133,0.043,0,24,0,8,8,3,100,0,0
1773414176.080630,176.910,0.024,0,24,0,8,8,3,100,0,0
1773414178.080357,177.707,0.020,0,24,0,8,8,3,100,0,0
1773414180.080368,178.496,0.027,0,24,0,8,8,3,100,0,0
1773414182.080111,179.285,0.020,0,24,0,8,8,3,100,0,0
1773414184.080742,180.074,0.024,0,24,0,8,8,3,100,0,0
1773414186.080806,180.867,0.021,0,24,0,8,8,3,100,0,0
1773414188.080290,181.648,0.021,0,24,0,8,8,3,100,0,0
1773414190.079939,182.445,0.023,0,24,0,8,8,3,100,0,0
1773414192.080607,183.258,0.019,0,24,0,8,8,3,100,0,0
1773414194.081072,171.953,0.022,0,24,0,8,8,3,100,0,0
1773414196.080876,172.633,0.054,0,24,0,8,8,3,100,0,0
1773414198.080787,173.438,0.018,0,24,0,8,8,3,100,0,0
1773414200.081040,174.230,0.030,0,24,0,8,8,3,100,0,0
1773414202.080416,175.027,0.032,0,24,0,8,8,3,100,0,0
1773414204.080893,175.812,0.024,0,24,0,8,8,3,100,0,0
1773414206.080788,176.609,0.020,0,24,0,8,8,3,100,0,0
1773414208.080812,177.402,0.024,0,24,0,8,8,3,100,0,0
1773414210.080589,178.195,0.033,0,24,0,8,8,3,100,0,0
1773414212.082202,178.984,0.037,0,24,0,8,8,3,100,0,0
1773414214.080945,179.773,0.026,0,24,0,8,8,3,100,0,0
1773414216.080788,180.570,0.031,0,24,0,8,8,3,100,0,0
1773414218.080255,181.371,0.018,0,24,0,8,8,3,100,0,0
1773414220.080858,182.160,0.025,0,24,0,8,8,3,100,0,0
1773414222.080760,182.961,0.032,0,24,0,8,8,3,100,0,0
1773414224.080455,174.270,0.016,0,24,0,8,8,3,100,0,0
1773414226.080298,172.379,0.021,0,24,0,8,8,3,100,0,0
1773414228.081395,173.164,0.034,0,24,0,8,8,3,100,0,0
1773414230.080339,173.969,0.020,0,24,0,8,8,3,100,0,0
1773414232.080848,174.773,0.016,0,24,0,8,8,3,100,0,0
1773414234.081325,175.562,0.022,0,24,0,8,8,3,100,0,0
1773414236.080176,176.348,0.022,0,24,0,8,8,3,100,0,0
1773414238.080761,177.141,0.023,0,24,0,8,8,3,100,0,0
1773414240.081790,177.926,0.026,0,24,0,8,8,3,100,0,0
1773414242.080704,178.719,0.022,0,24,0,8,8,3,100,0,0
1773414244.081532,179.512,0.022,0,24,0,8,8,3,100,0,0
1773414246.080225,180.293,0.023,0,24,0,8,8,3,100,0,0
1773414248.080645,181.090,0.026,0,24,0,8,8,3,100,0,0
1773414250.081088,181.875,0.032,0,24,0,8,8,3,100,0,0
1773414252.081108,182.676,0.021,0,24,0,8,8,3,100,0,0
1773414254.081373,183.480,0.018,0,24,0,8,8,3,100,0,0
1773414256.080724,172.074,0.019,0,24,0,8,8,3,100,0,0
1773414258.080974,172.871,0.023,0,24,0,8,8,3,100,0,0
1773414260.080950,173.660,0.025,0,24,0,8,8,3,100,0,0
1773414262.080720,174.445,0.031,0,24,0,8,8,3,100,0,0
1773414264.080526,175.238,0.022,0,24,0,8,8,3,100,0,0
1773414266.080111,176.039,0.047,0,24,0,8,8,3,100,0,0
1773414268.080892,176.820,0.032,0,24,0,8,8,3,100,0,0
1773414270.081305,177.617,0.027,0,24,0,8,8,3,100,0,0
1773414272.081946,178.406,0.021,0,24,0,8,8,3,100,0,0
1773414274.080184,179.199,0.023,0,24,0,8,8,3,100,0,0
1773414276.080498,179.996,0.021,0,24,0,8,8,3,100,0,0
1773414278.080214,180.777,0.021,0,24,0,8,8,3,100,0,0
1773414280.080142,181.590,0.025,0,24,0,8,8,3,100,0,0
1773414282.080353,182.453,0.022,0,24,0,8,8,3,100,0,0
1773414284.081076,183.312,0.021,0,24,0,8,8,3,100,0,0
1773414286.080557,171.641,0.018,0,24,0,8,8,3,100,0,0
1773414288.080312,172.441,0.022,0,24,0,8,8,3,100,0,0
1773414290.080805,173.258,0.021,0,24,0,8,8,3,100,0,0
1773414292.080698,174.043,0.022,0,24,0,8,8,3,100,0,0
1773414294.080409,174.844,0.019,0,24,0,8,8,3,100,0,0
1773414296.080248,175.641,0.022,0,24,0,8,8,3,100,0,0
1773414298.081525,176.430,0.026,0,24,0,8,8,3,100,0,0
1773414300.080960,177.215,0.021,0,24,0,8,8,3,100,0,0
1773414302.081345,178.012,0.018,0,24,0,8,8,3,100,0,0
1773414304.080328,178.801,0.021,0,24,0,8,8,3,100,0,0
1773414306.081755,179.598,0.031,0,24,0,8,8,3,100,0,0
1773414308.080773,180.391,0.019,0,24,0,8,8,3,100,0,0
1773414310.080989,181.215,0.018,0,24,0,8,8,3,100,0,0
1773414312.080908,181.996,0.022,0,24,0,8,8,3,100,0,0
1773414314.081028,182.832,0.022,0,24,0,8,8,3,100,0,0
1773414316.080649,174.234,0.021,0,24,0,8,8,3,100,0,0
1773414318.080391,172.191,0.019,0,24,0,8,8,3,100,0,0
1773414320.081438,172.984,0.024,0,24,0,8,8,3,100,0,0
1773414322.081002,173.793,0.021,0,24,0,8,8,3,100,0,0
1773414324.080519,174.594,0.019,0,24,0,8,8,3,100,0,0
1773414326.080939,175.383,0.018,0,24,0,8,8,3,100,0,0
1773414328.080578,176.176,0.092,0,24,0,8,8,3,100,0,0
1773414330.080831,176.965,0.020,0,24,0,8,8,3,100,0,0
1773414332.080957,177.766,0.022,0,24,0,8,8,3,100,0,0
1773414334.080619,178.559,0.021,0,24,0,8,8,3,100,0,0
1773414336.080564,179.348,0.020,0,24,0,8,8,3,100,0,0
1773414338.080240,180.148,0.024,0,24,0,8,8,3,100,0,0
1773414340.082306,180.941,0.021,0,24,0,8,8,3,100,0,0
1773414342.080764,181.746,0.025,0,24,0,8,8,3,100,0,0
1773414344.080496,182.531,0.023,0,24,0,8,8,3,100,0,0
1773414346.080661,183.344,0.019,0,24,0,8,8,3,100,0,0
1773414348.080746,171.941,0.019,0,24,0,8,8,3,100,0,0
1773414350.081220,172.746,0.023,0,24,0,8,8,3,100,0,0
1773414352.080262,173.527,0.030,0,24,0,8,8,3,100,0,0
1773414354.082341,174.320,0.020,0,24,0,8,8,3,100,0,0
1773414356.080900,175.105,0.024,0,24,0,8,8,3,100,0,0
1773414358.081477,175.895,0.021,0,24,0,8,8,3,100,0,0
1773414360.080423,176.684,0.022,0,24,0,8,8,3,100,0,0
1773414362.081943,177.484,0.031,0,24,0,8,8,3,100,0,0
1773414364.080585,178.285,0.022,0,24,0,8,8,3,100,0,0
1773414366.081290,179.070,0.037,0,24,0,8,8,3,100,0,0
1773414368.080437,179.871,0.021,0,24,0,8,8,3,100,0,0
1773414370.080276,180.656,0.019,0,24,0,8,8,3,100,0,0
1773414372.080883,181.453,0.021,0,24,0,8,8,3,100,0,0
1773414374.080575,182.246,0.019,0,24,0,8,8,3,100,0,0
1773414376.081857,183.043,0.022,0,24,0,8,8,3,100,0,0
1773414378.080234,174.387,0.053,0,24,0,8,8,3,100,0,0
1773414380.080578,172.434,0.021,0,24,0,8,8,3,100,0,0
1773414382.081425,173.254,0.022,0,24,0,8,8,3,100,0,0
1773414384.081384,174.035,0.022,0,24,0,8,8,3,100,0,0
1773414386.081480,174.836,0.017,0,24,0,8,8,3,100,0,0
1773414388.080312,175.621,0.022,0,24,0,8,8,3,100,0,0
1773414390.081748,176.418,0.022,0,24,0,8,8,3,100,0,0
1773414392.080972,177.207,0.018,0,24,0,8,8,3,100,0,0
1773414394.080847,178.004,0.024,0,24,0,8,8,3,100,0,0
1773414396.080612,178.797,0.024,0,24,0,8,8,3,100,0,0
1773414398.080624,179.586,0.023,0,24,0,8,8,3,100,0,0
1773414400.080796,180.379,0.024,0,24,0,8,8,3,100,0,0
1773414402.080237,181.168,0.020,0,24,0,8,8,3,100,0,0
1773414404.081620,181.961,0.021,0,24,0,8,8,3,100,0,0
1773414406.080755,182.754,0.019,0,24,0,8,8,3,100,0,0
1773414408.080611,174.184,0.019,0,24,0,8,8,3,100,0,0
1773414410.080954,172.141,0.018,0,24,0,8,8,3,100,0,0
1773414412.081147,172.938,0.022,0,24,0,8,8,3,100,0,0
1773414414.081199,173.746,0.020,0,24,0,8,8,3,100,0,0
1773414416.080283,174.559,0.024,0,24,0,8,8,3,100,0,0
1773414418.081826,175.352,0.022,0,24,0,8,8,3,100,0,0
1773414420.080777,176.141,0.021,0,24,0,8,8,3,100,0,0
1773414422.080965,176.930,0.029,0,24,0,8,8,3,100,0,0
1773414424.081362,177.723,0.021,0,24,0,8,8,3,100,0,0
1773414426.080217,178.512,0.023,0,24,0,8,8,3,100,0,0
1773414428.081131,179.305,0.021,0,24,0,8,8,3,100,0,0
1773414430.081131,180.113,0.021,0,24,0,8,8,3,100,0,0
1773414432.080673,180.898,0.033,0,24,0,8,8,3,100,0,0
1773414434.080919,181.699,0.026,0,24,0,8,8,3,100,0,0
1773414436.081113,182.496,0.023,0,24,0,8,8,3,100,0,0
1773414438.082020,183.297,0.020,0,24,0,8,8,3,100,0,0
1773414440.080650,171.914,0.021,0,24,0,8,8,3,100,0,0
1773414442.080304,172.621,0.023,0,24,0,8,8,3,100,0,0
1773414444.080960,173.457,0.044,0,24,0,8,8,3,100,0,0
1773414446.080829,174.250,0.025,0,24,0,8,8,3,100,0,0
1773414448.080676,175.039,0.022,0,24,0,8,8,3,100,0,0
1773414450.080554,175.820,0.038,0,24,0,8,8,3,100,0,0
1773414452.081080,176.613,0.027,0,24,0,8,8,3,100,0,0
1773414454.080871,177.398,0.024,0,24,0,8,8,3,100,0,0
1773414456.081140,178.195,0.022,0,24,0,8,8,3,100,0,0
1773414458.081195,178.988,0.020,0,24,0,8,8,3,100,0,0
1773414460.082253,179.801,0.019,0,24,0,8,8,3,100,0,0
1773414462.080813,180.590,0.018,0,24,0,8,8,3,100,0,0
1773414464.080941,181.383,0.018,0,24,0,8,8,3,100,0,0
1773414466.080796,182.191,0.018,0,24,0,8,8,3,100,0,0
1773414468.081670,182.992,0.017,0,24,0,8,8,3,100,0,0
1773414470.081987,174.172,0.029,0,24,0,8,8,3,100,0,0
1773414472.080620,172.371,0.019,0,24,0,8,8,3,100,0,0
1773414474.081633,173.168,0.020,0,24,0,8,8,3,100,0,0
1773414476.081558,173.957,0.024,0,24,0,8,8,3,100,0,0
1773414478.080779,174.754,0.022,0,24,0,8,8,3,100,0,0
1773414480.081124,175.539,0.045,0,24,0,8,8,3,100,0,0
1773414482.080877,176.336,0.029,0,24,0,8,8,3,100,0,0
1773414484.081234,177.117,0.021,0,24,0,8,8,3,100,0,0
1773414486.080716,177.914,0.022,0,24,0,8,8,3,100,0,0
1773414488.081898,178.707,0.021,0,24,0,8,8,3,100,0,0
1773414490.081177,179.500,0.019,0,24,0,8,8,3,100,0,0
1773414492.081434,180.293,0.026,0,24,0,8,8,3,100,0,0
1773414494.080930,181.117,0.016,0,24,0,8,8,3,100,0,0
1773414496.082291,181.914,0.020,0,24,0,8,8,3,100,0,0
1773414498.081221,182.695,0.019,0,24,0,8,8,3,100,0,0
1773414500.081381,174.137,0.018,0,24,0,8,8,3,100,0,0
1773414502.081507,172.102,0.018,0,24,0,8,8,3,100,0,0
1773414504.081201,172.895,0.019,0,24,0,8,8,3,100,0,0
1773414506.081254,173.703,0.021,0,24,0,8,8,3,100,0,0
1773414508.080955,174.500,0.026,0,24,0,8,8,3,100,0,0
1773414510.081208,175.289,0.020,0,24,0,8,8,3,100,0,0
1773414512.081039,176.074,0.024,0,24,0,8,8,3,100,0,0
1773414514.081409,176.867,0.026,0,24,0,8,8,3,100,0,0
1773414516.081504,177.652,0.022,0,24,0,8,8,3,100,0,0
1773414518.081028,178.449,0.034,0,24,0,8,8,3,100,0,0
1773414520.081249,179.246,0.027,0,24,0,8,8,3,100,0,0
1773414522.081251,180.059,0.029,0,24,0,8,8,3,100,0,0
1773414524.081354,180.852,0.031,0,24,0,8,8,3,100,0,0
1773414526.080791,181.645,0.019,0,24,0,8,8,3,100,0,0
1773414528.080647,182.434,0.024,0,24,0,8,8,3,100,0,0
1773414530.081570,183.230,0.020,0,24,0,8,8,3,100,0,0
1773414532.080782,171.820,0.028,0,24,0,8,8,3,100,0,0
1773414534.081381,172.621,0.024,0,24,0,8,8,3,100,0,0
1773414536.081533,173.426,0.020,0,24,0,8,8,3,100,0,0
1773414538.081371,174.215,0.020,0,24,0,8,8,3,100,0,0
1773414540.080637,175.016,0.025,0,24,0,8,8,3,100,0,0
1773414542.080787,175.801,0.020,0,24,0,8,8,3,100,0,0
1773414544.081457,176.598,0.022,0,24,0,8,8,3,100,0,0
1773414546.080564,177.383,0.018,0,24,0,8,8,3,100,0,0
1773414548.081296,178.184,0.022,0,24,0,8,8,3,100,0,0
1773414550.081017,178.973,0.027,0,24,0,8,8,3,100,0,0
1773414552.080856,179.766,0.026,0,24,0,8,8,3,100,0,0
1773414554.081342,180.562,0.022,0,24,0,8,8,3,100,0,0
1773414556.080882,181.359,0.025,0,24,0,8,8,3,100,0,0
1773414558.082246,182.148,0.020,0,24,0,8,8,3,100,0,0
1773414560.092156,182.922,0.022,0,24,0,8,8,3,100,0,0
1773414562.089468,183.730,0.021,0,24,0,8,8,3,100,0,0
1773414564.081021,174.977,0.021,0,24,0,8,8,3,100,0,0
1773414566.081041,173.121,0.026,0,24,0,8,8,3,100,0,0
1773414568.081253,173.938,0.022,0,24,0,8,8,3,100,0,0
1773414570.080664,174.723,0.018,0,24,0,8,8,3,100,0,0
1773414572.082546,175.527,0.019,0,24,0,8,8,3,100,0,0
1773414574.081158,176.312,0.039,0,24,0,8,8,3,100,0,0
1773414576.081033,177.098,0.024,0,24,0,8,8,3,100,0,0
1773414578.081979,177.891,0.018,0,24,0,8,8,3,100,0,0
1773414580.081666,178.680,0.022,0,24,0,8,8,3,100,0,0
1773414582.081001,179.473,0.021,0,24,0,8,8,3,100,0,0
1773414584.080768,180.277,0.025,0,24,0,8,8,3,100,0,0
1773414586.081903,181.062,0.027,0,24,0,8,8,3,100,0,0
1773414588.081509,181.863,0.020,0,24,0,8,8,3,100,0,0
1773414590.081208,182.648,0.022,0,24,0,8,8,3,100,0,0
1773414592.081291,183.457,0.022,0,24,0,8,8,3,100,0,0
1773414594.082195,172.039,0.031,0,24,0,8,8,3,100,0,0
1773414596.080902,172.836,0.028,0,24,0,8,8,3,100,0,0
1773414598.082171,173.637,0.026,0,24,0,8,8,3,100,0,0
1773414600.080732,174.430,0.022,0,24,0,8,8,3,100,0,0
1773414602.081401,175.215,0.039,0,24,0,8,8,3,100,0,0
1773414604.080729,176.023,0.020,0,24,0,8,8,3,100,0,0
1773414606.080662,176.805,0.019,0,24,0,8,8,3,100,0,0
1773414608.081307,177.594,0.030,0,24,0,8,8,3,100,0,0
1773414610.080688,178.387,0.023,0,24,0,8,8,3,100,0,0
1773414612.081095,179.176,0.022,0,24,0,8,8,3,100,0,0
1773414614.082176,179.965,0.021,0,24,0,8,8,3,100,0,0
1773414616.080600,180.750,0.022,0,24,0,8,8,3,100,0,0
1773414618.081208,181.555,0.021,0,24,0,8,8,3,100,0,0
1773414620.080956,182.344,0.025,0,24,0,8,8,3,100,0,0
1773414622.081560,183.145,0.018,0,24,0,8,8,3,100,0,0
1773414624.081436,171.754,0.018,0,24,0,8,8,3,100,0,0
1773414626.080976,172.551,0.021,0,24,0,8,8,3,100,0,0
1773414628.081792,173.355,0.019,0,24,0,8,8,3,100,0,0
1773414630.081286,174.141,0.025,0,24,0,8,8,3,100,0,0
1773414632.081799,174.938,0.029,0,24,0,8,8,3,100,0,0
1773414634.081533,175.727,0.021,0,24,0,8,8,3,100,0,0
1773414636.081134,176.523,0.023,0,24,0,8,8,3,100,0,0
1773414638.081112,177.309,0.021,0,24,0,8,8,3,100,0,0
1773414640.081075,178.102,0.022,0,24,0,8,8,3,100,0,0
1773414642.081880,178.891,0.020,0,24,0,8,8,3,100,0,0
1773414644.080988,179.688,0.020,0,24,0,8,8,3,100,0,0
1773414646.081220,180.477,0.021,0,24,0,8,8,3,100,0,0
1773414648.080784,181.277,0.018,0,24,0,8,8,3,100,0,0
1773414650.081178,182.074,0.018,0,24,0,8,8,3,100,0,0
1773414652.080803,182.871,0.022,0,24,0,8,8,3,100,0,0
1773414654.080753,174.207,0.022,0,24,0,8,8,3,100,0,0
1773414656.080993,172.273,0.022,0,24,0,8,8,3,100,0,0
1773414658.081454,173.070,0.017,0,24,0,8,8,3,100,0,0
1773414660.080461,173.871,0.022,0,24,0,8,8,3,100,0,0
1773414662.081128,174.664,0.019,0,24,0,8,8,3,100,0,0
1773414664.080897,175.453,0.022,0,24,0,8,8,3,100,0,0
1773414666.081176,176.250,0.020,0,24,0,8,8,3,100,0,0
1773414668.081294,177.035,0.018,0,24,0,8,8,3,100,0,0
1773414670.081412,177.828,0.027,0,24,0,8,8,3,100,0,0
1773414672.081037,178.613,0.018,0,24,0,8,8,3,100,0,0
1773414674.080584,179.410,0.029,0,24,0,8,8,3,100,0,0
1773414676.081255,180.211,0.021,0,24,0,8,8,3,100,0,0
1773414678.080688,180.996,0.026,0,24,0,8,8,3,100,0,0
1773414680.081421,181.777,0.018,0,24,0,8,8,3,100,0,0
1773414682.081233,182.566,0.019,0,24,0,8,8,3,100,0,0
1773414684.082520,183.379,0.020,0,24,0,8,8,3,100,0,0
1773414686.081094,171.961,0.018,0,24,0,8,8,3,100,0,0
1773414688.081211,172.754,0.019,0,24,0,8,8,3,100,0,0
1773414690.080894,173.543,0.018,0,24,0,8,8,3,100,0,0
1773414692.081143,174.336,0.020,0,24,0,8,8,3,100,0,0
1773414694.080722,175.133,0.023,0,24,0,8,8,3,100,0,0
1773414696.081023,175.922,0.024,0,24,0,8,8,3,100,0,0
1773414698.081618,176.707,0.028,0,24,0,8,8,3,100,0,0
1773414700.081614,177.500,0.017,0,24,0,8,8,3,100,0,0
1773414702.081365,178.301,0.019,0,24,0,8,8,3,100,0,0
1773414704.081659,179.094,0.021,0,24,0,8,8,3,100,0,0
1773414706.081308,179.895,0.025,0,24,0,8,8,3,100,0,0
1773414708.081057,180.684,0.021,0,24,0,8,8,3,100,0,0
1773414710.081547,181.480,0.021,0,24,0,8,8,3,100,0,0
1773414712.082161,182.266,0.020,0,24,0,8,8,3,100,0,0
1773414714.081218,183.070,0.020,0,24,0,8,8,3,100,0,0
1773414716.082032,174.195,0.024,0,24,0,8,8,3,100,0,0
1773414718.081086,172.477,0.020,0,24,0,8,8,3,100,0,0
1773414720.080663,173.289,0.017,0,24,0,8,8,3,100,0,0
1773414722.081151,174.074,0.021,0,24,0,8,8,3,100,0,0
1773414724.081747,174.875,0.017,0,24,0,8,8,3,100,0,0
1773414726.081631,175.668,0.022,0,24,0,8,8,3,100,0,0
1773414728.080947,176.453,0.029,0,24,0,8,8,3,100,0,0
1773414730.081807,177.258,0.023,0,24,0,8,8,3,100,0,0
1773414732.081250,178.051,0.020,0,24,0,8,8,3,100,0,0
1773414734.081471,178.836,0.018,0,24,0,8,8,3,100,0,0
1773414736.081188,179.629,0.020,0,24,0,8,8,3,100,0,0
1773414738.081938,180.414,0.020,0,24,0,8,8,3,100,0,0
1773414740.082435,181.207,0.018,0,24,0,8,8,3,100,0,0
1773414742.080783,182.004,0.020,0,24,0,8,8,3,100,0,0
1773414744.081272,182.785,0.019,0,24,0,8,8,3,100,0,0
1773414746.081163,171.285,0.017,0,24,0,8,8,3,100,0,0
1773414748.081231,172.031,0.019,0,24,0,8,8,3,100,0,0
1773414750.081223,172.824,0.020,0,24,0,8,8,3,100,0,0
1773414752.080779,173.637,0.017,0,24,0,8,8,3,100,0,0
1773414754.081729,174.453,0.024,0,24,0,8,8,3,100,0,0
1773414756.081540,175.234,0.026,0,24,0,8,8,3,100,0,0
1773414758.081205,176.027,0.023,0,24,0,8,8,3,100,0,0
1773414760.081615,176.816,0.019,0,24,0,8,8,3,100,0,0
1773414762.081131,177.605,0.022,0,24,0,8,8,3,100,0,0
1773414764.081269,178.414,0.022,0,24,0,8,8,3,100,0,0
1773414766.081612,179.211,0.023,0,24,0,8,8,3,100,0,0
1773414768.081788,180.023,0.023,0,24,0,8,8,3,100,0,0
1773414770.081390,180.828,0.021,0,24,0,8,8,3,100,0,0
1773414772.081211,181.625,0.028,0,24,0,8,8,3,100,0,0
1773414774.080858,182.410,0.023,0,24,0,8,8,3,100,0,0
1773414776.103881,183.230,0.023,0,24,0,8,8,3,100,0,0
1773414778.081562,174.602,0.020,0,24,0,8,8,3,100,0,0
1773414780.080889,172.602,0.022,0,24,0,8,8,3,100,0,0
1773414782.082763,173.410,0.021,0,24,0,8,8,3,100,0,0
1773414784.081151,174.211,0.029,0,24,0,8,8,3,100,0,0
1773414786.081503,175.016,0.019,0,24,0,8,8,3,100,0,0
1773414788.081413,175.805,0.019,0,24,0,8,8,3,100,0,0
1773414790.081578,176.598,0.022,0,24,0,8,8,3,100,0,0
1773414792.081890,177.383,0.027,0,24,0,8,8,3,100,0,0
1773414794.081280,178.176,0.026,0,24,0,8,8,3,100,0,0
1773414796.082391,178.961,0.021,0,24,0,8,8,3,100,0,0
1773414798.081381,179.762,0.018,0,24,0,8,8,3,100,0,0
1773414800.082103,180.547,0.020,0,24,0,8,8,3,100,0,0
1773414802.081652,181.355,0.018,0,24,0,8,8,3,100,0,0
1773414804.081433,182.152,0.018,0,24,0,8,8,3,100,0,0
1773414806.082258,182.977,0.016,0,24,0,8,8,3,100,0,0
1773414808.081643,174.191,0.019,0,24,0,8,8,3,100,0,0
1773414810.081903,172.375,0.030,0,24,0,8,8,3,100,0,0
1773414812.081842,173.164,0.019,0,24,0,8,8,3,100,0,0
1773414814.081112,173.953,0.034,0,24,0,8,8,3,100,0,0
1773414816.081426,174.750,0.018,0,24,0,8,8,3,100,0,0
1773414818.081275,175.543,0.022,0,24,0,8,8,3,100,0,0
1773414820.082151,176.344,0.021,0,24,0,8,8,3,100,0,0
1773414822.081394,177.121,0.019,0,24,0,8,8,3,100,0,0
1773414824.081699,177.914,0.021,0,24,0,8,8,3,100,0,0
1773414826.081152,178.695,0.021,0,24,0,8,8,3,100,0,0
1773414828.081800,179.488,0.020,0,24,0,8,8,3,100,0,0
1773414830.081374,180.277,0.024,0,24,0,8,8,3,100,0,0
1773414832.082034,181.090,0.023,0,24,0,8,8,3,100,0,0
1773414834.081823,181.883,0.023,0,24,0,8,8,3,100,0,0
1773414836.081466,182.676,0.019,0,24,0,8,8,3,100,0,0
1773414838.081297,174.145,0.019,0,24,0,8,8,3,100,0,0
1773414840.081180,172.094,0.025,0,24,0,8,8,3,100,0,0
1773414842.081526,172.883,0.021,0,24,0,8,8,3,100,0,0
1773414844.081296,173.691,0.027,0,24,0,8,8,3,100,0,0
1773414846.081208,174.473,0.021,0,24,0,8,8,3,100,0,0
1773414848.081097,175.273,0.019,0,24,0,8,8,3,100,0,0
1773414850.081204,176.059,0.018,0,24,0,8,8,3,100,0,0
1773414852.082493,176.855,0.018,0,24,0,8,8,3,100,0,0
1773414854.081382,177.652,0.018,0,24,0,8,8,3,100,0,0
1773414856.081559,178.441,0.016,0,24,0,8,8,3,100,0,0
1773414858.081801,179.234,0.015,0,24,0,8,8,3,100,0,0
1773414860.081426,180.023,0.019,0,24,0,8,8,3,100,0,0
1773414862.080922,180.812,0.023,0,24,0,8,8,3,100,0,0
1773414864.081516,181.617,0.019,0,24,0,8,8,3,100,0,0
1773414866.081896,182.414,0.020,0,24,0,8,8,3,100,0,0
1773414868.081238,183.219,0.018,0,24,0,8,8,3,100,0,0
1773414870.081517,171.801,0.020,0,24,0,8,8,3,100,0,0
1773414872.081465,172.586,0.018,0,24,0,8,8,3,100,0,0
1773414874.081837,173.402,0.021,0,24,0,8,8,3,100,0,0
1773414876.081512,174.199,0.023,0,24,0,8,8,3,100,0,0
1773414878.081168,174.984,0.019,0,24,0,8,8,3,100,0,0
1773414880.081939,175.781,0.021,0,24,0,8,8,3,100,0,0
1773414882.080969,176.574,0.016,0,24,0,8,8,3,100,0,0
1773414884.081896,177.375,0.018,0,24,0,8,8,3,100,0,0
1773414886.081301,178.156,0.017,0,24,0,8,8,3,100,0,0
1773414888.081444,178.949,0.018,0,24,0,8,8,3,100,0,0
1773414890.081214,179.766,0.018,0,24,0,8,8,3,100,0,0
1773414892.081897,180.582,0.030,0,24,0,8,8,3,100,0,0
1773414894.082306,181.383,0.024,0,24,0,8,8,3,100,0,0
1773414896.081366,182.172,0.019,0,24,0,8,8,3,100,0,0
1773414898.081969,182.980,0.016,0,24,0,8,8,3,100,0,0
1773414900.081616,174.590,0.023,0,24,0,8,8,3,100,0,0
1773414902.081412,172.336,0.018,0,24,0,8,8,3,100,0,0
1773414904.081141,173.121,0.019,0,24,0,8,8,3,100,0,0
1773414906.081920,173.922,0.018,0,24,0,8,8,3,100,0,0
1773414908.081726,174.723,0.018,0,24,0,8,8,3,100,0,0
1773414910.081946,175.516,0.016,0,24,0,8,8,3,100,0,0
1773414912.081499,176.316,0.021,0,24,0,8,8,3,100,0,0
1773414914.081298,177.109,0.020,0,24,0,8,8,3,100,0,0
1773414916.081044,177.887,0.020,0,24,0,8,8,3,100,0,0
1773414918.081879,178.676,0.017,0,24,0,8,8,3,100,0,0
1773414920.081303,179.469,0.019,0,24,0,8,8,3,100,0,0
1773414922.082020,180.258,0.021,0,24,0,8,8,3,100,0,0
1773414924.081688,181.051,0.016,0,24,0,8,8,3,100,0,0
1773414926.081378,181.848,0.018,0,24,0,8,8,3,100,0,0
1773414928.081016,182.637,0.045,0,24,0,8,8,3,100,0,0
1773414930.081607,183.457,0.017,0,24,0,8,8,3,100,0,0
1773414932.081446,172.059,0.021,0,24,0,8,8,3,100,0,0
1773414934.081527,172.852,0.017,0,24,0,8,8,3,100,0,0
1773414936.082123,173.652,0.020,0,24,0,8,8,3,100,0,0
1773414938.081262,174.441,0.021,0,24,0,8,8,3,100,0,0
1773414940.081371,175.238,0.016,0,24,0,8,8,3,100,0,0
1773414942.081971,176.027,0.018,0,24,0,8,8,3,100,0,0
1773414944.081642,176.824,0.019,0,24,0,8,8,3,100,0,0
1773414946.081285,177.617,0.030,0,24,0,8,8,3,100,0,0
1773414948.081871,178.406,0.033,0,24,0,8,8,3,100,0,0
1773414950.082026,179.195,0.025,0,24,0,8,8,3,100,0,0
1773414952.081146,179.984,0.024,0,24,0,8,8,3,100,0,0
1773414954.081724,180.773,0.021,0,24,0,8,8,3,100,0,0
1773414956.081497,181.574,0.020,0,24,0,8,8,3,100,0,0
1773414958.081132,182.355,0.020,0,24,0,8,8,3,100,0,0
1773414960.082037,183.164,0.019,0,24,0,8,8,3,100,0,0
1773414962.081877,171.785,0.020,0,24,0,8,8,3,100,0,0
1773414964.083114,172.590,0.021,0,24,0,8,8,3,100,0,0
1773414966.081236,173.395,0.019,0,24,0,8,8,3,100,0,0
1773414968.082094,174.184,0.022,0,24,0,8,8,3,100,0,0
1773414970.081784,174.980,0.111,0,24,0,8,8,3,100,0,0
1773414972.081241,175.766,0.020,0,24,0,8,8,3,100,0,0
1773414974.081123,176.566,0.017,0,24,0,8,8,3,100,0,0
1773414976.081752,177.348,0.019,0,24,0,8,8,3,100,0,0
1773414978.082147,178.137,0.018,0,24,0,8,8,3,100,0,0
1773414980.081356,178.930,0.021,0,24,0,8,8,3,100,0,0
1773414982.081918,179.727,0.025,0,24,0,8,8,3,100,0,0
1773414984.081481,180.512,0.017,0,24,0,8,8,3,100,0,0
1773414986.081534,181.312,0.023,0,24,0,8,8,3,100,0,0
1773414988.081299,182.098,0.026,0,24,0,8,8,3,100,0,0
1773414990.081859,182.895,0.019,0,24,0,8,8,3,100,0,0
1773414992.081643,174.211,0.018,0,24,0,8,8,3,100,0,0
1773414994.081136,172.297,0.018,0,24,0,8,8,3,100,0,0
1773414996.081755,173.090,0.029,0,24,0,8,8,3,100,0,0
1773414998.081049,173.895,0.112,0,24,0,8,8,3,100,0,0
1773415000.081811,174.688,0.021,0,24,0,8,8,3,100,0,0
1773415002.081739,175.480,0.045,0,24,0,8,8,3,100,0,0
1773415004.081456,176.266,0.022,0,24,0,8,8,3,100,0,0
1773415006.081147,177.066,0.031,0,24,0,8,8,3,100,0,0
1773415008.081773,177.848,0.022,0,24,0,8,8,3,100,0,0
1773415010.081623,178.641,0.021,0,24,0,8,8,3,100,0,0
1773415012.082487,179.430,0.024,0,24,0,8,8,3,100,0,0
1773415014.081662,180.223,0.023,0,24,0,8,8,3,100,0,0
1773415016.081917,181.016,0.021,0,24,0,8,8,3,100,0,0
1773415018.081127,181.801,0.018,0,24,0,8,8,3,100,0,0
1773415020.081403,182.605,0.021,0,24,0,8,8,3,100,0,0
1773415022.081212,183.406,0.032,0,24,0,8,8,3,100,0,0
1773415024.082043,172.008,0.017,0,24,0,8,8,3,100,0,0
1773415026.081143,172.797,0.023,0,24,0,8,8,3,100,0,0
1773415028.082061,173.598,0.020,0,24,0,8,8,3,100,0,0
1773415030.081634,174.387,0.029,0,24,0,8,8,3,100,0,0
1773415032.081215,175.180,0.021,0,24,0,8,8,3,100,0,0
1773415034.082656,175.965,0.025,0,24,0,8,8,3,100,0,0
1773415036.081589,176.762,0.022,0,24,0,8,8,3,100,0,0
1773415038.081212,177.559,0.017,0,24,0,8,8,3,100,0,0
1773415040.082107,178.340,0.019,0,24,0,8,8,3,100,0,0
1773415042.081470,179.137,0.020,0,24,0,8,8,3,100,0,0
1773415044.081170,179.930,0.019,0,24,0,8,8,3,100,0,0
1773415046.081966,180.723,0.018,0,24,0,8,8,3,100,0,0
1773415048.081715,181.523,0.020,0,24,0,8,8,3,100,0,0
1773415050.081049,182.309,0.019,0,24,0,8,8,3,100,0,0
1773415052.081962,183.117,0.016,0,24,0,8,8,3,100,0,0
1773415054.081396,174.395,0.023,0,24,0,8,8,3,100,0,0
1773415056.081121,172.465,0.023,0,24,0,8,8,3,100,0,0
1773415058.081739,173.273,0.022,0,24,0,8,8,3,100,0,0
1773415060.081402,174.062,0.020,0,24,0,8,8,3,100,0,0
1773415062.081359,174.855,0.019,0,24,0,8,8,3,100,0,0
1773415064.082627,175.645,0.021,0,24,0,8,8,3,100,0,0
1773415066.081336,176.441,0.022,0,24,0,8,8,3,100,0,0
1773415068.081483,177.230,0.020,0,24,0,8,8,3,100,0,0
1773415070.081679,178.023,0.020,0,24,0,8,8,3,100,0,0
1773415072.081316,178.812,0.019,0,24,0,8,8,3,100,0,0
1773415074.080983,179.605,0.026,0,24,0,8,8,3,100,0,0
1773415076.082020,180.406,0.029,0,24,0,8,8,3,100,0,0
1773415078.081361,181.207,0.025,0,24,0,8,8,3,100,0,0
1773415080.082035,181.996,0.020,0,24,0,8,8,3,100,0,0
1773415082.081802,182.789,0.020,0,24,0,8,8,3,100,0,0
1773415084.081786,174.238,0.018,0,24,0,8,8,3,100,0,0
1773415086.081842,172.156,0.021,0,24,0,8,8,3,100,0,0
1773415088.082537,172.953,0.023,0,24,0,8,8,3,100,0,0
1773415090.082257,173.758,0.017,0,24,0,8,8,3,100,0,0
1773415092.081456,174.551,0.018,0,24,0,8,8,3,100,0,0
1773415094.081540,175.352,0.020,0,24,0,8,8,3,100,0,0
1773415096.081808,176.141,0.015,0,24,0,8,8,3,100,0,0
1773415098.081434,176.938,0.020,0,24,0,8,8,3,100,0,0
1773415100.082030,177.719,0.022,0,24,0,8,8,3,100,0,0
1773415102.081695,178.516,0.025,0,24,0,8,8,3,100,0,0
1773415104.082200,179.305,0.022,0,24,0,8,8,3,100,0,0
1773415106.082088,180.113,0.029,0,24,0,8,8,3,100,0,0
1773415108.082013,180.902,0.017,0,24,0,8,8,3,100,0,0
1773415110.081249,181.680,0.024,0,24,0,8,8,3,100,0,0
1773415112.081874,182.480,0.021,0,24,0,8,8,3,100,0,0
1773415114.081759,183.277,0.022,0,24,0,8,8,3,100,0,0
1773415116.081415,184.086,0.022,0,24,0,8,8,3,100,0,0
1773415118.082106,172.695,0.023,0,24,0,8,8,3,100,0,0
1773415120.081506,173.512,0.020,0,24,0,8,8,3,100,0,0
1773415122.081916,174.309,0.021,0,24,0,8,8,3,100,0,0
1773415124.081955,175.086,0.020,0,24,0,8,8,3,100,0,0
1773415126.081420,175.883,0.024,0,24,0,8,8,3,100,0,0
1773415128.081237,176.676,0.021,0,24,0,8,8,3,100,0,0
1773415130.082193,177.465,0.024,0,24,0,8,8,3,100,0,0
1773415132.081711,178.254,0.045,0,24,0,8,8,3,100,0,0
1773415134.082284,179.043,0.025,0,24,0,8,8,3,100,0,0
1773415136.081842,179.836,0.023,0,24,0,8,8,3,100,0,0
1773415138.081733,180.629,0.022,0,24,0,8,8,3,100,0,0
1773415140.081221,181.414,0.020,0,24,0,8,8,3,100,0,0
1773415142.082042,182.203,0.020,0,24,0,8,8,3,100,0,0
1773415144.081647,183.004,0.021,0,24,0,8,8,3,100,0,0
1773415146.081394,183.793,0.022,0,24,0,8,8,3,100,0,0
1773415148.081902,172.414,0.019,0,24,0,8,8,3,100,0,0
1773415150.081619,173.207,0.019,0,24,0,8,8,3,100,0,0
1773415152.081219,174.000,0.021,0,24,0,8,8,3,100,0,0
1773415154.081970,174.777,0.023,0,24,0,8,8,3,100,0,0
1773415156.081583,175.578,0.024,0,24,0,8,8,3,100,0,0
1773415158.081454,176.367,0.021,0,24,0,8,8,3,100,0,0
1773415160.082043,177.156,0.017,0,24,0,8,8,3,100,0,0
1773415162.081684,177.941,0.019,0,24,0,8,8,3,100,0,0
1773415164.082130,178.734,0.021,0,24,0,8,8,3,100,0,0
1773415166.082141,179.523,0.019,0,24,0,8,8,3,100,0,0
1773415168.081619,180.320,0.022,0,24,0,8,8,3,100,0,0
1773415170.081218,181.113,0.017,0,24,0,8,8,3,100,0,0
1773415172.081340,181.910,0.018,0,24,0,8,8,3,100,0,0
1773415174.082357,182.695,0.021,0,24,0,8,8,3,100,0,0
1773415176.081979,174.168,0.016,0,24,0,8,8,3,100,0,0
1773415178.082198,172.098,0.019,0,24,0,8,8,3,100,0,0
1773415180.082050,172.891,0.017,0,24,0,8,8,3,100,0,0
1773415182.082036,173.699,0.019,0,24,0,8,8,3,100,0,0
1773415184.081490,174.488,0.021,0,24,0,8,8,3,100,0,0
1773415186.081368,175.285,0.019,0,24,0,8,8,3,100,0,0
1773415188.082267,176.074,0.017,0,24,0,8,8,3,100,0,0
1773415190.081965,176.867,0.020,0,24,0,8,8,3,100,0,0
1773415192.081784,177.660,0.023,0,24,0,8,8,3,100,0,0
1773415194.081400,178.453,0.021,0,24,0,8,8,3,100,0,0
1773415266.612689,196.371,0.022,0,24,0,2,2,1,300,0,1
1773415268.115135,195.922,0.022,0,24,0,2,2,1,300,0,1
1773415270.532871,195.934,0.022,0,24,0,2,2,1,300,0,1
1773415272.162235,195.922,0.022,0,24,0,2,2,1,300,0,1
1773415274.463733,195.930,0.022,0,24,0,2,2,1,300,0,1
1773415276.754546,195.930,0.022,0,24,0,2,2,1,300,0,1
1773415278.139614,195.930,0.022,0,24,0,2,2,1,300,0,1
1773415280.638844,195.930,0.022,0,24,0,2,2,1,300,0,1
1773415282.500558,195.941,0.022,0,24,0,2,2,1,300,0,1
1773415284.436904,195.922,0.022,0,24,0,2,2,1,300,0,1
1773415286.314997,195.934,0.022,0,24,0,2,2,1,300,0,1
1773415288.256837,195.934,0.022,0,24,0,2,2,1,300,0,1
1773415290.445471,195.945,0.022,0,24,0,2,2,1,300,0,1
1773415292.288621,195.945,0.022,0,24,0,2,2,1,300,0,1
1773415294.119637,195.938,0.022,0,24,0,2,2,1,300,0,1
1773415296.371334,195.945,0.022,0,24,0,2,2,1,300,0,1
1773415298.339591,195.684,0.022,0,24,0,2,2,1,300,0,1
1773415300.340438,195.684,0.022,0,24,0,2,2,1,300,0,1
1773415302.153095,195.652,0.022,0,24,0,2,2,1,300,0,1
1773415304.119446,195.672,0.022,0,24,0,2,2,1,300,0,1
1773415306.304857,195.684,0.022,0,24,0,2,2,1,300,0,1
1773415308.146724,195.684,0.022,0,24,0,2,2,1,300,0,1
1773415310.518566,192.680,0.022,0,24,0,2,2,1,300,0,1
1773415312.321310,195.676,0.022,0,24,0,2,2,1,300,0,1
1773415314.242095,195.684,0.022,0,24,0,2,2,1,300,0,1
1773415316.097175,195.684,0.022,0,24,0,2,2,1,300,0,1
1773415318.449630,195.684,0.022,0,24,0,2,2,1,300,0,1
1773415320.426778,195.684,0.022,0,24,0,2,2,1,300,0,1
1773415322.196124,195.684,0.022,0,24,0,2,2,1,300,0,1
1773415324.090231,192.680,0.022,0,24,0,2,2,1,300,0,1
1773415326.122339,195.684,0.022,0,24,0,2,2,1,300,0,1
1773415328.380387,195.684,0.022,0,24,0,2,2,1,300,0,1
1773415330.219453,195.684,0.022,0,24,0,2,2,1,300,0,1
1773415332.162662,195.684,0.022,0,24,0,2,2,1,300,0,1
1773415334.427659,195.684,0.022,0,24,0,2,2,1,300,0,1
1773415336.366060,195.676,0.022,0,24,0,2,2,1,300,0,1
1773415338.314332,195.684,0.022,0,24,0,2,2,1,300,0,1
1773415340.101420,195.684,0.022,0,24,0,2,2,1,300,0,1
1773415345.586172,176.762,0.022,0,24,0,2,2,1,300,0,1
1773415346.082145,174.797,0.022,0,24,0,8,8,3,100,0,0
1773415348.081792,174.797,0.022,0,24,0,8,8,3,100,0,0
1773415350.081594,174.797,0.022,0,24,0,8,8,3,100,0,0
1773415352.082699,174.797,0.022,0,24,0,8,8,3,100,0,0
1773415354.082057,174.797,0.022,0,24,0,8,8,3,100,0,0
1773415356.082543,174.797,0.022,0,24,0,8,8,3,100,0,0
1773415358.082273,174.797,0.022,0,24,0,8,8,3,100,0,0
1773415360.082105,174.797,0.022,0,24,0,8,8,3,100,0,0
1773415362.081735,174.797,0.022,0,24,0,8,8,3,100,0,0
1773415364.082352,174.797,0.022,0,24,0,8,8,3,100,0,0
1773415366.081992,174.797,0.022,0,24,0,8,8,3,100,0,0
1773415368.081691,174.797,0.022,0,24,0,8,8,3,100,0,0
1773415370.082971,174.797,0.022,0,24,0,8,8,3,100,0,0
1773415372.082106,174.797,0.022,0,24,0,8,8,3,100,0,0
1773415374.081647,174.797,0.022,0,24,0,8,8,3,100,0,0
1773415376.082386,174.797,0.022,0,24,0,8,8,3,100,0,0
1773415378.081856,174.785,0.022,0,24,0,8,8,3,100,0,0
1773415380.081798,174.785,0.022,0,24,0,8,8,3,100,0,0
1773415382.082763,174.785,0.022,0,24,0,8,8,3,100,0,0
1773415384.082700,174.785,0.022,0,24,0,8,8,3,100,0,0
1773415386.097679,174.785,0.022,0,24,0,8,8,3,100,0,0
1773415388.098439,174.785,0.022,0,24,0,8,8,3,100,0,0
1773415390.098728,174.785,0.022,0,24,0,8,8,3,100,0,0
1773415392.116212,174.785,0.022,0,24,0,8,8,3,100,0,0
1773415394.113522,174.785,0.022,0,24,0,8,8,3,100,0,0
1773415396.116992,174.785,0.022,0,24,0,8,8,3,100,0,0
1773415398.115979,174.785,0.022,0,24,0,8,8,3,100,0,0
1773415400.115320,174.785,0.022,0,24,0,8,8,3,100,0,0
1773415402.113027,174.785,0.022,0,24,0,8,8,3,100,0,0
1773415404.115645,174.785,0.022,0,24,0,8,8,3,100,0,0
1773415406.113250,174.785,0.022,0,24,0,8,8,3,100,0,0
1773415408.112805,174.785,0.022,0,24,0,8,8,3,100,0,0
1773415410.116796,174.785,0.022,0,24,0,8,8,3,100,0,0
1773415412.116280,174.785,0.022,0,24,0,8,8,3,100,0,0
1773415414.116328,174.785,0.022,0,24,0,8,8,3,100,0,0
1773415416.115561,174.785,0.022,0,24,0,8,8,3,100,0,0
1773415418.116616,174.785,0.022,0,24,0,8,8,3,100,0,0
1773415420.112864,174.785,0.022,0,24,0,8,8,3,100,0,0
1773415422.115697,174.785,0.022,0,24,0,8,8,3,100,0,0
1773415424.116925,174.785,0.022,0,24,0,8,8,3,100,0,0
1773415426.113620,174.785,0.022,0,24,0,8,8,3,100,0,0
1773415428.116639,174.785,0.022,0,24,0,8,8,3,100,0,0
1773415430.115657,174.785,0.022,0,24,0,8,8,3,100,0,0
1773415432.116672,174.785,0.022,0,24,0,8,8,3,100,0,0
1773415434.115080,174.785,0.022,0,24,0,8,8,3,100,0,0
1773415436.116194,174.785,0.022,0,24,0,8,8,3,100,0,0
1773415438.116254,174.785,0.022,0,24,0,8,8,3,100,0,0
1773415440.116392,174.785,0.022,0,24,0,8,8,3,100,0,0
1773415442.129924,174.785,0.022,0,24,0,8,8,3,100,0,0
1773415444.132969,174.785,0.022,0,24,0,8,8,3,100,0,0
1773415446.130971,174.785,0.022,0,24,0,8,8,3,100,0,0
1773415448.131624,174.785,0.022,0,24,0,8,8,3,100,0,0
1773415450.132466,174.785,0.022,0,24,0,8,8,3,100,0,0
1773415452.132128,174.785,0.022,0,24,0,8,8,3,100,0,0
1773415454.129603,174.785,0.022,0,24,0,8,8,3,100,0,0
1773415456.129222,174.785,0.022,0,24,0,8,8,3,100,0,0
1773415458.129055,174.785,0.022,0,24,0,8,8,3,100,0,0
1773415460.131500,174.785,0.022,0,24,0,8,8,3,100,0,0
1773415462.129675,174.785,0.022,0,24,0,8,8,3,100,0,0
1773415464.129261,174.785,0.022,0,24,0,8,8,3,100,0,0
1773415466.131986,174.785,0.022,0,24,0,8,8,3,100,0,0
1773415468.128739,174.785,0.022,0,24,0,8,8,3,100,0,0
1773415470.132251,174.785,0.022,0,24,0,8,8,3,100,0,0
1773415472.133002,174.785,0.022,0,24,0,8,8,3,100,0,0
1773415474.131492,174.785,0.022,0,24,0,8,8,3,100,0,0
1773415476.131669,174.785,0.022,0,24,0,8,8,3,100,0,0
1773415478.132320,174.785,0.022,0,24,0,8,8,3,100,0,0
1773415480.131949,174.785,0.022,0,24,0,8,8,3,100,0,0
1773415482.129588,174.785,0.022,0,24,0,8,8,3,100,0,0
1773415484.132278,174.785,0.022,0,24,0,8,8,3,100,0,0
1773415486.132646,174.785,0.022,0,24,0,8,8,3,100,0,0
1773415488.131710,174.785,0.022,0,24,0,8,8,3,100,0,0
1773415490.132518,174.785,0.022,0,24,0,8,8,3,100,0,0
1773415492.132095,174.785,0.022,0,24,0,8,8,3,100,0,0
1773415494.131650,174.785,0.022,0,24,0,8,8,3,100,0,0
1773415496.132221,174.785,0.022,0,24,0,8,8,3,100,0,0
1773415498.131647,174.785,0.022,0,24,0,8,8,3,100,0,0
1773415500.129237,174.785,0.022,0,24,0,8,8,3,100,0,0
1773415502.130067,174.785,0.022,0,24,0,8,8,3,100,0,0
1773415504.128671,174.785,0.022,0,24,0,8,8,3,100,0,0
1773415506.131821,174.785,0.022,0,24,0,8,8,3,100,0,0
1773415508.132616,174.785,0.022,0,24,0,8,8,3,100,0,0
1773415510.132154,174.785,0.022,0,24,0,8,8,3,100,0,0
1773415512.131817,174.785,0.022,0,24,0,8,8,3,100,0,0
1773415514.132462,174.785,0.022,0,24,0,8,8,3,100,0,0
1773415516.131278,174.785,0.022,0,24,0,8,8,3,100,0,0
1773415518.132561,174.785,0.022,0,24,0,8,8,3,100,0,0
1773415520.129168,174.785,0.022,0,24,0,8,8,3,100,0,0
1773415522.132368,174.785,0.022,0,24,0,8,8,3,100,0,0
1773415524.132652,174.785,0.022,0,24,0,8,8,3,100,0,0
1773415526.132143,174.801,0.022,0,24,0,8,8,3,100,0,0
1773415528.128861,174.801,0.022,0,24,0,8,8,3,100,0,0
1773415530.128494,174.801,0.022,0,24,0,8,8,3,100,0,0
1773415532.131973,174.801,0.022,0,24,0,8,8,3,100,0,0
1773415534.132118,174.801,0.022,0,24,0,8,8,3,100,0,0
1773415536.131809,174.801,0.022,0,24,0,8,8,3,100,0,0
1773415538.131889,174.801,0.022,0,24,0,8,8,3,100,0,0
1773415540.132209,174.801,0.022,0,24,0,8,8,3,100,0,0
1773415542.129215,174.801,0.022,0,24,0,8,8,3,100,0,0
1773415544.131966,174.801,0.022,0,24,0,8,8,3,100,0,0
1773415546.130853,174.801,0.022,0,24,0,8,8,3,100,0,0
1773415548.132120,174.801,0.022,0,24,0,8,8,3,100,0,0
1773415550.132379,174.801,0.022,0,24,0,8,8,3,100,0,0
1773415552.132011,174.801,0.022,0,24,0,8,8,3,100,0,0
1773415554.128892,174.801,0.022,0,24,0,8,8,3,100,0,0
1773415556.133102,174.801,0.022,0,24,0,8,8,3,100,0,0
1773415558.132025,174.801,0.022,0,24,0,8,8,3,100,0,0
1773415560.132088,174.801,0.022,0,24,0,8,8,3,100,0,0
1773415562.132293,174.801,0.022,0,24,0,8,8,3,100,0,0
1773415564.129270,174.801,0.022,0,24,0,8,8,3,100,0,0
1773415566.128540,174.801,0.022,0,24,0,8,8,3,100,0,0
1773415568.132027,174.801,0.022,0,24,0,8,8,3,100,0,0
1773415570.130086,174.801,0.022,0,24,0,8,8,3,100,0,0
1773415572.129267,174.801,0.022,0,24,0,8,8,3,100,0,0
1773415574.128505,174.801,0.022,0,24,0,8,8,3,100,0,0
1773415576.132298,174.801,0.022,0,24,0,8,8,3,100,0,0
1773415578.128872,174.801,0.022,0,24,0,8,8,3,100,0,0
1773415580.131985,174.801,0.022,0,24,0,8,8,3,100,0,0
1773415582.132513,174.801,0.022,0,24,0,8,8,3,100,0,0
1773415584.132801,174.801,0.022,0,24,0,8,8,3,100,0,0
1773415586.132411,174.801,0.022,0,24,0,8,8,3,100,0,0
1773415588.129367,174.801,0.022,0,24,0,8,8,3,100,0,0
1773415590.132386,174.801,0.022,0,24,0,8,8,3,100,0,0
1773415592.130921,174.801,0.022,0,24,0,8,8,3,100,0,0
1773415594.129232,174.801,0.022,0,24,0,8,8,3,100,0,0
1773415596.132365,174.801,0.022,0,24,0,8,8,3,100,0,0
1773415598.132562,174.801,0.022,0,24,0,8,8,3,100,0,0
1773415600.129120,174.801,0.022,0,24,0,8,8,3,100,0,0
1773415602.129663,174.801,0.022,0,24,0,8,8,3,100,0,0
1773415604.131035,174.801,0.022,0,24,0,8,8,3,100,0,0
1773415606.131725,174.801,0.022,0,24,0,8,8,3,100,0,0
1773415608.131973,174.801,0.022,0,24,0,8,8,3,100,0,0
1773415610.128651,174.801,0.022,0,24,0,8,8,3,100,0,0
1773415612.129229,174.801,0.022,0,24,0,8,8,3,100,0,0
1773415614.132270,174.801,0.022,0,24,0,8,8,3,100,0,0
1773415616.128650,174.801,0.022,0,24,0,8,8,3,100,0,0
1773415618.131816,174.801,0.022,0,24,0,8,8,3,100,0,0
1773415620.132299,174.801,0.022,0,24,0,8,8,3,100,0,0
1773415622.132003,174.801,0.022,0,24,0,8,8,3,100,0,0
1773415624.132206,174.801,0.022,0,24,0,8,8,3,100,0,0
1773415626.129237,174.801,0.022,0,24,0,8,8,3,100,0,0
1773415628.131263,174.840,0.022,0,24,0,8,8,3,100,0,0
1773415630.131905,174.840,0.022,0,24,0,8,8,3,100,0,0
1773415632.132175,174.840,0.022,0,24,0,8,8,3,100,0,0
1773415634.131932,174.840,0.022,0,24,0,8,8,3,100,0,0
1773415636.128725,174.840,0.022,0,24,0,8,8,3,100,0,0
1773415638.131193,174.840,0.022,0,24,0,8,8,3,100,0,0
1773415640.132910,174.840,0.022,0,24,0,8,8,3,100,0,0
1773415642.129699,174.840,0.022,0,24,0,8,8,3,100,0,0
1773415644.132025,174.840,0.022,0,24,0,8,8,3,100,0,0
1773415646.132683,174.840,0.022,0,24,0,8,8,3,100,0,0
1773415648.129399,174.840,0.022,0,24,0,8,8,3,100,0,0
1773415650.129294,174.840,0.022,0,24,0,8,8,3,100,0,0
1773415652.132734,174.840,0.022,0,24,0,8,8,3,100,0,0
1773415654.133101,174.840,0.022,0,24,0,8,8,3,100,0,0
1773415656.131992,174.840,0.022,0,24,0,8,8,3,100,0,0
1773415658.128669,174.840,0.022,0,24,0,8,8,3,100,0,0
1773415660.132540,174.840,0.022,0,24,0,8,8,3,100,0,0
1773415662.132239,174.840,0.022,0,24,0,8,8,3,100,0,0
1773415664.132399,174.840,0.022,0,24,0,8,8,3,100,0,0
1773415666.131940,174.840,0.022,0,24,0,8,8,3,100,0,0
1773415668.132575,174.840,0.022,0,24,0,8,8,3,100,0,0
1773415670.132473,174.840,0.022,0,24,0,8,8,3,100,0,0
1773415672.128711,174.840,0.022,0,24,0,8,8,3,100,0,0
1773415674.130460,174.840,0.022,0,24,0,8,8,3,100,0,0
1773415676.131759,174.840,0.022,0,24,0,8,8,3,100,0,0
1773415678.129394,174.840,0.022,0,24,0,8,8,3,100,0,0
1773415680.131267,174.840,0.022,0,24,0,8,8,3,100,0,0
1773415682.131604,174.840,0.022,0,24,0,8,8,3,100,0,0
1773415684.129366,174.840,0.022,0,24,0,8,8,3,100,0,0
1773415686.131686,174.840,0.022,0,24,0,8,8,3,100,0,0
1773415688.131189,174.840,0.022,0,24,0,8,8,3,100,0,0
1773415690.131116,174.840,0.022,0,24,0,8,8,3,100,0,0
1773415692.129994,174.840,0.022,0,24,0,8,8,3,100,0,0
1773415694.128671,174.840,0.022,0,24,0,8,8,3,100,0,0
1773415696.132023,174.840,0.022,0,24,0,8,8,3,100,0,0
1773415698.132048,174.840,0.022,0,24,0,8,8,3,100,0,0
1773415700.129369,174.840,0.022,0,24,0,8,8,3,100,0,0
1773415702.129278,174.840,0.022,0,24,0,8,8,3,100,0,0
1773415704.132143,174.840,0.022,0,24,0,8,8,3,100,0,0
1773415706.128786,174.840,0.022,0,24,0,8,8,3,100,0,0
1773415708.129297,174.840,0.022,0,24,0,8,8,3,100,0,0
1773415710.131690,174.840,0.022,0,24,0,8,8,3,100,0,0
1773415712.131811,174.840,0.022,0,24,0,8,8,3,100,0,0
1773415714.131996,174.840,0.022,0,24,0,8,8,3,100,0,0
1773415716.131851,174.840,0.022,0,24,0,8,8,3,100,0,0
1773415718.131459,174.840,0.022,0,24,0,8,8,3,100,0,0
1773415720.131923,174.840,0.022,0,24,0,8,8,3,100,0,0
1773415722.128597,174.840,0.022,0,24,0,8,8,3,100,0,0
1773415724.135448,174.840,0.022,0,24,0,8,8,3,100,0,0
1773415726.129120,174.840,0.022,0,24,0,8,8,3,100,0,0
1773415728.131497,174.840,0.022,0,24,0,8,8,3,100,0,0
1773415730.131573,174.840,0.022,0,24,0,8,8,3,100,0,0
1773415732.130840,174.840,0.022,0,24,0,8,8,3,100,0,0
1773415734.131648,174.840,0.022,0,24,0,8,8,3,100,0,0
1773415736.132229,174.840,0.022,0,24,0,8,8,3,100,0,0
1773415738.131971,174.840,0.022,0,24,0,8,8,3,100,0,0
1773415740.131863,174.840,0.022,0,24,0,8,8,3,100,0,0
1773415742.131908,174.840,0.022,0,24,0,8,8,3,100,0,0
1773415744.129502,174.840,0.022,0,24,0,8,8,3,100,0,0
1773415746.131505,174.840,0.022,0,24,0,8,8,3,100,0,0
1773415748.129789,174.840,0.022,0,24,0,8,8,3,100,0,0
1773415750.129583,174.840,0.022,0,24,0,8,8,3,100,0,0
1773415752.132880,174.840,0.022,0,24,0,8,8,3,100,0,0
1773415754.131327,174.840,0.022,0,24,0,8,8,3,100,0,0
1773415756.129581,174.840,0.022,0,24,0,8,8,3,100,0,0
1773415758.132003,174.840,0.022,0,24,0,8,8,3,100,0,0
1773415760.131601,174.840,0.022,0,24,0,8,8,3,100,0,0
1773415762.131648,174.840,0.022,0,24,0,8,8,3,100,0,0
1773415764.131623,174.840,0.022,0,24,0,8,8,3,100,0,0
1773415766.133294,174.840,0.022,0,24,0,8,8,3,100,0,0
1773415768.131358,174.840,0.022,0,24,0,8,8,3,100,0,0
1773415770.129591,174.840,0.022,0,24,0,8,8,3,100,0,0
1773415772.130909,174.840,0.022,0,24,0,8,8,3,100,0,0
1773415774.131156,174.840,0.022,0,24,0,8,8,3,100,0,0
1773415776.131539,174.840,0.022,0,24,0,8,8,3,100,0,0
1773415778.131358,174.840,0.022,0,24,0,8,8,3,100,0,0
1773415780.129273,174.840,0.022,0,24,0,8,8,3,100,0,0
1773415782.131108,174.840,0.022,0,24,0,8,8,3,100,0,0
1773415784.129645,174.840,0.022,0,24,0,8,8,3,100,0,0
1773415786.132443,174.840,0.022,0,24,0,8,8,3,100,0,0
1773415788.129271,174.840,0.022,0,24,0,8,8,3,100,0,0
1773415790.131226,174.840,0.022,0,24,0,8,8,3,100,0,0
1773415792.131680,174.840,0.022,0,24,0,8,8,3,100,0,0
1773415794.130856,174.840,0.022,0,24,0,8,8,3,100,0,0
1773415796.130928,174.840,0.022,0,24,0,8,8,3,100,0,0
1773415798.131656,174.840,0.022,0,24,0,8,8,3,100,0,0
1773415800.130868,174.840,0.022,0,24,0,8,8,3,100,0,0
1773415802.129343,174.840,0.022,0,24,0,8,8,3,100,0,0
1773415804.131853,174.840,0.022,0,24,0,8,8,3,100,0,0
1773415806.130064,174.840,0.022,0,24,0,8,8,3,100,0,0
1773415808.132105,174.840,0.022,0,24,0,8,8,3,100,0,0
1773415810.129345,174.840,0.022,0,24,0,8,8,3,100,0,0
1773415812.131688,174.840,0.022,0,24,0,8,8,3,100,0,0
1773415814.130480,174.840,0.022,0,24,0,8,8,3,100,0,0
1773415816.130947,174.840,0.022,0,24,0,8,8,3,100,0,0
1773415818.132138,174.840,0.022,0,24,0,8,8,3,100,0,0
1773415820.129584,174.840,0.022,0,24,0,8,8,3,100,0,0
1773415822.129328,174.840,0.022,0,24,0,8,8,3,100,0,0
1773415824.132094,174.840,0.022,0,24,0,8,8,3,100,0,0
1773415826.131240,174.840,0.022,0,24,0,8,8,3,100,0,0
1773415828.130957,174.840,0.022,0,24,0,8,8,3,100,0,0
1773415830.131197,174.840,0.022,0,24,0,8,8,3,100,0,0
1773415832.132789,174.840,0.022,0,24,0,8,8,3,100,0,0
1773415834.131434,174.840,0.022,0,24,0,8,8,3,100,0,0
1773415836.131486,174.840,0.022,0,24,0,8,8,3,100,0,0
1773415838.131271,174.840,0.022,0,24,0,8,8,3,100,0,0
1773415840.131484,174.840,0.022,0,24,0,8,8,3,100,0,0
1773415842.129640,174.840,0.022,0,24,0,8,8,3,100,0,0
1773415844.130537,174.840,0.022,0,24,0,8,8,3,100,0,0
1773415846.131151,174.840,0.022,0,24,0,8,8,3,100,0,0
1773415848.129265,174.840,0.022,0,24,0,8,8,3,100,0,0
1773415850.131854,174.840,0.022,0,24,0,8,8,3,100,0,0
1773415852.131644,174.840,0.022,0,24,0,8,8,3,100,0,0
1773415854.131562,174.840,0.022,0,24,0,8,8,3,100,0,0
1773415856.131899,174.840,0.022,0,24,0,8,8,3,100,0,0
1773415858.129332,174.840,0.022,0,24,0,8,8,3,100,0,0
1773415860.132003,174.840,0.022,0,24,0,8,8,3,100,0,0
1773415862.131673,174.840,0.022,0,24,0,8,8,3,100,0,0
1773415864.132723,174.840,0.022,0,24,0,8,8,3,100,0,0
1773415866.131499,174.840,0.022,0,24,0,8,8,3,100,0,0
1773415868.129014,174.840,0.022,0,24,0,8,8,3,100,0,0
1773415870.131430,174.840,0.022,0,24,0,8,8,3,100,0,0
1773415872.132523,174.840,0.022,0,24,0,8,8,3,100,0,0
1773415874.132366,174.840,0.022,0,24,0,8,8,3,100,0,0
1773415876.131259,174.840,0.022,0,24,0,8,8,3,100,0,0
1773415878.131588,174.840,0.022,0,24,0,8,8,3,100,0,0
1773415880.133023,174.840,0.022,0,24,0,8,8,3,100,0,0
1773415882.131310,174.840,0.022,0,24,0,8,8,3,100,0,0
1773415884.131238,174.840,0.022,0,24,0,8,8,3,100,0,0
1773415886.132170,174.840,0.022,0,24,0,8,8,3,100,0,0
1773415888.131926,174.840,0.022,0,24,0,8,8,3,100,0,0
1773415890.128998,174.840,0.022,0,24,0,8,8,3,100,0,0
1773415892.131738,174.840,0.022,0,24,0,8,8,3,100,0,0
1773415894.132996,174.840,0.022,0,24,0,8,8,3,100,0,0
1773415896.132163,174.840,0.022,0,24,0,8,8,3,100,0,0
1773415898.129371,174.840,0.022,0,24,0,8,8,3,100,0,0
1773415900.131713,174.840,0.022,0,24,0,8,8,3,100,0,0
1773415902.131771,174.840,0.022,0,24,0,8,8,3,100,0,0
1773415904.131145,174.840,0.022,0,24,0,8,8,3,100,0,0
1773415906.131958,174.840,0.022,0,24,0,8,8,3,100,0,0
1773415908.131496,174.840,0.022,0,24,0,8,8,3,100,0,0
1773415910.132447,174.840,0.022,0,24,0,8,8,3,100,0,0
1773415912.132250,174.840,0.022,0,24,0,8,8,3,100,0,0
1773415914.132325,174.840,0.022,0,24,0,8,8,3,100,0,0
1773415916.129255,174.840,0.022,0,24,0,8,8,3,100,0,0
1773415918.131896,174.840,0.022,0,24,0,8,8,3,100,0,0
1773415920.131076,174.840,0.022,0,24,0,8,8,3,100,0,0
1773415922.133503,174.840,0.022,0,24,0,8,8,3,100,0,0
1773415924.130611,174.840,0.022,0,24,0,8,8,3,100,0,0
1773415926.130423,174.840,0.022,0,24,0,8,8,3,100,0,0
1773415928.129289,174.840,0.022,0,24,0,8,8,3,100,0,0
1773415930.130122,174.840,0.022,0,24,0,8,8,3,100,0,0
1773415932.131740,174.840,0.022,0,24,0,8,8,3,100,0,0
1773415934.130159,174.840,0.022,0,24,0,8,8,3,100,0,0
1773415936.129855,174.840,0.022,0,24,0,8,8,3,100,0,0
1773415938.131459,174.840,0.022,0,24,0,8,8,3,100,0,0
1773415940.131260,174.840,0.022,0,24,0,8,8,3,100,0,0
1773415942.131792,174.840,0.022,0,24,0,8,8,3,100,0,0
1773415944.131242,174.840,0.022,0,24,0,8,8,3,100,0,0
1773415946.131831,174.840,0.022,0,24,0,8,8,3,100,0,0
1773415948.132482,174.840,0.022,0,24,0,8,8,3,100,0,0
1773415950.131600,174.840,0.022,0,24,0,8,8,3,100,0,0
1773415952.131860,174.840,0.022,0,24,0,8,8,3,100,0,0
1773415954.131068,174.840,0.022,0,24,0,8,8,3,100,0,0
1773415956.132332,174.840,0.022,0,24,0,8,8,3,100,0,0
1773415958.131397,174.840,0.022,0,24,0,8,8,3,100,0,0
1773415960.130104,174.840,0.022,0,24,0,8,8,3,100,0,0
1773415962.132696,174.840,0.022,0,24,0,8,8,3,100,0,0
1773415964.131423,174.840,0.022,0,24,0,8,8,3,100,0,0
1773415966.132006,174.840,0.022,0,24,0,8,8,3,100,0,0
1773415968.129407,174.840,0.022,0,24,0,8,8,3,100,0,0
1773415970.129319,174.840,0.022,0,24,0,8,8,3,100,0,0
1773415972.129022,174.840,0.022,0,24,0,8,8,3,100,0,0
1773415974.131517,174.840,0.022,0,24,0,8,8,3,100,0,0
1773415976.129805,174.840,0.022,0,24,0,8,8,3,100,0,0
1773415978.132857,174.840,0.022,0,24,0,8,8,3,100,0,0
1773415980.129394,174.840,0.022,0,24,0,8,8,3,100,0,0
1773415982.131956,174.840,0.022,0,24,0,8,8,3,100,0,0
1773415984.132140,174.840,0.022,0,24,0,8,8,3,100,0,0
1773415986.130044,174.840,0.022,0,24,0,8,8,3,100,0,0
1773415988.132252,174.840,0.022,0,24,0,8,8,3,100,0,0
1773415990.131500,174.840,0.022,0,24,0,8,8,3,100,0,0
1773415992.131614,174.840,0.022,0,24,0,8,8,3,100,0,0
1773415994.131261,174.840,0.022,0,24,0,8,8,3,100,0,0
1773415996.129547,174.840,0.022,0,24,0,8,8,3,100,0,0
1773415998.131273,174.840,0.022,0,24,0,8,8,3,100,0,0
1773416000.132475,174.840,0.022,0,24,0,8,8,3,100,0,0
1773416002.131778,174.840,0.022,0,24,0,8,8,3,100,0,0
1773416004.131762,174.840,0.022,0,24,0,8,8,3,100,0,0
1773416006.131031,174.840,0.022,0,24,0,8,8,3,100,0,0
1773416008.131231,174.840,0.022,0,24,0,8,8,3,100,0,0
1773416010.129930,174.840,0.022,0,24,0,8,8,3,100,0,0
1773416012.131891,174.840,0.022,0,24,0,8,8,3,100,0,0
1773416014.131795,174.840,0.022,0,24,0,8,8,3,100,0,0
1773416016.132174,174.840,0.022,0,24,0,8,8,3,100,0,0
1773416018.129598,174.840,0.022,0,24,0,8,8,3,100,0,0
1773416020.131751,174.840,0.022,0,24,0,8,8,3,100,0,0
1773416022.131675,174.840,0.022,0,24,0,8,8,3,100,0,0
1773416024.129208,174.840,0.022,0,24,0,8,8,3,100,0,0
1773416026.132509,174.840,0.022,0,24,0,8,8,3,100,0,0
1773416028.132019,174.840,0.022,0,24,0,8,8,3,100,0,0
1773416030.129266,174.840,0.022,0,24,0,8,8,3,100,0,0
1773416032.129337,174.840,0.022,0,24,0,8,8,3,100,0,0
1773416034.132955,174.840,0.022,0,24,0,8,8,3,100,0,0
1773416036.132365,174.840,0.022,0,24,0,8,8,3,100,0,0
1773416038.129623,174.840,0.022,0,24,0,8,8,3,100,0,0
1773416040.132524,174.840,0.022,0,24,0,8,8,3,100,0,0
1773416042.129314,174.840,0.022,0,24,0,8,8,3,100,0,0
1773416044.132274,174.840,0.022,0,24,0,8,8,3,100,0,0
1773416046.132198,174.840,0.022,0,24,0,8,8,3,100,0,0
1773416048.130351,174.840,0.022,0,24,0,8,8,3,100,0,0
1773416050.129103,174.840,0.022,0,24,0,8,8,3,100,0,0
1773416052.131917,174.840,0.022,0,24,0,8,8,3,100,0,0
1773416054.131501,174.840,0.022,0,24,0,8,8,3,100,0,0
1773416056.131177,174.840,0.022,0,24,0,8,8,3,100,0,0
1773416058.131831,174.840,0.022,0,24,0,8,8,3,100,0,0
1773416060.129599,174.840,0.022,0,24,0,8,8,3,100,0,0
1773416062.132184,174.840,0.022,0,24,0,8,8,3,100,0,0
1773416064.131659,174.840,0.022,0,24,0,8,8,3,100,0,0
1773416066.131294,174.840,0.022,0,24,0,8,8,3,100,0,0
1773416068.132433,174.840,0.022,0,24,0,8,8,3,100,0,0
1773416070.130537,174.840,0.022,0,24,0,8,8,3,100,0,0
1773416072.132420,174.840,0.022,0,24,0,8,8,3,100,0,0
1773416074.132214,174.840,0.022,0,24,0,8,8,3,100,0,0
1773416076.133436,174.840,0.022,0,24,0,8,8,3,100,0,0
1773416078.129402,174.840,0.022,0,24,0,8,8,3,100,0,0
1773416080.132455,174.840,0.022,0,24,0,8,8,3,100,0,0
1773416082.132784,174.840,0.022,0,24,0,8,8,3,100,0,0
1773416084.129559,174.840,0.022,0,24,0,8,8,3,100,0,0
1773416086.131541,174.840,0.022,0,24,0,8,8,3,100,0,0
1773416088.131919,174.840,0.022,0,24,0,8,8,3,100,0,0
1773416090.133721,174.840,0.022,0,24,0,8,8,3,100,0,0
1773416092.129964,174.840,0.022,0,24,0,8,8,3,100,0,0
1773416094.129842,174.840,0.022,0,24,0,8,8,3,100,0,0
1773416096.132353,174.840,0.022,0,24,0,8,8,3,100,0,0
1773416098.132458,174.840,0.022,0,24,0,8,8,3,100,0,0
1773416100.132336,174.840,0.022,0,24,0,8,8,3,100,0,0
1773416102.131678,174.840,0.022,0,24,0,8,8,3,100,0,0
1773416104.133540,174.840,0.022,0,24,0,8,8,3,100,0,0
1773416106.131918,174.840,0.022,0,24,0,8,8,3,100,0,0
1773416108.131968,174.840,0.022,0,24,0,8,8,3,100,0,0
1773416110.129669,174.840,0.022,0,24,0,8,8,3,100,0,0
1773416112.131688,174.840,0.022,0,24,0,8,8,3,100,0,0
1773416114.132136,174.840,0.022,0,24,0,8,8,3,100,0,0
1773416116.131858,174.840,0.022,0,24,0,8,8,3,100,0,0
1773416118.132015,174.840,0.022,0,24,0,8,8,3,100,0,0
1773416120.131073,174.840,0.022,0,24,0,8,8,3,100,0,0
1773416122.132346,174.840,0.022,0,24,0,8,8,3,100,0,0
1773416124.131561,174.840,0.022,0,24,0,8,8,3,100,0,0
1773416126.147130,174.840,0.022,0,24,0,8,8,3,100,0,0
1773416128.147453,174.840,0.022,0,24,0,8,8,3,100,0,0
1773416130.146766,174.840,0.022,0,24,0,8,8,3,100,0,0
1773416132.147616,174.840,0.022,0,24,0,8,8,3,100,0,0
1773416134.161893,174.840,0.022,0,24,0,8,8,3,100,0,0
1773416136.177208,174.840,0.022,0,24,0,8,8,3,100,0,0
1773416138.192656,174.840,0.022,0,24,0,8,8,3,100,0,0
1773416140.208914,174.840,0.022,0,24,0,8,8,3,100,0,0
1773416142.208130,174.840,0.022,0,24,0,8,8,3,100,0,0
1773416144.208761,174.840,0.022,0,24,0,8,8,3,100,0,0
1773416146.208790,174.840,0.022,0,24,0,8,8,3,100,0,0
1773416148.211636,174.840,0.022,0,24,0,8,8,3,100,0,0
1773416150.208901,174.840,0.022,0,24,0,8,8,3,100,0,0
1773416152.209475,174.840,0.022,0,24,0,8,8,3,100,0,0
1773416154.209435,174.840,0.022,0,24,0,8,8,3,100,0,0
1773416156.208961,174.840,0.022,0,24,0,8,8,3,100,0,0
1773416158.208825,174.840,0.022,0,24,0,8,8,3,100,0,0
1773416160.209130,174.840,0.022,0,24,0,8,8,3,100,0,0
1773416162.211324,174.840,0.022,0,24,0,8,8,3,100,0,0
1773416164.208472,174.840,0.022,0,24,0,8,8,3,100,0,0
1773416166.208503,174.840,0.022,0,24,0,8,8,3,100,0,0
1773416168.208894,174.840,0.022,0,24,0,8,8,3,100,0,0
1773416170.208977,174.840,0.022,0,24,0,8,8,3,100,0,0
1773416172.208701,174.840,0.022,0,24,0,8,8,3,100,0,0
1773416174.209739,174.840,0.022,0,24,0,8,8,3,100,0,0
1773416176.210725,174.840,0.022,0,24,0,8,8,3,100,0,0
1773416178.208911,174.840,0.022,0,24,0,8,8,3,100,0,0
1773416180.208772,174.840,0.022,0,24,0,8,8,3,100,0,0
1773416182.208959,174.840,0.022,0,24,0,8,8,3,100,0,0
1773416184.207493,174.840,0.022,0,24,0,8,8,3,100,0,0
1773416186.208415,174.840,0.022,0,24,0,8,8,3,100,0,0
1773416188.209499,174.840,0.022,0,24,0,8,8,3,100,0,0
1773416190.210917,174.840,0.022,0,24,0,8,8,3,100,0,0
1773416192.208795,174.840,0.022,0,24,0,8,8,3,100,0,0
1773416194.208830,174.840,0.022,0,24,0,8,8,3,100,0,0
1773416196.209370,174.840,0.022,0,24,0,8,8,3,100,0,0
1773416198.208785,174.840,0.022,0,24,0,8,8,3,100,0,0
1773416200.209058,174.840,0.022,0,24,0,8,8,3,100,0,0
1773416202.208748,174.840,0.022,0,24,0,8,8,3,100,0,0
1773416204.209942,174.840,0.022,0,24,0,8,8,3,100,0,0
1773416206.208911,174.840,0.022,0,24,0,8,8,3,100,0,0
1773416208.208975,174.840,0.022,0,24,0,8,8,3,100,0,0
1773416210.207925,174.840,0.022,0,24,0,8,8,3,100,0,0
1773416212.208767,174.840,0.022,0,24,0,8,8,3,100,0,0
1773416214.209443,174.840,0.022,0,24,0,8,8,3,100,0,0
1773416216.209348,174.840,0.022,0,24,0,8,8,3,100,0,0
1773416218.210330,174.840,0.022,0,24,0,8,8,3,100,0,0
1773416220.209179,174.840,0.022,0,24,0,8,8,3,100,0,0
1773416222.209038,174.840,0.022,0,24,0,8,8,3,100,0,0
1773416224.208607,174.840,0.022,0,24,0,8,8,3,100,0,0
1773416226.209557,174.840,0.022,0,24,0,8,8,3,100,0,0
1773416228.210212,174.840,0.022,0,24,0,8,8,3,100,0,0
1773416230.209571,174.840,0.022,0,24,0,8,8,3,100,0,0
1773416232.210384,174.840,0.022,0,24,0,8,8,3,100,0,0
1773416234.208636,174.840,0.022,0,24,0,8,8,3,100,0,0
1773416236.208523,174.840,0.022,0,24,0,8,8,3,100,0,0
1773416238.208982,174.840,0.022,0,24,0,8,8,3,100,0,0
1773416240.207513,174.840,0.022,0,24,0,8,8,3,100,0,0
1773416242.209639,174.840,0.022,0,24,0,8,8,3,100,0,0
1773416244.208989,174.840,0.022,0,24,0,8,8,3,100,0,0
1773416246.209590,174.840,0.022,0,24,0,8,8,3,100,0,0
1773416248.208522,174.840,0.022,0,24,0,8,8,3,100,0,0
1773416250.209377,174.840,0.022,0,24,0,8,8,3,100,0,0
1773416252.208529,174.840,0.022,0,24,0,8,8,3,100,0,0
1773416254.210269,174.840,0.022,0,24,0,8,8,3,100,0,0
1773416256.208699,174.840,0.022,0,24,0,8,8,3,100,0,0
1773416258.209097,174.840,0.022,0,24,0,8,8,3,100,0,0
1773416260.210523,174.840,0.022,0,24,0,8,8,3,100,0,0
1773416262.208814,174.840,0.022,0,24,0,8,8,3,100,0,0
1773416264.210246,174.840,0.022,0,24,0,8,8,3,100,0,0
1773416266.208915,174.840,0.022,0,24,0,8,8,3,100,0,0
1773416268.208785,174.840,0.022,0,24,0,8,8,3,100,0,0
1773416270.208867,174.840,0.022,0,24,0,8,8,3,100,0,0
1773416272.208899,174.840,0.022,0,24,0,8,8,3,100,0,0
1773416274.212022,174.840,0.022,0,24,0,8,8,3,100,0,0
1773416276.208648,174.840,0.022,0,24,0,8,8,3,100,0,0
1773416278.209954,174.812,0.022,0,24,0,8,8,3,100,0,0
1773416280.208646,174.812,0.022,0,24,0,8,8,3,100,0,0
1773416282.208787,174.812,0.022,0,24,0,8,8,3,100,0,0
1773416284.209577,174.812,0.022,0,24,0,8,8,3,100,0,0
1773416286.209492,174.812,0.022,0,24,0,8,8,3,100,0,0
1773416288.210012,174.812,0.022,0,24,0,8,8,3,100,0,0
1773416290.209149,174.812,0.022,0,24,0,8,8,3,100,0,0
1773416292.208126,174.812,0.022,0,24,0,8,8,3,100,0,0
1773416294.209993,174.812,0.022,0,24,0,8,8,3,100,0,0
1773416296.208607,174.812,0.022,0,24,0,8,8,3,100,0,0
1773416298.209274,174.812,0.022,0,24,0,8,8,3,100,0,0
1773416300.209095,174.812,0.022,0,24,0,8,8,3,100,0,0
1773416302.209557,174.812,0.022,0,24,0,8,8,3,100,0,0
1773416304.209409,174.812,0.022,0,24,0,8,8,3,100,0,0
1773416306.208992,174.812,0.022,0,24,0,8,8,3,100,0,0
1773416308.209163,174.812,0.022,0,24,0,8,8,3,100,0,0
1773416310.209217,174.812,0.022,0,24,0,8,8,3,100,0,0
1773416312.208805,174.812,0.022,0,24,0,8,8,3,100,0,0
1773416314.208728,174.812,0.022,0,24,0,8,8,3,100,0,0
1773416316.209757,174.812,0.022,0,24,0,8,8,3,100,0,0
1773416318.209454,174.812,0.022,0,24,0,8,8,3,100,0,0
1773416320.209364,174.812,0.022,0,24,0,8,8,3,100,0,0
1773416322.208962,174.812,0.022,0,24,0,8,8,3,100,0,0
1773416324.209289,174.812,0.022,0,24,0,8,8,3,100,0,0
1773416326.210034,174.812,0.022,0,24,0,8,8,3,100,0,0
1773416328.210239,174.812,0.022,0,24,0,8,8,3,100,0,0
1773416330.209975,174.812,0.022,0,24,0,8,8,3,100,0,0
1773416332.208854,174.812,0.022,0,24,0,8,8,3,100,0,0
1773416334.208048,174.812,0.022,0,24,0,8,8,3,100,0,0
1773416336.209033,174.812,0.022,0,24,0,8,8,3,100,0,0
1773416338.208739,174.812,0.022,0,24,0,8,8,3,100,0,0
1773416340.208795,174.812,0.022,0,24,0,8,8,3,100,0,0
1773416342.209546,174.812,0.022,0,24,0,8,8,3,100,0,0
1773416344.211341,174.812,0.022,0,24,0,8,8,3,100,0,0
1773416346.208702,174.812,0.022,0,24,0,8,8,3,100,0,0
1773416348.209427,174.812,0.022,0,24,0,8,8,3,100,0,0
1773416350.209410,174.812,0.022,0,24,0,8,8,3,100,0,0
1773416352.207871,174.812,0.022,0,24,0,8,8,3,100,0,0
1773416354.209357,174.812,0.022,0,24,0,8,8,3,100,0,0
1773416356.208704,174.812,0.022,0,24,0,8,8,3,100,0,0
1773416358.210670,174.812,0.022,0,24,0,8,8,3,100,0,0
1773416360.208809,174.812,0.022,0,24,0,8,8,3,100,0,0
1773416362.208966,174.812,0.022,0,24,0,8,8,3,100,0,0
1773416364.209971,174.812,0.022,0,24,0,8,8,3,100,0,0
1773416366.208910,174.812,0.022,0,24,0,8,8,3,100,0,0
1773416368.209578,174.812,0.022,0,24,0,8,8,3,100,0,0
1773416370.209073,174.812,0.022,0,24,0,8,8,3,100,0,0
1773416372.210855,174.812,0.022,0,24,0,8,8,3,100,0,0
1773416374.209970,174.812,0.022,0,24,0,8,8,3,100,0,0
1773416376.209537,174.812,0.022,0,24,0,8,8,3,100,0,0
1773416378.209564,174.812,0.022,0,24,0,8,8,3,100,0,0
1773416380.209896,174.812,0.022,0,24,0,8,8,3,100,0,0
1773416382.209318,174.812,0.022,0,24,0,8,8,3,100,0,0
1773416384.208953,174.812,0.022,0,24,0,8,8,3,100,0,0
1773416386.209764,174.812,0.022,0,24,0,8,8,3,100,0,0
1773416388.209967,174.812,0.022,0,24,0,8,8,3,100,0,0
1773416390.209541,174.812,0.022,0,24,0,8,8,3,100,0,0
1773416392.209065,174.812,0.022,0,24,0,8,8,3,100,0,0
1773416394.208463,174.812,0.022,0,24,0,8,8,3,100,0,0
1773416396.210068,174.812,0.022,0,24,0,8,8,3,100,0,0
1773416398.208640,174.812,0.022,0,24,0,8,8,3,100,0,0
1773416400.209471,174.812,0.022,0,24,0,8,8,3,100,0,0
1773416402.208912,174.812,0.022,0,24,0,8,8,3,100,0,0
1773416404.208930,174.812,0.022,0,24,0,8,8,3,100,0,0
1773416406.209096,174.812,0.022,0,24,0,8,8,3,100,0,0
1773416408.210423,174.812,0.022,0,24,0,8,8,3,100,0,0
1773416410.208966,174.812,0.022,0,24,0,8,8,3,100,0,0
1773416412.209921,174.812,0.022,0,24,0,8,8,3,100,0,0
1773416414.210234,174.812,0.022,0,24,0,8,8,3,100,0,0
1773416416.209469,174.812,0.022,0,24,0,8,8,3,100,0,0
1773416418.209366,174.812,0.022,0,24,0,8,8,3,100,0,0
1773416420.209418,174.812,0.022,0,24,0,8,8,3,100,0,0
1773416422.208960,174.812,0.022,0,24,0,8,8,3,100,0,0
1773416424.208210,174.812,0.022,0,24,0,8,8,3,100,0,0
1773416426.208273,174.812,0.022,0,24,0,8,8,3,100,0,0
1773416428.210966,174.812,0.022,0,24,0,8,8,3,100,0,0
1773416430.209585,174.812,0.022,0,24,0,8,8,3,100,0,0
1773416432.209201,174.812,0.022,0,24,0,8,8,3,100,0,0
1773416434.208879,174.812,0.022,0,24,0,8,8,3,100,0,0
1773416436.208740,174.812,0.022,0,24,0,8,8,3,100,0,0
1773416438.209862,174.812,0.022,0,24,0,8,8,3,100,0,0
1773416440.209450,174.812,0.022,0,24,0,8,8,3,100,0,0
1773416442.210765,174.812,0.022,0,24,0,8,8,3,100,0,0
1773416444.208420,174.812,0.022,0,24,0,8,8,3,100,0,0
1773416446.209120,174.812,0.022,0,24,0,8,8,3,100,0,0
1773416448.207575,174.812,0.022,0,24,0,8,8,3,100,0,0
1773416450.209672,174.812,0.022,0,24,0,8,8,3,100,0,0
1773416452.209897,174.812,0.022,0,24,0,8,8,3,100,0,0
1773416454.209294,174.812,0.022,0,24,0,8,8,3,100,0,0
1773416456.209782,174.812,0.022,0,24,0,8,8,3,100,0,0
1773416458.209715,174.812,0.022,0,24,0,8,8,3,100,0,0
1773416460.209150,174.812,0.022,0,24,0,8,8,3,100,0,0
1773416462.209426,174.812,0.022,0,24,0,8,8,3,100,0,0
1773416464.209723,174.812,0.022,0,24,0,8,8,3,100,0,0
1773416466.209625,174.812,0.022,0,24,0,8,8,3,100,0,0
1773416468.210216,174.812,0.022,0,24,0,8,8,3,100,0,0
1773416470.210013,174.812,0.022,0,24,0,8,8,3,100,0,0
1773416472.209391,174.812,0.022,0,24,0,8,8,3,100,0,0
1773416474.209785,174.812,0.022,0,24,0,8,8,3,100,0,0
1773416476.209297,174.812,0.022,0,24,0,8,8,3,100,0,0
1773416478.209639,174.812,0.022,0,24,0,8,8,3,100,0,0
1773416480.209957,174.812,0.022,0,24,0,8,8,3,100,0,0
1773416482.210219,174.812,0.022,0,24,0,8,8,3,100,0,0
1773416484.210110,174.812,0.022,0,24,0,8,8,3,100,0,0
1773416486.208993,174.812,0.022,0,24,0,8,8,3,100,0,0
1773416488.208981,174.812,0.022,0,24,0,8,8,3,100,0,0
1773416490.209565,174.812,0.022,0,24,0,8,8,3,100,0,0
1773416492.209916,174.812,0.022,0,24,0,8,8,3,100,0,0
1773416494.209540,174.812,0.022,0,24,0,8,8,3,100,0,0
1773416496.210273,174.812,0.022,0,24,0,8,8,3,100,0,0
1773416498.211216,174.812,0.022,0,24,0,8,8,3,100,0,0
1773416500.208971,174.812,0.022,0,24,0,8,8,3,100,0,0
1773416502.208744,174.812,0.022,0,24,0,8,8,3,100,0,0
1773416504.209610,174.812,0.022,0,24,0,8,8,3,100,0,0
1773416506.208836,174.812,0.022,0,24,0,8,8,3,100,0,0
1773416508.208836,174.812,0.022,0,24,0,8,8,3,100,0,0
1773416510.209536,174.812,0.022,0,24,0,8,8,3,100,0,0
1773416512.211139,174.812,0.022,0,24,0,8,8,3,100,0,0
1773416514.209165,174.812,0.022,0,24,0,8,8,3,100,0,0
1773416516.209375,174.812,0.022,0,24,0,8,8,3,100,0,0
1773416518.208870,174.812,0.022,0,24,0,8,8,3,100,0,0
1773416520.210372,174.812,0.022,0,24,0,8,8,3,100,0,0
1773416522.209840,174.812,0.022,0,24,0,8,8,3,100,0,0
1773416524.210259,174.812,0.022,0,24,0,8,8,3,100,0,0
1773416526.210711,174.812,0.022,0,24,0,8,8,3,100,0,0
1773416528.209534,174.812,0.022,0,24,0,8,8,3,100,0,0
1773416530.209882,174.812,0.022,0,24,0,8,8,3,100,0,0
1773416532.210156,174.812,0.022,0,24,0,8,8,3,100,0,0
1773416534.209144,174.812,0.022,0,24,0,8,8,3,100,0,0
1773416536.209333,174.812,0.022,0,24,0,8,8,3,100,0,0
1773416538.209936,174.812,0.022,0,24,0,8,8,3,100,0,0
1773416540.210058,174.812,0.022,0,24,0,8,8,3,100,0,0
1773416542.209235,174.812,0.022,0,24,0,8,8,3,100,0,0
1773416544.209568,174.812,0.022,0,24,0,8,8,3,100,0,0
1773416546.209747,174.812,0.022,0,24,0,8,8,3,100,0,0
1773416548.209189,174.812,0.022,0,24,0,8,8,3,100,0,0
1773416550.209836,174.812,0.022,0,24,0,8,8,3,100,0,0
1773416552.210209,174.812,0.022,0,24,0,8,8,3,100,0,0
1773416554.211065,174.812,0.022,0,24,0,8,8,3,100,0,0
1773416556.210773,174.812,0.022,0,24,0,8,8,3,100,0,0
1773416558.209049,174.812,0.022,0,24,0,8,8,3,100,0,0
1773416560.209298,174.812,0.022,0,24,0,8,8,3,100,0,0
1773416562.209073,174.812,0.022,0,24,0,8,8,3,100,0,0
1773416564.209063,174.812,0.022,0,24,0,8,8,3,100,0,0
1773416566.209614,174.812,0.022,0,24,0,8,8,3,100,0,0
1773416568.211056,174.812,0.022,0,24,0,8,8,3,100,0,0
1773416570.209867,174.812,0.022,0,24,0,8,8,3,100,0,0
1773416572.209470,174.812,0.022,0,24,0,8,8,3,100,0,0
1773416574.209042,174.812,0.022,0,24,0,8,8,3,100,0,0
1773416576.210580,174.812,0.022,0,24,0,8,8,3,100,0,0
1773416578.209818,174.812,0.022,0,24,0,8,8,3,100,0,0
1773416580.209146,174.812,0.022,0,24,0,8,8,3,100,0,0
1773416582.210022,174.812,0.022,0,24,0,8,8,3,100,0,0
1773416584.209238,174.812,0.022,0,24,0,8,8,3,100,0,0
1773416586.209675,174.812,0.022,0,24,0,8,8,3,100,0,0
1773416588.209210,174.812,0.022,0,24,0,8,8,3,100,0,0
1773416590.209652,174.812,0.022,0,24,0,8,8,3,100,0,0
1773416592.209913,174.812,0.022,0,24,0,8,8,3,100,0,0
1773416594.209660,174.812,0.022,0,24,0,8,8,3,100,0,0
1773416596.210159,174.812,0.022,0,24,0,8,8,3,100,0,0
1773416598.209219,174.812,0.022,0,24,0,8,8,3,100,0,0
1773416600.210753,174.812,0.022,0,24,0,8,8,3,100,0,0
1773416602.209279,174.812,0.022,0,24,0,8,8,3,100,0,0
1773416604.210588,174.812,0.022,0,24,0,8,8,3,100,0,0
1773416606.209583,174.812,0.022,0,24,0,8,8,3,100,0,0
1773416608.209802,174.812,0.022,0,24,0,8,8,3,100,0,0
1773416610.209836,174.812,0.022,0,24,0,8,8,3,100,0,0
1773416612.209368,174.812,0.022,0,24,0,8,8,3,100,0,0
1773416614.209187,174.812,0.022,0,24,0,8,8,3,100,0,0
1773416616.209611,174.812,0.022,0,24,0,8,8,3,100,0,0
1773416618.209774,174.812,0.022,0,24,0,8,8,3,100,0,0
1773416620.209042,174.812,0.022,0,24,0,8,8,3,100,0,0
1773416622.209157,174.812,0.022,0,24,0,8,8,3,100,0,0
1773416624.210071,174.812,0.022,0,24,0,8,8,3,100,0,0
1773416626.209322,174.812,0.022,0,24,0,8,8,3,100,0,0
1773416628.209127,174.812,0.022,0,24,0,8,8,3,100,0,0
1773416630.211022,174.812,0.022,0,24,0,8,8,3,100,0,0
1773416632.209593,174.812,0.022,0,24,0,8,8,3,100,0,0
1773416634.209356,174.812,0.022,0,24,0,8,8,3,100,0,0
1773416636.209431,174.812,0.022,0,24,0,8,8,3,100,0,0
1773416638.213171,174.812,0.022,0,24,0,8,8,3,100,0,0
1773416640.209455,174.812,0.022,0,24,0,8,8,3,100,0,0
1773416642.209622,174.812,0.022,0,24,0,8,8,3,100,0,0
1773416644.208908,174.812,0.022,0,24,0,8,8,3,100,0,0
1773416646.208097,174.812,0.022,0,24,0,8,8,3,100,0,0
1773416648.209441,174.812,0.022,0,24,0,8,8,3,100,0,0
1773416650.209221,174.812,0.022,0,24,0,8,8,3,100,0,0
1773416652.210936,174.812,0.022,0,24,0,8,8,3,100,0,0
1773416654.209119,174.812,0.022,0,24,0,8,8,3,100,0,0
1773416656.208148,174.812,0.022,0,24,0,8,8,3,100,0,0
1773416658.209391,174.812,0.022,0,24,0,8,8,3,100,0,0
1773416660.209288,174.812,0.022,0,24,0,8,8,3,100,0,0
1773416662.209090,174.812,0.022,0,24,0,8,8,3,100,0,0
1773416664.209905,174.812,0.022,0,24,0,8,8,3,100,0,0
1773416666.211371,174.812,0.022,0,24,0,8,8,3,100,0,0
1773416668.209866,174.812,0.022,0,24,0,8,8,3,100,0,0
1773416670.208890,174.812,0.022,0,24,0,8,8,3,100,0,0
1773416672.210680,174.812,0.022,0,24,0,8,8,3,100,0,0
1773416674.210725,174.812,0.022,0,24,0,8,8,3,100,0,0
1773416676.209509,174.812,0.022,0,24,0,8,8,3,100,0,0
1773416678.209692,174.812,0.022,0,24,0,8,8,3,100,0,0
1773416680.210740,174.812,0.022,0,24,0,8,8,3,100,0,0
1773416682.209332,174.812,0.022,0,24,0,8,8,3,100,0,0
1773416684.210235,174.812,0.022,0,24,0,8,8,3,100,0,0
1773416686.208971,174.812,0.022,0,24,0,8,8,3,100,0,0
1773416688.209779,174.812,0.022,0,24,0,8,8,3,100,0,0
1773416690.209831,174.812,0.022,0,24,0,8,8,3,100,0,0
1773416692.208957,174.812,0.022,0,24,0,8,8,3,100,0,0
1773416694.209016,174.812,0.022,0,24,0,8,8,3,100,0,0
1773416696.209826,174.812,0.022,0,24,0,8,8,3,100,0,0
1773416698.209255,174.812,0.022,0,24,0,8,8,3,100,0,0
1773416700.210039,174.812,0.022,0,24,0,8,8,3,100,0,0
1773416702.209079,174.812,0.022,0,24,0,8,8,3,100,0,0
1773416704.209897,174.812,0.022,0,24,0,8,8,3,100,0,0
1773416706.209893,174.812,0.022,0,24,0,8,8,3,100,0,0
1773416708.209941,174.812,0.022,0,24,0,8,8,3,100,0,0
1773416710.209256,174.812,0.022,0,24,0,8,8,3,100,0,0
1773416712.209883,174.812,0.022,0,24,0,8,8,3,100,0,0
1773416714.209669,174.812,0.022,0,24,0,8,8,3,100,0,0
1773416716.208779,174.812,0.022,0,24,0,8,8,3,100,0,0
1773416718.209239,174.812,0.022,0,24,0,8,8,3,100,0,0
1773416720.209501,174.812,0.022,0,24,0,8,8,3,100,0,0
1773416722.210904,174.812,0.022,0,24,0,8,8,3,100,0,0
1773416724.209309,174.812,0.022,0,24,0,8,8,3,100,0,0
1773416726.209755,174.812,0.022,0,24,0,8,8,3,100,0,0
1773416728.209433,174.812,0.022,0,24,0,8,8,3,100,0,0
1773416730.209113,174.812,0.022,0,24,0,8,8,3,100,0,0
1773416732.210197,174.812,0.022,0,24,0,8,8,3,100,0,0
1773416734.210293,174.812,0.022,0,24,0,8,8,3,100,0,0
1773416736.208780,174.812,0.022,0,24,0,8,8,3,100,0,0
1773416738.209634,174.812,0.022,0,24,0,8,8,3,100,0,0
1773416740.209783,174.812,0.022,0,24,0,8,8,3,100,0,0
1773416742.208955,174.812,0.022,0,24,0,8,8,3,100,0,0
1773416744.208977,174.812,0.022,0,24,0,8,8,3,100,0,0
1773416746.209160,174.812,0.022,0,24,0,8,8,3,100,0,0
1773416748.210352,174.812,0.022,0,24,0,8,8,3,100,0,0
1773416750.210583,174.812,0.022,0,24,0,8,8,3,100,0,0
1773416752.209487,174.812,0.022,0,24,0,8,8,3,100,0,0
1773416754.209403,174.812,0.022,0,24,0,8,8,3,100,0,0
1773416756.210128,174.812,0.022,0,24,0,8,8,3,100,0,0
1773416758.209709,174.812,0.022,0,24,0,8,8,3,100,0,0
1773416760.209805,174.812,0.022,0,24,0,8,8,3,100,0,0
1773416762.209209,174.812,0.022,0,24,0,8,8,3,100,0,0
1773416764.211446,174.812,0.022,0,24,0,8,8,3,100,0,0
1773416766.209440,174.812,0.022,0,24,0,8,8,3,100,0,0
1773416768.209599,174.812,0.022,0,24,0,8,8,3,100,0,0
1773416770.210113,174.812,0.022,0,24,0,8,8,3,100,0,0
1773416772.209126,174.812,0.022,0,24,0,8,8,3,100,0,0
1773416774.209038,174.812,0.022,0,24,0,8,8,3,100,0,0
1773416776.210387,174.812,0.022,0,24,0,8,8,3,100,0,0
1773416778.209376,174.812,0.022,0,24,0,8,8,3,100,0,0
1773416780.210113,174.812,0.022,0,24,0,8,8,3,100,0,0
1773416782.208992,174.812,0.022,0,24,0,8,8,3,100,0,0
1773416784.209714,174.812,0.022,0,24,0,8,8,3,100,0,0
1773416786.210517,174.812,0.022,0,24,0,8,8,3,100,0,0
1773416788.209058,174.812,0.022,0,24,0,8,8,3,100,0,0
1773416790.209130,174.812,0.022,0,24,0,8,8,3,100,0,0
1773416792.212225,174.812,0.022,0,24,0,8,8,3,100,0,0
1773416794.209034,174.812,0.022,0,24,0,8,8,3,100,0,0
1773416796.210977,174.812,0.022,0,24,0,8,8,3,100,0,0
1773416798.209476,174.812,0.022,0,24,0,8,8,3,100,0,0
1773416800.208148,174.812,0.022,0,24,0,8,8,3,100,0,0
1773416802.209399,174.812,0.022,0,24,0,8,8,3,100,0,0
1773416804.210602,174.812,0.022,0,24,0,8,8,3,100,0,0
1773416806.211729,174.812,0.022,0,24,0,8,8,3,100,0,0
1773416808.210395,174.812,0.022,0,24,0,8,8,3,100,0,0
1773416810.210199,174.812,0.022,0,24,0,8,8,3,100,0,0
1773416812.209709,174.812,0.022,0,24,0,8,8,3,100,0,0
1773416814.209721,174.812,0.022,0,24,0,8,8,3,100,0,0
1773416816.210793,174.812,0.022,0,24,0,8,8,3,100,0,0
1773416818.210451,174.812,0.022,0,24,0,8,8,3,100,0,0
1773416820.210824,174.812,0.022,0,24,0,8,8,3,100,0,0
1773416822.209148,174.812,0.022,0,24,0,8,8,3,100,0,0
1773416824.210557,174.812,0.022,0,24,0,8,8,3,100,0,0
1773416826.210770,174.812,0.022,0,24,0,8,8,3,100,0,0
1773416828.209416,174.812,0.022,0,24,0,8,8,3,100,0,0
1773416830.209650,174.812,0.022,0,24,0,8,8,3,100,0,0
1773416832.210207,174.812,0.022,0,24,0,8,8,3,100,0,0
1773416834.211567,174.812,0.022,0,24,0,8,8,3,100,0,0
1773416836.210260,174.812,0.022,0,24,0,8,8,3,100,0,0
1773416838.209799,174.812,0.022,0,24,0,8,8,3,100,0,0
1773416840.210785,174.812,0.022,0,24,0,8,8,3,100,0,0
1773416842.209515,174.812,0.022,0,24,0,8,8,3,100,0,0
1773416844.210067,174.812,0.022,0,24,0,8,8,3,100,0,0
1773416846.209663,174.812,0.022,0,24,0,8,8,3,100,0,0
1773416848.211382,174.812,0.022,0,24,0,8,8,3,100,0,0
1773416850.209273,174.812,0.022,0,24,0,8,8,3,100,0,0
1773416852.209549,174.812,0.022,0,24,0,8,8,3,100,0,0
1773416854.210236,174.812,0.022,0,24,0,8,8,3,100,0,0
1773416856.210701,174.812,0.022,0,24,0,8,8,3,100,0,0
1773416858.210047,174.812,0.022,0,24,0,8,8,3,100,0,0
1773416860.210284,174.812,0.022,0,24,0,8,8,3,100,0,0
1773416862.211549,174.812,0.022,0,24,0,8,8,3,100,0,0
1773416864.210216,174.812,0.022,0,24,0,8,8,3,100,0,0
1773416866.210259,174.812,0.022,0,24,0,8,8,3,100,0,0
1773416868.209441,174.812,0.022,0,24,0,8,8,3,100,0,0
1773416870.210566,174.812,0.022,0,24,0,8,8,3,100,0,0
1773416872.210012,174.812,0.022,0,24,0,8,8,3,100,0,0
1773416874.210116,174.812,0.022,0,24,0,8,8,3,100,0,0
1773416876.211750,174.812,0.022,0,24,0,8,8,3,100,0,0
1773416878.209399,174.812,0.022,0,24,0,8,8,3,100,0,0
1773416880.209520,174.812,0.022,0,24,0,8,8,3,100,0,0
1773416882.210525,174.812,0.022,0,24,0,8,8,3,100,0,0
1773416884.208326,174.812,0.022,0,24,0,8,8,3,100,0,0
1773416886.208221,174.812,0.022,0,24,0,8,8,3,100,0,0
1773416888.211059,174.812,0.022,0,24,0,8,8,3,100,0,0
1773416890.210853,174.812,0.022,0,24,0,8,8,3,100,0,0
1773416892.209765,174.812,0.022,0,24,0,8,8,3,100,0,0
1773416894.210934,174.812,0.022,0,24,0,8,8,3,100,0,0
1773416896.209266,174.812,0.022,0,24,0,8,8,3,100,0,0
1773416898.210034,174.812,0.022,0,24,0,8,8,3,100,0,0
1773416900.209583,174.812,0.022,0,24,0,8,8,3,100,0,0
1773416902.209492,174.812,0.022,0,24,0,8,8,3,100,0,0
1773416904.211551,174.812,0.022,0,24,0,8,8,3,100,0,0
1773416906.211051,174.812,0.022,0,24,0,8,8,3,100,0,0
1773416908.209836,174.812,0.022,0,24,0,8,8,3,100,0,0
1773416910.210428,174.812,0.022,0,24,0,8,8,3,100,0,0
1773416912.209491,174.812,0.022,0,24,0,8,8,3,100,0,0
1773416914.209361,174.812,0.022,0,24,0,8,8,3,100,0,0
1773416916.209718,174.812,0.022,0,24,0,8,8,3,100,0,0
1773416918.210073,174.812,0.022,0,24,0,8,8,3,100,0,0
1773416920.209572,174.812,0.022,0,24,0,8,8,3,100,0,0
1773416922.209333,174.812,0.022,0,24,0,8,8,3,100,0,0
1773416924.209912,174.812,0.022,0,24,0,8,8,3,100,0,0
1773416926.210181,174.812,0.022,0,24,0,8,8,3,100,0,0
1773416928.208181,174.812,0.022,0,24,0,8,8,3,100,0,0
1773416930.211320,174.812,0.022,0,24,0,8,8,3,100,0,0
1773416932.212515,174.812,0.022,0,24,0,8,8,3,100,0,0
1773416934.209586,174.812,0.022,0,24,0,8,8,3,100,0,0
1773416936.210380,174.812,0.022,0,24,0,8,8,3,100,0,0
1773416938.210211,174.812,0.022,0,24,0,8,8,3,100,0,0
1773416940.209533,174.812,0.022,0,24,0,8,8,3,100,0,0
1773416942.209914,174.812,0.022,0,24,0,8,8,3,100,0,0
1773416944.209936,174.812,0.022,0,24,0,8,8,3,100,0,0
1773416946.210666,174.812,0.022,0,24,0,8,8,3,100,0,0
1773416948.210420,174.812,0.022,0,24,0,8,8,3,100,0,0
1773416950.210146,174.812,0.022,0,24,0,8,8,3,100,0,0
1773416952.209850,174.812,0.022,0,24,0,8,8,3,100,0,0
1773416954.209269,174.812,0.022,0,24,0,8,8,3,100,0,0
1773416956.209405,174.812,0.022,0,24,0,8,8,3,100,0,0
1773416958.210685,174.812,0.022,0,24,0,8,8,3,100,0,0
1773416960.210344,174.812,0.022,0,24,0,8,8,3,100,0,0
1773416962.209427,174.812,0.022,0,24,0,8,8,3,100,0,0
1773416964.209532,174.812,0.022,0,24,0,8,8,3,100,0,0
1773416966.210114,174.812,0.022,0,24,0,8,8,3,100,0,0
1773416968.209801,174.812,0.022,0,24,0,8,8,3,100,0,0
1773416970.209125,174.812,0.022,0,24,0,8,8,3,100,0,0
1773416972.210980,174.812,0.022,0,24,0,8,8,3,100,0,0
1773416974.211430,174.812,0.022,0,24,0,8,8,3,100,0,0
1773416976.208996,174.812,0.022,0,24,0,8,8,3,100,0,0
1773416978.209652,174.812,0.022,0,24,0,8,8,3,100,0,0
1773416980.210612,174.812,0.022,0,24,0,8,8,3,100,0,0
1773416982.209281,174.812,0.022,0,24,0,8,8,3,100,0,0
1773416984.209430,174.812,0.022,0,24,0,8,8,3,100,0,0
1773416986.208828,174.812,0.022,0,24,0,8,8,3,100,0,0
1773416988.210764,174.812,0.022,0,24,0,8,8,3,100,0,0
1773416990.209538,174.812,0.022,0,24,0,8,8,3,100,0,0
1773416992.209767,174.812,0.022,0,24,0,8,8,3,100,0,0
1773416994.210748,174.812,0.022,0,24,0,8,8,3,100,0,0
1773416996.209490,174.812,0.022,0,24,0,8,8,3,100,0,0
1773416998.209334,174.812,0.022,0,24,0,8,8,3,100,0,0
1773417000.209943,174.812,0.022,0,24,0,8,8,3,100,0,0
1773417002.211683,174.812,0.022,0,24,0,8,8,3,100,0,0
1773417004.209477,174.812,0.022,0,24,0,8,8,3,100,0,0
1773417006.210728,174.812,0.022,0,24,0,8,8,3,100,0,0
1773417008.210169,174.812,0.022,0,24,0,8,8,3,100,0,0
1773417010.210151,174.812,0.022,0,24,0,8,8,3,100,0,0
1773417012.210200,174.812,0.022,0,24,0,8,8,3,100,0,0
1773417014.209340,174.812,0.022,0,24,0,8,8,3,100,0,0
1773417016.210817,174.812,0.022,0,24,0,8,8,3,100,0,0
1773417018.210501,174.812,0.022,0,24,0,8,8,3,100,0,0
1773417020.210873,174.812,0.022,0,24,0,8,8,3,100,0,0
1773417022.210609,174.812,0.022,0,24,0,8,8,3,100,0,0
1773417024.209509,174.812,0.022,0,24,0,8,8,3,100,0,0
1773417026.209637,174.812,0.022,0,24,0,8,8,3,100,0,0
1773417028.209298,174.812,0.022,0,24,0,8,8,3,100,0,0
1773417030.209652,174.812,0.022,0,24,0,8,8,3,100,0,0
1773417032.209644,174.812,0.022,0,24,0,8,8,3,100,0,0
1773417034.209745,174.812,0.022,0,24,0,8,8,3,100,0,0
1773417036.210455,174.812,0.022,0,24,0,8,8,3,100,0,0
1773417038.210125,174.812,0.022,0,24,0,8,8,3,100,0,0
1773417040.210098,174.812,0.022,0,24,0,8,8,3,100,0,0
1773417042.208436,174.812,0.022,0,24,0,8,8,3,100,0,0
1773417044.209847,174.812,0.022,0,24,0,8,8,3,100,0,0
1773417046.209305,174.812,0.022,0,24,0,8,8,3,100,0,0
1773417048.210629,174.812,0.022,0,24,0,8,8,3,100,0,0
1773417050.210252,174.812,0.022,0,24,0,8,8,3,100,0,0
1773417052.209588,174.812,0.022,0,24,0,8,8,3,100,0,0
1773417054.209813,174.812,0.022,0,24,0,8,8,3,100,0,0
1773417056.209842,174.812,0.022,0,24,0,8,8,3,100,0,0
1773417058.211501,174.812,0.022,0,24,0,8,8,3,100,0,0
1773417060.209370,174.812,0.022,0,24,0,8,8,3,100,0,0
1773417062.209360,174.812,0.022,0,24,0,8,8,3,100,0,0
1773417064.209190,174.812,0.022,0,24,0,8,8,3,100,0,0
1773417066.209761,174.812,0.022,0,24,0,8,8,3,100,0,0
1773417068.210395,174.812,0.022,0,24,0,8,8,3,100,0,0
1773417070.209458,174.812,0.022,0,24,0,8,8,3,100,0,0
1773417072.211842,174.812,0.022,0,24,0,8,8,3,100,0,0
1773417074.209767,174.812,0.022,0,24,0,8,8,3,100,0,0
1773417076.209005,174.812,0.022,0,24,0,8,8,3,100,0,0
1773417078.209470,174.812,0.022,0,24,0,8,8,3,100,0,0
1773417080.210654,174.812,0.022,0,24,0,8,8,3,100,0,0
1773417082.209897,174.812,0.022,0,24,0,8,8,3,100,0,0
1773417084.209880,174.812,0.022,0,24,0,8,8,3,100,0,0
1773417086.212483,174.812,0.022,0,24,0,8,8,3,100,0,0
1773417088.209722,174.812,0.022,0,24,0,8,8,3,100,0,0
1773417090.210925,174.812,0.022,0,24,0,8,8,3,100,0,0
1773417092.210720,174.812,0.022,0,24,0,8,8,3,100,0,0
1773417094.209476,174.812,0.022,0,24,0,8,8,3,100,0,0
1773417096.209696,174.812,0.022,0,24,0,8,8,3,100,0,0
1773417098.210534,174.812,0.022,0,24,0,8,8,3,100,0,0
1773417100.209569,174.812,0.022,0,24,0,8,8,3,100,0,0
1773417102.210256,174.812,0.022,0,24,0,8,8,3,100,0,0
1773417104.210245,174.812,0.022,0,24,0,8,8,3,100,0,0
1773417106.209670,174.812,0.022,0,24,0,8,8,3,100,0,0
1773417108.209977,174.812,0.022,0,24,0,8,8,3,100,0,0
1773417110.209846,174.812,0.022,0,24,0,8,8,3,100,0,0
1773417112.209830,174.812,0.022,0,24,0,8,8,3,100,0,0
1773417114.212762,174.812,0.022,0,24,0,8,8,3,100,0,0
1773417116.208981,174.812,0.022,0,24,0,8,8,3,100,0,0
1773417118.209679,174.812,0.022,0,24,0,8,8,3,100,0,0
1773417120.209818,174.812,0.022,0,24,0,8,8,3,100,0,0
1773417122.210129,174.812,0.022,0,24,0,8,8,3,100,0,0
1773417124.209568,174.812,0.022,0,24,0,8,8,3,100,0,0
1773417126.209198,174.812,0.022,0,24,0,8,8,3,100,0,0
1773417128.209919,174.812,0.022,0,24,0,8,8,3,100,0,0
1773417130.210269,174.812,0.022,0,24,0,8,8,3,100,0,0
1773417132.209628,174.812,0.022,0,24,0,8,8,3,100,0,0
1773417134.209581,174.812,0.022,0,24,0,8,8,3,100,0,0
1773417136.212497,174.812,0.022,0,24,0,8,8,3,100,0,0
1773417138.210274,174.812,0.022,0,24,0,8,8,3,100,0,0
1773417140.208712,174.812,0.022,0,24,0,8,8,3,100,0,0
1773417142.210500,174.812,0.022,0,24,0,8,8,3,100,0,0
1773417144.209599,174.812,0.022,0,24,0,8,8,3,100,0,0
1773417146.209743,174.812,0.022,0,24,0,8,8,3,100,0,0
1773417148.209902,174.812,0.022,0,24,0,8,8,3,100,0,0
1773417150.209753,174.812,0.022,0,24,0,8,8,3,100,0,0
1773417152.210276,174.812,0.022,0,24,0,8,8,3,100,0,0
1773417154.208488,174.812,0.022,0,24,0,8,8,3,100,0,0
1773417156.210895,174.812,0.022,0,24,0,8,8,3,100,0,0
1773417158.209639,174.812,0.022,0,24,0,8,8,3,100,0,0
1773479371.554854,149.941,0.000,0,24,0,8,8,3,100,0,0
1773479373.539783,149.949,0.000,0,24,0,8,8,3,100,0,0
1773479375.538116,149.949,0.000,0,24,0,8,8,3,100,0,0
1773479377.537651,149.949,0.000,0,24,0,8,8,3,100,0,0
1773479379.538416,149.949,0.000,0,24,0,8,8,3,100,0,0
1773479381.536862,149.949,0.000,0,24,0,8,8,3,100,0,0
1773479383.538103,149.949,0.000,0,24,0,8,8,3,100,0,0
1773479385.536126,149.949,0.000,0,24,0,8,8,3,100,0,0
1773479387.537968,149.949,0.000,0,24,0,8,8,3,100,0,0
1773479389.539155,149.953,0.000,0,24,0,8,8,3,100,0,0
1773479391.538779,149.953,0.000,0,24,0,8,8,3,100,0,0
1773479393.536573,149.953,0.000,0,24,0,8,8,3,100,0,0
1773479395.537345,149.953,0.000,0,24,0,8,8,3,100,0,0
1773479397.534666,149.699,0.000,0,24,0,8,8,3,100,0,0
1773479399.537474,149.699,0.000,0,24,0,8,8,3,100,0,0
1773479401.538498,149.699,0.000,0,24,0,8,8,3,100,0,0
1773479403.535104,149.699,0.000,0,24,0,8,8,3,100,0,0
1773479405.538332,149.699,0.000,0,24,0,8,8,3,100,0,0
1773479407.538687,149.703,0.000,0,24,0,8,8,3,100,0,0
1773479409.539141,149.707,0.000,0,24,0,8,8,3,100,0,0
1773479411.535185,149.707,0.000,0,24,0,8,8,3,100,0,0
1773479413.536257,149.707,0.000,0,24,0,8,8,3,100,0,0
1773479415.536372,149.707,0.000,0,24,0,8,8,3,100,0,0
1773479417.537086,149.707,0.000,0,24,0,8,8,3,100,0,0
1773479419.537969,149.707,0.000,0,24,0,8,8,3,100,0,0
1773479421.537415,149.707,0.000,0,24,0,8,8,3,100,0,0
1773479423.536556,149.707,0.000,0,24,0,8,8,3,100,0,0
1773479425.537556,149.707,0.000,0,24,0,8,8,3,100,0,0
1773479427.535785,149.668,0.000,0,24,0,8,8,3,100,0,0
1773479429.536914,149.672,0.000,0,24,0,8,8,3,100,0,0
1773479431.539389,149.672,0.000,0,24,0,8,8,3,100,0,0
1773479433.536639,149.672,0.000,0,24,0,8,8,3,100,0,0
1773479435.537976,149.672,0.000,0,24,0,8,8,3,100,0,0
1773479437.536620,149.672,0.000,0,24,0,8,8,3,100,0,0
1773479439.537319,149.672,0.000,0,24,0,8,8,3,100,0,0
1773479441.539867,149.672,0.000,0,24,0,8,8,3,100,0,0
1773479443.534989,149.672,0.000,0,24,0,8,8,3,100,0,0
1773479445.535273,149.672,0.000,0,24,0,8,8,3,100,0,0
1773479447.538412,149.672,0.000,0,24,0,8,8,3,100,0,0
1773479449.536727,149.676,0.000,0,24,0,8,8,3,100,0,0
1773479451.542525,149.676,0.000,0,24,0,8,8,3,100,0,0
1773479453.539174,149.676,0.000,0,24,0,8,8,3,100,0,0
1773479455.536083,149.676,0.000,0,24,0,8,8,3,100,0,0
1773479457.538132,149.656,0.000,0,24,0,8,8,3,100,0,0
1773479459.535478,149.656,0.000,0,24,0,8,8,3,100,0,0
1773479461.538795,149.656,0.000,0,24,0,8,8,3,100,0,0
1773479463.538227,149.656,0.000,0,24,0,8,8,3,100,0,0
1773479465.553295,149.656,0.000,0,24,0,8,8,3,100,0,0
1773479467.550558,149.656,0.000,0,24,0,8,8,3,100,0,0
1773479469.553102,149.660,0.000,0,24,0,8,8,3,100,0,0
1773479471.551507,149.660,0.000,0,24,0,8,8,3,100,0,0
1773479473.554295,149.660,0.000,0,24,0,8,8,3,100,0,0
1773479475.553885,149.664,0.000,0,24,0,8,8,3,100,0,0
1773479477.551248,149.664,0.000,0,24,0,8,8,3,100,0,0
1773479479.553153,149.664,0.000,0,24,0,8,8,3,100,0,0
1773479481.553564,149.664,0.000,0,24,0,8,8,3,100,0,0
1773479483.553553,149.664,0.000,0,24,0,8,8,3,100,0,0
1773479485.553227,149.664,0.000,0,24,0,8,8,3,100,0,0
1773479487.552331,149.664,0.000,0,24,0,8,8,3,100,0,0
1773479489.552145,149.668,0.000,0,24,0,8,8,3,100,0,0
1773479491.553098,149.680,0.000,0,24,0,8,8,3,100,0,0
1773479493.554055,149.680,0.000,0,24,0,8,8,3,100,0,0
1773479495.553577,149.680,0.000,0,24,0,8,8,3,100,0,0
1773479497.552868,149.680,0.000,0,24,0,8,8,3,100,0,0
1773479499.553529,149.680,0.000,0,24,0,8,8,3,100,0,0
1773479501.553230,149.680,0.000,0,24,0,8,8,3,100,0,0
1773479503.553969,149.680,0.000,0,24,0,8,8,3,100,0,0
1773479505.553223,149.680,0.000,0,24,0,8,8,3,100,0,0
1773479507.553055,149.680,0.000,0,24,0,8,8,3,100,0,0
1773479509.550467,149.684,0.000,0,24,0,8,8,3,100,0,0
1773479511.551607,149.684,0.000,0,24,0,8,8,3,100,0,0
1773479513.553256,149.684,0.000,0,24,0,8,8,3,100,0,0
1773479515.553031,149.684,0.000,0,24,0,8,8,3,100,0,0
1773479517.553168,149.684,0.000,0,24,0,8,8,3,100,0,0
1773479519.551446,149.684,0.000,0,24,0,8,8,3,100,0,0
1773479521.551020,149.684,0.000,0,24,0,8,8,3,100,0,0
1773479523.550888,149.684,0.000,0,24,0,8,8,3,100,0,0
1773479525.553080,149.684,0.000,0,24,0,8,8,3,100,0,0
1773479527.554091,149.684,0.000,0,24,0,8,8,3,100,0,0
1773479529.553365,149.688,0.000,0,24,0,8,8,3,100,0,0
1773479531.553902,149.688,0.000,0,24,0,8,8,3,100,0,0
1773479533.553125,149.688,0.000,0,24,0,8,8,3,100,0,0
1773479535.553265,149.688,0.000,0,24,0,8,8,3,100,0,0
1773479537.552761,149.688,0.000,0,24,0,8,8,3,100,0,0
1773479539.552877,149.688,0.000,0,24,0,8,8,3,100,0,0
1773479541.550249,149.691,0.000,0,24,0,8,8,3,100,0,0
1773479543.553596,149.691,0.000,0,24,0,8,8,3,100,0,0
1773479545.552628,149.691,0.000,0,24,0,8,8,3,100,0,0
1773479547.553333,149.680,0.000,0,24,0,8,8,3,100,0,0
1773479549.553407,149.684,0.000,0,24,0,8,8,3,100,0,0
1773479551.550671,149.684,0.000,0,24,0,8,8,3,100,0,0
1773479553.553212,149.684,0.000,0,24,0,8,8,3,100,0,0
1773479555.553090,149.684,0.000,0,24,0,8,8,3,100,0,0
1773479557.553622,149.684,0.000,0,24,0,8,8,3,100,0,0
1773479559.553622,149.684,0.000,0,24,0,8,8,3,100,0,0
1773479561.551203,149.684,0.000,0,24,0,8,8,3,100,0,0
1773479563.551115,149.684,0.000,0,24,0,8,8,3,100,0,0
1773479565.552959,149.684,0.000,0,24,0,8,8,3,100,0,0
1773479567.552886,149.684,0.000,0,24,0,8,8,3,100,0,0
1773479569.552847,149.688,0.000,0,24,0,8,8,3,100,0,0
1773479571.552270,149.688,0.000,0,24,0,8,8,3,100,0,0
1773479573.551943,149.688,0.000,0,24,0,8,8,3,100,0,0
1773479575.550441,149.688,0.000,0,24,0,8,8,3,100,0,0
1773479577.553458,149.688,0.000,0,24,0,8,8,3,100,0,0
1773479579.553311,149.688,0.000,0,24,0,8,8,3,100,0,0
1773479581.553312,149.688,0.000,0,24,0,8,8,3,100,0,0
1773479583.550155,149.688,0.000,0,24,0,8,8,3,100,0,0
1773479585.553709,149.688,0.000,0,24,0,8,8,3,100,0,0
1773479587.552695,149.688,0.000,0,24,0,8,8,3,100,0,0
1773479589.551800,149.691,0.000,0,24,0,8,8,3,100,0,0
1773479591.553234,150.734,0.000,0,24,0,8,8,3,100,0,0
1773479593.587797,164.691,0.016,0,24,0,8,8,3,100,0,0
1773479595.553181,165.426,0.017,0,24,0,8,8,3,100,0,0
1773479597.553288,165.688,0.019,0,24,0,8,8,3,100,0,0
1773479599.553274,165.758,0.019,0,24,0,8,8,3,100,0,0
1773479601.553347,165.949,0.017,0,24,0,8,8,3,100,0,0
1773479603.551084,166.043,0.017,0,24,0,8,8,3,100,0,0
1773479605.571969,194.855,0.015,0,24,0,8,8,3,100,0,0
1773479607.551852,195.398,0.017,0,24,0,4,4,3,300,0,1
1773479609.553211,194.496,0.014,0,24,0,8,8,3,300,0,1
1773479611.553245,194.305,0.015,0,24,0,8,8,3,100,0,0
1773479613.551173,194.207,0.024,0,24,0,8,8,3,100,0,0
1773479615.553678,194.223,0.017,0,24,0,5,5,3,300,0,1
1773479617.552398,194.223,0.019,0,24,0,8,8,3,300,0,1
1773479619.550768,194.344,0.017,0,24,0,8,8,3,300,0,1
1773479621.553185,194.398,0.016,0,24,0,8,8,3,300,0,1
1773479623.552621,194.402,0.019,0,24,0,8,8,3,300,0,1
1773479625.552697,194.418,0.017,0,24,0,8,8,3,300,0,1
1773479627.553118,194.418,0.018,0,24,0,8,8,3,300,0,1
1773479629.553855,194.418,0.018,0,24,0,8,8,3,300,0,1
1773479631.553142,194.426,0.018,0,24,0,8,8,3,300,0,1
1773479633.551586,194.469,0.017,0,24,0,8,8,3,300,0,1
1773479635.550631,194.453,0.016,0,24,0,8,8,3,300,0,1
1773479637.550503,194.309,0.014,0,24,0,8,8,3,300,0,1
1773479639.551013,194.316,0.017,0,24,0,8,8,3,300,0,1
1773479641.553220,194.328,0.024,0,24,0,8,8,3,300,0,1
1773479643.553454,194.332,0.018,0,24,0,8,8,3,300,0,1
1773479645.551377,194.332,0.018,0,24,0,8,8,3,300,0,1
1773479647.554130,194.336,0.024,0,24,0,8,8,3,300,0,1
1773479649.550793,194.367,0.064,0,24,0,8,8,3,300,0,1
1773479651.552745,194.383,0.028,0,24,0,8,8,3,300,0,1
1773479653.553258,194.387,0.026,0,24,0,8,8,3,300,0,1
1773479655.551948,194.391,0.016,0,24,0,8,8,3,300,0,1
1773479657.551115,194.406,0.018,0,24,0,8,8,3,300,0,1
1773479659.553442,194.410,0.019,0,24,0,8,8,3,300,0,1
1773479661.552993,194.410,0.017,0,24,0,8,8,3,300,0,1
1773479663.550617,194.410,0.016,0,24,0,8,8,3,300,0,1
1773479665.551034,194.383,0.016,0,24,0,8,8,3,300,0,1
1773479667.553720,194.402,0.016,0,24,0,8,8,3,300,0,1
1773479669.552051,194.398,0.016,0,24,0,8,8,3,300,0,1
1773479671.551763,194.387,0.019,0,24,0,8,8,3,300,0,1
1773479673.553254,194.391,0.019,0,24,0,8,8,3,300,0,1
1773479675.552882,194.391,0.017,0,24,0,8,8,3,300,0,1
1773479677.552854,194.555,0.017,0,24,0,8,8,3,300,0,1
1773479679.552941,194.555,0.017,0,24,0,8,8,3,300,0,1
1773479681.551027,194.613,0.015,0,24,0,8,8,3,300,0,1
1773479683.550845,194.613,0.024,0,24,0,8,8,3,300,0,1
1773479685.551539,194.613,0.017,0,24,0,8,8,3,300,0,1
1773479687.553563,194.691,0.017,0,24,0,8,8,3,300,0,1
1773479689.551822,194.691,0.019,0,24,0,8,8,3,300,0,1
1773479691.550653,194.691,0.026,0,24,0,8,8,3,300,0,1
1773479693.552766,194.695,0.023,0,24,0,8,8,3,300,0,1
1773479695.552944,194.695,0.016,0,24,0,8,8,3,300,0,1
1773479697.550563,194.703,0.020,0,24,0,8,8,3,300,0,1
1773479699.553727,194.711,0.021,0,24,0,8,8,3,300,0,1
1773479701.556727,194.711,0.018,0,24,0,8,8,3,300,0,1
1773479703.552800,194.715,0.017,0,24,0,8,8,3,300,0,1
1773479705.552943,194.719,0.014,0,24,0,8,8,3,300,0,1
1773479707.551960,194.719,0.018,0,24,0,8,8,3,300,0,1
1773479709.554091,194.719,0.016,0,24,0,8,8,3,300,0,1
1773479711.550904,194.719,0.021,0,24,0,8,8,3,300,0,1
1773479713.551843,194.727,0.017,0,24,0,8,8,3,300,0,1
1773479715.552361,194.730,0.015,0,24,0,8,8,3,300,0,1
1773479717.550727,194.730,0.018,0,24,0,8,8,3,300,0,1
1773479719.553487,194.734,0.021,0,24,0,8,8,3,300,0,1
1773479721.676236,194.820,0.019,0,24,0,8,8,3,300,0,1
1773479723.553801,194.824,0.016,0,24,0,8,8,3,300,0,1
1773479725.554141,195.391,0.016,0,24,0,8,8,3,300,0,1
1773479727.553753,195.703,0.014,0,24,0,8,8,3,300,0,1
1773479729.551853,196.504,0.021,0,24,0,8,8,3,300,0,1
1773479731.552382,197.297,0.016,0,24,0,8,8,3,300,0,1
1773479733.554079,198.090,0.021,0,24,0,8,8,3,300,0,1
1773479735.551635,198.891,0.015,0,24,0,8,8,3,300,0,1
1773479737.553051,199.688,0.020,0,24,0,8,8,3,300,0,1
1773479739.554223,200.559,0.016,0,24,0,8,8,3,300,0,1
1773479741.551638,201.336,0.017,0,24,0,8,8,3,300,0,1
1773479743.553097,202.141,0.015,0,24,0,8,8,3,300,0,1
1773479745.553149,202.938,0.017,0,24,0,8,8,3,300,0,1
1773479747.553604,203.730,0.014,0,24,0,8,8,3,300,0,1
1773479749.551942,204.566,0.033,0,24,0,8,8,3,300,0,1
1773479751.550602,205.383,0.022,0,24,0,8,8,3,300,0,1
1773479753.550591,206.184,0.020,0,24,0,8,8,3,300,0,1
1773479755.552801,207.000,0.025,0,24,0,8,8,3,300,0,1
1773479757.551571,207.879,0.019,0,24,0,8,8,3,300,0,1
1773479759.553901,196.352,0.019,0,24,0,8,8,3,300,0,1
1773479761.552840,197.531,0.017,0,24,0,8,8,3,300,0,1
1773479763.552989,197.223,0.017,0,24,0,8,8,3,300,0,1
1773479765.550934,197.223,0.017,0,24,0,8,8,3,300,0,1
1773479767.550823,197.223,0.017,0,24,0,8,8,3,300,0,1
1773479769.550915,197.223,0.017,0,24,0,8,8,3,300,0,1
1773479771.553843,197.223,0.017,0,24,0,8,8,3,300,0,1
1773479773.552999,197.223,0.017,0,24,0,8,8,3,300,0,1
1773479775.553674,197.223,0.017,0,24,0,8,8,3,300,0,1
1773479777.553758,197.223,0.017,0,24,0,8,8,3,300,0,1
1773479779.552842,197.223,0.017,0,24,0,8,8,3,300,0,1
1773479781.553061,197.223,0.017,0,24,0,8,8,3,300,0,1
1773479783.551958,197.223,0.017,0,24,0,8,8,3,300,0,1
1773479785.553306,197.223,0.017,0,24,0,8,8,3,300,0,1
1773479787.552415,197.223,0.017,0,24,0,8,8,3,300,0,1
1773479789.551185,197.223,0.017,0,24,0,8,8,3,300,0,1
1773479791.551952,197.223,0.017,0,24,0,8,8,3,300,0,1
1773479793.568455,197.223,0.017,0,24,0,8,8,3,300,0,1
1773479795.568368,197.223,0.017,0,24,0,8,8,3,300,0,1
1773479797.568966,197.223,0.017,0,24,0,8,8,3,300,0,1
1773479799.568721,197.223,0.017,0,24,0,8,8,3,300,0,1
1773479801.568894,197.223,0.017,0,24,0,8,8,3,300,0,1
1773479803.569094,197.223,0.017,0,24,0,8,8,3,300,0,1
1773479805.568129,197.223,0.017,0,24,0,8,8,3,300,0,1
1773479807.568982,197.223,0.017,0,24,0,8,8,3,300,0,1
1773479809.567474,197.223,0.017,0,24,0,8,8,3,300,0,1
1773479835.803216,149.668,0.000,0,24,0,8,8,3,100,0,0
1773479837.787814,149.672,0.000,0,24,0,8,8,3,100,0,0
1773479839.789746,149.672,0.000,0,24,0,8,8,3,100,0,0
1773479841.787760,149.672,0.000,0,24,0,8,8,3,100,0,0
1773479843.784746,149.672,0.000,0,24,0,8,8,3,100,0,0
1773479845.787891,149.672,0.000,0,24,0,8,8,3,100,0,0
1773479847.787331,149.672,0.000,0,24,0,8,8,3,100,0,0
1773479849.787465,149.672,0.000,0,24,0,8,8,3,100,0,0
1773479851.787069,149.672,0.000,0,24,0,8,8,3,100,0,0
1773479853.789258,149.676,0.000,0,24,0,8,8,3,100,0,0
1773479855.787272,149.676,0.000,0,24,0,8,8,3,100,0,0
1773479857.787915,149.676,0.000,0,24,0,8,8,3,100,0,0
1773479859.787914,149.676,0.000,0,24,0,8,8,3,100,0,0
1773479861.788161,149.422,0.000,0,24,0,8,8,3,100,0,0
1773479863.787564,149.422,0.000,0,24,0,8,8,3,100,0,0
1773479865.787398,149.422,0.000,0,24,0,8,8,3,100,0,0
1773479867.787193,149.422,0.000,0,24,0,8,8,3,100,0,0
1773479869.787876,149.422,0.000,0,24,0,8,8,3,100,0,0
1773479871.785680,149.422,0.000,0,24,0,8,8,3,100,0,0
1773479873.787877,149.430,0.000,0,24,0,8,8,3,100,0,0
1773479875.788101,149.434,0.000,0,24,0,8,8,3,100,0,0
1773479877.786268,149.438,0.000,0,24,0,8,8,3,100,0,0
1773479879.787636,149.438,0.000,0,24,0,8,8,3,100,0,0
1773479881.786439,149.438,0.000,0,24,0,8,8,3,100,0,0
1773479883.786449,149.438,0.000,0,24,0,8,8,3,100,0,0
1773479885.787521,149.438,0.000,0,24,0,8,8,3,100,0,0
1773479887.786060,149.438,0.000,0,24,0,8,8,3,100,0,0
1773479889.786235,149.438,0.000,0,24,0,8,8,3,100,0,0
1773479891.787626,149.379,0.000,0,24,0,8,8,3,100,0,0
1773479893.787685,149.383,0.000,0,24,0,8,8,3,100,0,0
1773479895.785246,149.383,0.000,0,24,0,8,8,3,100,0,0
1773479897.786871,149.402,0.000,0,24,0,8,8,3,100,0,0
1773479899.787569,150.414,0.000,0,24,0,8,8,3,100,0,0
1773479901.785346,180.742,0.000,0,24,0,8,8,3,100,0,0
1773479903.785017,190.605,0.030,0,24,0,4,4,3,300,0,1
1773479905.785426,190.449,0.017,0,24,0,8,8,3,100,0,0
1773479907.787358,190.539,0.013,0,24,0,5,5,3,300,0,1
1773479909.788008,190.598,0.017,0,24,0,8,8,3,300,0,1
1773479911.785588,190.633,0.022,0,24,0,8,8,3,300,0,1
1773479913.784991,190.641,0.019,0,24,0,8,8,3,300,0,1
1773479915.786521,190.648,0.021,0,24,0,8,8,3,300,0,1
1773479917.785033,190.656,0.017,0,24,0,8,8,3,300,0,1
1773479919.786380,190.695,0.016,0,24,0,8,8,3,300,0,1
1773479921.785306,190.742,0.014,0,24,0,8,8,3,300,0,1
1773479923.788423,190.758,0.016,0,24,0,8,8,3,300,0,1
1773479925.786057,190.766,0.015,0,24,0,8,8,3,300,0,1
1773479927.787009,190.777,0.016,0,24,0,8,8,3,300,0,1
1773479929.785321,190.777,0.015,0,24,0,8,8,3,300,0,1
1773479931.787081,190.789,0.014,0,24,0,8,8,3,300,0,1
1773479933.786057,190.766,0.012,0,24,0,8,8,3,300,0,1
1773479935.786014,190.766,0.016,0,24,0,8,8,3,300,0,1
1773479937.786029,190.766,0.015,0,24,0,8,8,3,300,0,1
1773479939.786146,190.770,0.021,0,24,0,8,8,3,300,0,1
1773479941.787500,190.770,0.019,0,24,0,8,8,3,300,0,1
1773479943.787561,190.785,0.020,0,24,0,8,8,3,300,0,1
1773479945.785777,190.824,0.021,0,24,0,8,8,3,300,0,1
1773479947.787197,190.852,0.015,0,24,0,8,8,3,300,0,1
1773479949.794774,190.852,0.016,0,24,0,8,8,3,300,0,1
1773479951.787095,190.789,0.025,0,24,0,8,8,3,300,0,1
1773479953.786628,190.824,0.019,0,24,0,8,8,3,300,0,1
1773479955.787612,190.840,0.016,0,24,0,8,8,3,300,0,1
1773479957.787221,190.844,0.016,0,24,0,8,8,3,300,0,1
1773479959.979413,195.328,0.017,0,24,0,8,8,3,300,0,1
1773479961.787358,195.828,0.014,0,24,0,8,8,3,300,0,1
1773479963.785413,196.324,0.014,0,24,0,8,8,3,300,0,1
1773479965.786082,196.762,0.015,0,24,0,8,8,3,300,0,1
1773479967.785652,197.555,0.013,0,24,0,8,8,3,300,0,1
1773479969.784655,198.363,0.015,0,24,0,8,8,3,300,0,1
1773479971.787393,199.164,0.015,0,24,0,8,8,3,300,0,1
1773479973.785691,199.965,0.016,0,24,0,8,8,3,300,0,1
1773479975.785023,200.770,0.014,0,24,0,8,8,3,300,0,1
1773479977.787900,201.703,0.016,0,24,0,8,8,3,300,0,1
1773479979.786055,202.492,0.015,0,24,0,8,8,3,300,0,1
1773479981.785350,203.293,0.021,0,24,0,8,8,3,300,0,1
1773479984.002621,204.289,0.017,0,24,0,8,8,3,300,0,1
1773479985.786744,205.039,0.019,0,24,0,8,8,3,300,0,1
1773479987.787220,205.859,0.019,0,24,0,8,8,3,300,0,1
1773479989.787304,206.668,0.021,0,24,0,8,8,3,300,0,1
1773479991.787612,207.457,0.027,0,24,0,8,8,3,300,0,1
1773479993.810940,208.344,0.022,0,24,0,8,8,3,300,0,1
1773479995.817901,209.148,0.021,0,24,0,8,8,3,300,0,1
1773479997.785850,200.965,0.020,0,24,0,8,8,3,300,0,1
1773479999.784906,198.289,0.018,0,24,0,8,8,3,300,0,1
1773480001.784792,199.082,0.018,0,24,0,8,8,3,300,0,1
1773480003.785926,199.867,0.014,0,24,0,8,8,3,300,0,1
1773480005.785054,200.656,0.014,0,24,0,8,8,3,300,0,1
1773480007.785523,201.457,0.014,0,24,0,8,8,3,300,0,1
1773480009.786103,202.258,0.014,0,24,0,8,8,3,300,0,1
1773480011.786242,203.059,0.016,0,24,0,8,8,3,300,0,1
1773480013.785299,203.875,0.014,0,24,0,8,8,3,300,0,1
1773480015.785524,204.676,0.015,0,24,0,8,8,3,300,0,1
1773480017.787555,205.434,0.038,0,24,0,8,8,3,300,0,1
1773480019.785347,206.262,0.023,0,24,0,8,8,3,300,0,1
1773480021.785960,207.086,0.017,0,24,0,8,8,3,300,0,1
1773480023.786086,207.941,0.016,0,24,0,8,8,3,300,0,1
1773480025.785133,208.793,0.015,0,24,0,8,8,3,300,0,1
1773480027.786187,197.355,0.016,0,24,0,8,8,3,300,0,1
1773480029.784105,198.160,0.017,0,24,0,8,8,3,300,0,1
1773480031.783977,198.945,0.016,0,24,0,8,8,3,300,0,1
1773480033.785833,199.750,0.016,0,24,0,8,8,3,300,0,1
1773480035.784779,200.535,0.013,0,24,0,8,8,3,300,0,1
1773480037.785488,201.312,0.013,0,24,0,8,8,3,300,0,1
1773480039.785474,202.105,0.014,0,24,0,8,8,3,300,0,1
1773480041.785605,202.898,0.014,0,24,0,8,8,3,300,0,1
1773480043.785429,203.688,0.015,0,24,0,8,8,3,300,0,1
1773480045.785501,204.477,0.016,0,24,0,8,8,3,300,0,1
1773480047.785208,205.273,0.017,0,24,0,8,8,3,300,0,1
1773480049.785075,206.062,0.019,0,24,0,8,8,3,300,0,1
1773480051.787238,206.855,0.017,0,24,0,8,8,3,300,0,1
1773480053.785792,207.645,0.014,0,24,0,8,8,3,300,0,1
1773480055.785345,208.488,0.019,0,24,0,8,8,3,300,0,1
1773480057.785368,196.945,0.016,0,24,0,8,8,3,300,0,1
1773480059.785924,197.738,0.020,0,24,0,8,8,3,300,0,1
1773480061.785125,198.523,0.015,0,24,0,8,8,3,300,0,1
1773480063.785990,199.316,0.013,0,24,0,8,8,3,300,0,1
1773480065.786274,200.109,0.014,0,24,0,8,8,3,300,0,1
1773480067.784498,200.891,0.015,0,24,0,8,8,3,300,0,1
1773480069.784618,201.680,0.016,0,24,0,8,8,3,300,0,1
1773480071.786363,202.480,0.017,0,24,0,8,8,3,300,0,1
1773480073.785760,203.273,0.016,0,24,0,8,8,3,300,0,1
1773480075.786391,204.062,0.015,0,24,0,8,8,3,300,0,1
1773480077.786030,204.848,0.014,0,24,0,8,8,3,300,0,1
1773480079.785835,205.637,0.014,0,24,0,8,8,3,300,0,1
1773480081.786859,206.430,0.018,0,24,0,8,8,3,300,0,1
1773480083.786261,207.223,0.016,0,24,0,8,8,3,300,0,1
1773480085.786107,208.020,0.016,0,24,0,8,8,3,300,0,1
1773480087.784627,199.754,0.016,0,24,0,8,8,3,300,0,1
1773480089.785453,197.434,0.016,0,24,0,8,8,3,300,0,1
1773480091.800325,198.227,0.019,0,24,0,8,8,3,300,0,1
1773480093.800026,199.020,0.016,0,24,0,8,8,3,300,0,1
1773480095.800972,199.816,0.017,0,24,0,8,8,3,300,0,1
1773480097.800433,200.598,0.013,0,24,0,8,8,3,300,0,1
1773480099.801008,201.391,0.014,0,24,0,8,8,3,300,0,1
1773480101.800412,202.172,0.015,0,24,0,8,8,3,300,0,1
1773480103.801334,202.961,0.020,0,24,0,8,8,3,300,0,1
1773480105.800802,203.758,0.015,0,24,0,8,8,3,300,0,1
1773480107.799959,204.543,0.014,0,24,0,8,8,3,300,0,1
1773480109.800364,205.344,0.015,0,24,0,8,8,3,300,0,1
1773480111.800462,206.137,0.017,0,24,0,8,8,3,300,0,1
1773480113.800424,206.945,0.014,0,24,0,8,8,3,300,0,1
1773480115.801362,207.738,0.018,0,24,0,8,8,3,300,0,1
1773480117.800137,208.637,0.015,0,24,0,8,8,3,300,0,1
1773480119.800635,197.246,0.018,0,24,0,8,8,3,300,0,1
1773480121.800080,198.039,0.019,0,24,0,8,8,3,300,0,1
1773480123.800553,198.828,0.016,0,24,0,8,8,3,300,0,1
1773480125.800738,199.613,0.014,0,24,0,8,8,3,300,0,1
1773480127.801455,200.410,0.013,0,24,0,8,8,3,300,0,1
1773480129.800017,201.191,0.014,0,24,0,8,8,3,300,0,1
1773480131.800322,202.031,0.015,0,24,0,8,8,3,300,0,1
1773480133.801135,202.832,0.015,0,24,0,8,8,3,300,0,1
1773480135.799944,203.602,0.017,0,24,0,8,8,3,300,0,1
1773480137.800521,204.492,0.025,0,24,0,8,8,3,300,0,1
1773480139.800391,205.281,0.018,0,24,0,8,8,3,300,0,1
1773480141.801255,206.078,0.022,0,24,0,8,8,3,300,0,1
1773480143.800198,206.859,0.024,0,24,0,8,8,3,300,0,1
1773480145.801526,207.656,0.018,0,24,0,8,8,3,300,0,1
1773480147.800171,208.457,0.030,0,24,0,8,8,3,300,0,1
1773480149.799831,199.980,0.024,0,24,0,8,8,3,300,0,1
1773480151.801228,197.734,0.017,0,24,0,8,8,3,300,0,1
1773480153.799761,198.520,0.015,0,24,0,8,8,3,300,0,1
1773480155.801043,199.316,0.015,0,24,0,8,8,3,300,0,1
1773480157.803288,200.105,0.016,0,24,0,8,8,3,300,0,1
1773480159.799814,200.910,0.088,0,24,0,8,8,3,300,0,1
1773480161.800970,201.711,0.043,0,24,0,8,8,3,300,0,1
1773480163.800135,202.508,0.020,0,24,0,8,8,3,300,0,1
1773480165.800062,203.305,0.018,0,24,0,8,8,3,300,0,1
1773480167.800698,204.133,0.017,0,24,0,8,8,3,300,0,1
1773480169.800982,204.918,0.016,0,24,0,8,8,3,300,0,1
1773480171.801546,205.703,0.022,0,24,0,8,8,3,300,0,1
1773480173.799997,206.508,0.038,0,24,0,8,8,3,300,0,1
1773480175.803710,207.293,0.023,0,24,0,8,8,3,300,0,1
1773480177.800926,208.086,0.019,0,24,0,8,8,3,300,0,1
1773480179.807566,208.906,0.019,0,24,0,8,8,3,300,0,1
1773480181.800633,197.434,0.015,0,24,0,8,8,3,300,0,1
1773480183.800114,198.223,0.017,0,24,0,8,8,3,300,0,1
1773480185.799859,199.008,0.021,0,24,0,8,8,3,300,0,1
1773480187.800721,199.828,0.020,0,24,0,8,8,3,300,0,1
1773480189.801211,200.613,0.017,0,24,0,8,8,3,300,0,1
1773480191.800579,201.402,0.015,0,24,0,8,8,3,300,0,1
1773480193.800154,202.227,0.016,0,24,0,8,8,3,300,0,1
1773480195.800240,203.020,0.015,0,24,0,8,8,3,300,0,1
1773480197.801196,203.801,0.014,0,24,0,8,8,3,300,0,1
1773480199.799939,204.594,0.013,0,24,0,8,8,3,300,0,1
1773480201.799983,205.445,0.018,0,24,0,8,8,3,300,0,1
1773480203.814942,206.246,0.017,0,24,0,8,8,3,300,0,1
1773480205.800058,207.035,0.016,0,24,0,8,8,3,300,0,1
1773480207.800323,207.824,0.023,0,24,0,8,8,3,300,0,1
1773480209.816133,208.660,0.018,0,24,0,8,8,3,300,0,1
1773480211.819558,197.234,0.070,0,24,0,8,8,3,300,0,1
1773480213.816579,198.031,0.029,0,24,0,8,8,3,300,0,1
1773480215.817371,198.820,0.016,0,24,0,8,8,3,300,0,1
1773480217.816866,199.613,0.016,0,24,0,8,8,3,300,0,1
1773480219.816089,200.414,0.030,0,24,0,8,8,3,300,0,1
1773480221.815951,201.203,0.018,0,24,0,8,8,3,300,0,1
1773480223.817940,202.004,0.016,0,24,0,8,8,3,300,0,1
1773480225.816961,202.812,0.015,0,24,0,8,8,3,300,0,1
1773480227.816026,203.594,0.018,0,24,0,8,8,3,300,0,1
1773480229.816548,204.387,0.018,0,24,0,8,8,3,300,0,1
1773480231.817105,205.176,0.017,0,24,0,8,8,3,300,0,1
1773480233.818934,205.941,0.017,0,24,0,8,8,3,300,0,1
1773480235.816509,206.754,0.018,0,24,0,8,8,3,300,0,1
1773480237.816555,207.543,0.015,0,24,0,8,8,3,300,0,1
1773480239.817924,208.375,0.016,0,24,0,8,8,3,300,0,1
1773480241.817129,200.203,0.017,0,24,0,8,8,3,300,0,1
1773480243.817207,197.766,0.079,0,24,0,8,8,3,300,0,1
1773480245.816104,198.641,0.038,0,24,0,8,8,3,300,0,1
1773480247.817599,199.422,0.032,0,24,0,8,8,3,300,0,1
1773480249.816454,200.219,0.019,0,24,0,8,8,3,300,0,1
1773480251.817707,201.008,0.016,0,24,0,8,8,3,300,0,1
1773480253.816661,201.809,0.017,0,24,0,8,8,3,300,0,1
1773480255.817523,202.602,0.014,0,24,0,8,8,3,300,0,1
1773480257.816763,203.395,0.020,0,24,0,8,8,3,300,0,1
1773480259.816079,204.180,0.017,0,24,0,8,8,3,300,0,1
1773480261.815514,204.969,0.015,0,24,0,8,8,3,300,0,1
1773480263.817384,205.766,0.013,0,24,0,8,8,3,300,0,1
1773480265.816681,206.547,0.016,0,24,0,8,8,3,300,0,1
1773480267.816568,207.340,0.014,0,24,0,8,8,3,300,0,1
1773480269.816473,208.133,0.017,0,24,0,8,8,3,300,0,1
1773480271.816207,209.031,0.014,0,24,0,8,8,3,300,0,1
1773480273.815111,197.523,0.018,0,24,0,8,8,3,300,0,1
1773480275.816939,198.328,0.016,0,24,0,8,8,3,300,0,1
1773480277.816359,199.109,0.017,0,24,0,8,8,3,300,0,1
1773480279.816634,199.906,0.016,0,24,0,8,8,3,300,0,1
1773480281.817113,200.711,0.013,0,24,0,8,8,3,300,0,1
1773480283.816481,201.512,0.015,0,24,0,8,8,3,300,0,1
1773480285.817524,202.344,0.016,0,24,0,8,8,3,300,0,1
1773480287.817466,203.129,0.018,0,24,0,8,8,3,300,0,1
1773480289.818120,203.922,0.015,0,24,0,8,8,3,300,0,1
1773480291.817514,204.707,0.026,0,24,0,8,8,3,300,0,1
1773480293.830248,205.512,0.018,0,24,0,8,8,3,300,0,1
1773480295.816206,206.309,0.019,0,24,0,8,8,3,300,0,1
1773480297.816061,207.113,0.019,0,24,0,8,8,3,300,0,1
1773480299.817209,207.914,0.016,0,24,0,8,8,3,300,0,1
1773480301.815660,208.715,0.017,0,24,0,8,8,3,300,0,1
1773480303.816878,200.367,0.017,0,24,0,8,8,3,300,0,1
1773480305.816635,198.031,0.016,0,24,0,8,8,3,300,0,1
1773480307.817278,198.828,0.015,0,24,0,8,8,3,300,0,1
1773480309.816505,199.629,0.013,0,24,0,8,8,3,300,0,1
1773480311.816726,200.414,0.015,0,24,0,8,8,3,300,0,1
1773480313.816152,201.211,0.022,0,24,0,8,8,3,300,0,1
1773480315.817174,202.012,0.016,0,24,0,8,8,3,300,0,1
1773480317.816659,202.805,0.014,0,24,0,8,8,3,300,0,1
1773480319.817497,203.598,0.026,0,24,0,8,8,3,300,0,1
1773480321.816931,204.379,0.018,0,24,0,8,8,3,300,0,1
1773480323.824539,205.172,0.018,0,24,0,8,8,3,300,0,1
1773480325.816306,205.996,0.039,0,24,0,8,8,3,300,0,1
1773480327.816579,206.805,0.020,0,24,0,8,8,3,300,0,1
1773480329.817232,207.590,0.015,0,24,0,8,8,3,300,0,1
1773480331.829536,208.406,0.015,0,24,0,8,8,3,300,0,1
1773480333.815260,200.098,0.015,0,24,0,8,8,3,300,0,1
1773480335.817657,197.742,0.014,0,24,0,8,8,3,300,0,1
1773480337.816920,198.531,0.015,0,24,0,8,8,3,300,0,1
1773480339.817126,199.340,0.015,0,24,0,8,8,3,300,0,1
1773480341.815918,200.125,0.018,0,24,0,8,8,3,300,0,1
1773480343.815491,200.918,0.017,0,24,0,8,8,3,300,0,1
1773480345.816892,201.707,0.014,0,24,0,8,8,3,300,0,1
1773480347.816850,202.516,0.015,0,24,0,8,8,3,300,0,1
1773480349.816611,203.309,0.029,0,24,0,8,8,3,300,0,1
1773480351.815390,204.098,0.017,0,24,0,8,8,3,300,0,1
1773480353.815814,204.887,0.017,0,24,0,8,8,3,300,0,1
1773480355.816859,205.688,0.018,0,24,0,8,8,3,300,0,1
1773480357.815403,206.484,0.022,0,24,0,8,8,3,300,0,1
1773480359.817145,207.277,0.018,0,24,0,8,8,3,300,0,1
1773480361.816815,208.062,0.014,0,24,0,8,8,3,300,0,1
1773480363.817173,208.871,0.014,0,24,0,8,8,3,300,0,1
1773480365.816481,197.441,0.020,0,24,0,8,8,3,300,0,1
1773480367.816468,198.234,0.022,0,24,0,8,8,3,300,0,1
1773480369.816943,199.047,0.017,0,24,0,8,8,3,300,0,1
1773480371.816513,199.832,0.020,0,24,0,8,8,3,300,0,1
1773480373.816951,200.621,0.021,0,24,0,8,8,3,300,0,1
1773480543.905932,232.277,0.014,0,24,0,8,8,3,300,0,1
1773480545.831741,233.137,0.017,0,24,0,8,8,3,300,0,1
1773480547.833164,233.945,0.020,0,24,0,8,8,3,300,0,1
1773480549.831695,234.742,0.020,0,24,0,8,8,3,300,0,1
1773480551.830449,205.570,0.022,0,24,0,8,8,3,300,0,1
1773480553.834580,201.465,0.068,0,24,0,8,8,3,300,0,1
1773480555.830977,202.273,0.031,0,24,0,8,8,3,300,0,1
1773480557.831875,203.066,0.020,0,24,0,8,8,3,300,0,1
1773480559.832305,203.871,0.021,0,24,0,8,8,3,300,0,1
1773480561.830763,204.664,0.017,0,24,0,8,8,3,300,0,1
1773480563.831150,205.453,0.020,0,24,0,8,8,3,300,0,1
1773480565.832201,206.246,0.016,0,24,0,8,8,3,300,0,1
1773480567.832582,207.035,0.016,0,24,0,8,8,3,300,0,1
1773480569.831922,207.848,0.018,0,24,0,8,8,3,300,0,1
1773480571.832536,208.637,0.018,0,24,0,8,8,3,300,0,1
1773480573.832786,209.457,0.017,0,24,0,8,8,3,300,0,1
1773480575.831052,198.008,0.023,0,24,0,8,8,3,300,0,1
1773480577.831463,198.836,0.025,0,24,0,8,8,3,300,0,1
1773480579.830372,199.621,0.024,0,24,0,8,8,3,300,0,1
1773480581.831727,200.414,0.020,0,24,0,8,8,3,300,0,1
1773480583.832253,201.199,0.024,0,24,0,8,8,3,300,0,1
1773480585.830790,201.992,0.020,0,24,0,8,8,3,300,0,1
1773480587.831723,202.793,0.017,0,24,0,8,8,3,300,0,1
1773480589.831588,203.594,0.017,0,24,0,8,8,3,300,0,1
1773480591.831344,204.383,0.019,0,24,0,8,8,3,300,0,1
1773480593.831758,205.172,0.018,0,24,0,8,8,3,300,0,1
1773480595.831514,205.965,0.016,0,24,0,8,8,3,300,0,1
1773480597.831271,206.770,0.015,0,24,0,8,8,3,300,0,1
1773480599.831728,207.574,0.025,0,24,0,8,8,3,300,0,1
1773480601.832272,208.383,0.026,0,24,0,8,8,3,300,0,1
1773480603.831219,209.168,0.018,0,24,0,8,8,3,300,0,1
1773480605.832215,209.980,0.017,0,24,0,8,8,3,300,0,1
1773480607.831269,198.473,0.018,0,24,0,8,8,3,300,0,1
1773480609.832484,199.281,0.017,0,24,0,8,8,3,300,0,1
1773480611.831223,200.082,0.017,0,24,0,8,8,3,300,0,1
1773480613.830703,200.883,0.019,0,24,0,8,8,3,300,0,1
1773480615.831867,201.656,0.026,0,24,0,8,8,3,300,0,1
1773480617.831262,202.473,0.020,0,24,0,8,8,3,300,0,1
1773480619.831446,203.262,0.019,0,24,0,8,8,3,300,0,1
1773480621.831930,204.039,0.016,0,24,0,8,8,3,300,0,1
1773480623.831441,204.836,0.020,0,24,0,8,8,3,300,0,1
1773480625.831272,205.629,0.016,0,24,0,8,8,3,300,0,1
1773480627.830685,206.441,0.018,0,24,0,8,8,3,300,0,1
1773480629.831902,207.250,0.025,0,24,0,8,8,3,300,0,1
1773480631.831174,208.035,0.020,0,24,0,8,8,3,300,0,1
1773480633.831884,208.832,0.018,0,24,0,8,8,3,300,0,1
1773480635.832736,209.645,0.018,0,24,0,8,8,3,300,0,1
1773480637.830939,198.195,0.020,0,24,0,8,8,3,300,0,1
1773480639.830818,199.016,0.017,0,24,0,8,8,3,300,0,1
1773480641.832035,199.805,0.018,0,24,0,8,8,3,300,0,1
1773480643.832108,200.590,0.017,0,24,0,8,8,3,300,0,1
1773480645.830701,201.367,0.019,0,24,0,8,8,3,300,0,1
1773480647.831262,202.164,0.018,0,24,0,8,8,3,300,0,1
1773480649.831615,202.965,0.018,0,24,0,8,8,3,300,0,1
1773480651.831350,203.770,0.017,0,24,0,8,8,3,300,0,1
1773480653.830976,204.555,0.022,0,24,0,8,8,3,300,0,1
1773480655.831202,205.344,0.019,0,24,0,8,8,3,300,0,1
1773480657.832181,206.141,0.016,0,24,0,8,8,3,300,0,1
1773480659.830279,206.934,0.015,0,24,0,8,8,3,300,0,1
1773480661.831949,207.750,0.017,0,24,0,8,8,3,300,0,1
1773480663.831254,208.535,0.018,0,24,0,8,8,3,300,0,1
1773480665.832012,209.348,0.018,0,24,0,8,8,3,300,0,1
1773480667.831230,201.102,0.021,0,24,0,8,8,3,300,0,1
1773480669.830773,198.715,0.023,0,24,0,8,8,3,300,0,1
1773480671.832576,199.508,0.018,0,24,0,8,8,3,300,0,1
1773480673.831510,200.289,0.019,0,24,0,8,8,3,300,0,1
1773480675.831640,201.082,0.015,0,24,0,8,8,3,300,0,1
1773480677.830883,201.883,0.017,0,24,0,8,8,3,300,0,1
1773480679.831141,202.676,0.019,0,24,0,8,8,3,300,0,1
1773480681.830928,203.477,0.020,0,24,0,8,8,3,300,0,1
1773480683.831806,204.273,0.017,0,24,0,8,8,3,300,0,1
1773480685.832596,205.070,0.017,0,24,0,8,8,3,300,0,1
1773480687.831706,205.852,0.030,0,24,0,8,8,3,300,0,1
1773480689.831506,206.664,0.020,0,24,0,8,8,3,300,0,1
1773480691.840879,207.453,0.018,0,24,0,8,8,3,300,0,1
1773480693.830881,208.250,0.019,0,24,0,8,8,3,300,0,1
1773480723.830930,207.961,0.026,0,24,0,8,8,3,300,0,1
1773480725.831365,208.746,0.025,0,24,0,8,8,3,300,0,1
1773480727.831810,209.566,0.023,0,24,0,8,8,3,300,0,1
1773480729.925354,210.316,0.025,0,24,0,8,8,3,300,0,1
1773480731.830913,202.277,0.019,0,24,0,8,8,3,300,0,1
1773480733.830861,199.707,0.023,0,24,0,8,8,3,300,0,1
1773480735.831948,200.523,0.021,0,24,0,8,8,3,300,0,1
1773480737.831296,201.312,0.018,0,24,0,8,8,3,300,0,1
1773480739.834014,202.105,0.017,0,24,0,8,8,3,300,0,1
1773480741.831899,202.891,0.022,0,24,0,8,8,3,300,0,1
1773480743.830828,203.691,0.020,0,24,0,8,8,3,300,0,1
1773480745.831529,204.477,0.021,0,24,0,8,8,3,300,0,1
1773480747.831666,205.262,0.035,0,24,0,8,8,3,300,0,1
1773480749.831282,205.867,0.022,0,24,0,8,8,3,300,0,1
1773480751.832216,206.016,0.018,0,24,0,8,8,3,300,0,1
1773480753.831375,206.023,0.025,0,24,0,8,8,3,300,0,1
1773480755.833781,206.027,0.021,0,24,0,8,8,3,300,0,1
1773480757.831472,206.031,0.023,0,24,0,8,8,3,300,0,1
1773480759.832021,206.035,0.029,0,24,0,8,8,3,300,0,1
1773480761.848161,206.043,0.023,0,24,0,8,8,3,300,0,1
1773480763.846264,206.047,0.033,0,24,0,8,8,3,300,0,1
1773480765.846397,206.051,0.026,0,24,0,8,8,3,300,0,1
1773480767.846920,206.051,0.020,0,24,0,8,8,3,300,0,1
1773480769.846113,206.059,0.019,0,24,0,8,8,3,300,0,1
1773480771.847204,206.062,0.027,0,24,0,8,8,3,300,0,1
1773480773.847197,206.066,0.026,0,24,0,8,8,3,300,0,1
1773480775.847501,206.070,0.027,0,24,0,8,8,3,300,0,1
1773480777.846564,206.074,0.022,0,24,0,8,8,3,300,0,1
1773480779.846405,206.078,0.022,0,24,0,8,8,3,300,0,1
1773480781.846987,206.082,0.026,0,24,0,8,8,3,300,0,1
1773480783.846605,206.082,0.022,0,24,0,8,8,3,300,0,1
1773480785.846144,206.086,0.026,0,24,0,8,8,3,300,0,1
1773480787.846484,206.098,0.021,0,24,0,8,8,3,300,0,1
1773480789.847097,206.098,0.023,0,24,0,8,8,3,300,0,1
1773480791.846261,206.090,0.022,0,24,0,8,8,3,300,0,1
1773480793.862898,206.094,0.024,0,24,0,8,8,3,300,0,1
1773480795.863258,206.098,0.028,0,24,0,8,8,3,300,0,1
1773480797.866199,206.102,0.023,0,24,0,8,8,3,300,0,1
1773480799.861773,206.102,0.020,0,24,0,8,8,3,300,0,1
1773480801.866054,204.230,0.021,0,24,0,8,8,3,300,0,1
1773480803.867832,204.234,0.033,0,24,0,8,8,3,300,0,1
1773480805.865965,204.238,0.025,0,24,0,8,8,3,300,0,1
1773480807.880039,204.242,0.019,0,24,0,8,8,3,300,0,1
1773480809.876906,204.246,0.023,0,24,0,8,8,3,300,0,1
1773480811.879444,204.250,0.023,0,24,0,8,8,3,300,0,1
1773480813.879082,204.250,0.024,0,24,0,8,8,3,300,0,1
1773480815.878772,204.344,0.023,0,24,0,8,8,3,300,0,1
1773480817.877740,204.348,0.088,0,24,0,8,8,3,300,0,1
1773484406.259704,149.727,0.000,0,24,0,8,8,3,100,0,0
1773484408.248190,149.730,0.000,0,24,0,8,8,3,100,0,0
1773484436.904864,149.680,0.000,0,24,0,8,8,3,100,0,0
1773484438.888732,149.520,0.000,0,24,0,8,8,3,100,0,0
1773484440.888831,149.527,0.000,0,24,0,8,8,3,100,0,0
1773484442.889298,149.527,0.000,0,24,0,8,8,3,100,0,0
1773484444.889530,149.527,0.000,0,24,0,8,8,3,100,0,0
1773484446.889865,149.527,0.000,0,24,0,8,8,3,100,0,0
1773484448.888586,149.527,0.000,0,24,0,8,8,3,100,0,0
1773484450.890085,149.527,0.000,0,24,0,8,8,3,100,0,0
1773484452.890210,149.527,0.000,0,24,0,8,8,3,100,0,0
1773484454.890119,149.531,0.000,0,24,0,8,8,3,100,0,0
1773484456.890205,149.531,0.000,0,24,0,8,8,3,100,0,0
1773484458.889872,149.531,0.000,0,24,0,8,8,3,100,0,0
1773484460.890166,149.531,0.000,0,24,0,8,8,3,100,0,0
1773484462.890278,149.273,0.000,0,24,0,8,8,3,100,0,0
1773484464.889780,149.273,0.000,0,24,0,8,8,3,100,0,0
1773484466.890139,149.273,0.000,0,24,0,8,8,3,100,0,0
1773484468.889969,149.273,0.000,0,24,0,8,8,3,100,0,0
1773484470.890520,149.273,0.000,0,24,0,8,8,3,100,0,0
1773484472.890804,149.273,0.000,0,24,0,8,8,3,100,0,0
1773484474.889720,149.285,0.000,0,24,0,8,8,3,100,0,0
1773484476.890845,149.289,0.000,0,24,0,8,8,3,100,0,0
1773484478.888935,149.289,0.000,0,24,0,8,8,3,100,0,0
1773484480.888402,149.289,0.000,0,24,0,8,8,3,100,0,0
1773484482.890232,149.289,0.000,0,24,0,8,8,3,100,0,0
1773484484.890146,149.289,0.000,0,24,0,8,8,3,100,0,0
1773484486.890829,149.289,0.000,0,24,0,8,8,3,100,0,0
1773484488.888715,149.289,0.000,0,24,0,8,8,3,100,0,0
1773484490.890836,149.289,0.000,0,24,0,8,8,3,100,0,0
1773484492.889898,149.230,0.000,0,24,0,8,8,3,100,0,0
1773484494.889960,149.234,0.000,0,24,0,8,8,3,100,0,0
1773484496.890612,149.238,0.000,0,24,0,8,8,3,100,0,0
1773484498.888595,149.254,0.000,0,24,0,8,8,3,100,0,0
1773484500.889034,150.281,0.000,0,24,0,8,8,3,100,0,0
1773484503.066031,180.465,0.000,0,24,0,8,8,3,100,0,0
1773484504.890132,190.000,0.024,0,24,0,8,8,3,100,0,0
1773484506.890121,189.949,0.020,0,24,0,8,8,3,300,0,1
1773484508.890208,190.031,0.021,0,24,0,8,8,3,100,0,0
1773484510.888600,190.086,0.019,0,24,0,5,5,3,300,0,1
1773484512.893211,190.133,0.022,0,24,0,8,8,3,300,0,1
1773484514.889546,190.156,0.018,0,24,0,8,8,3,300,0,1
1773484516.889112,190.156,0.016,0,24,0,8,8,3,300,0,1
1773484518.888957,190.160,0.020,0,24,0,8,8,3,300,0,1
1773484520.888760,190.184,0.022,0,24,0,8,8,3,300,0,1
1773484522.888380,190.238,0.019,0,24,0,8,8,3,300,0,1
1773484524.890147,190.266,0.018,0,24,0,8,8,3,300,0,1
1773484526.889933,190.281,0.017,0,24,0,8,8,3,300,0,1
1773484528.890126,190.285,0.017,0,24,0,8,8,3,300,0,1
1773484530.890212,190.395,0.016,0,24,0,8,8,3,300,0,1
1773484532.889861,190.422,0.017,0,24,0,8,8,3,300,0,1
1773484534.888608,190.395,0.015,0,24,0,8,8,3,300,0,1
1773484536.888562,190.254,0.017,0,24,0,8,8,3,300,0,1
1773484538.890672,190.254,0.016,0,24,0,8,8,3,300,0,1
1773484540.888295,190.246,0.021,0,24,0,8,8,3,300,0,1
1773484542.891086,190.254,0.017,0,24,0,8,8,3,300,0,1
1773484544.888562,190.258,0.016,0,24,0,8,8,3,300,0,1
1773484546.890339,190.301,0.017,0,24,0,8,8,3,300,0,1
1773484548.890573,190.344,0.019,0,24,0,8,8,3,300,0,1
1773484550.889269,190.449,0.022,0,24,0,8,8,3,300,0,1
1773484552.889005,190.418,0.016,0,24,0,8,8,3,300,0,1
1773484554.890805,190.418,0.016,0,24,0,8,8,3,300,0,1
1773484556.890389,190.422,0.018,0,24,0,8,8,3,300,0,1
1773484558.889913,190.441,0.019,0,24,0,8,8,3,300,0,1
1773484560.888482,190.441,0.018,0,24,0,8,8,3,300,0,1
1773484562.888507,190.488,0.016,0,24,0,8,8,3,300,0,1
1773484564.889100,190.234,0.018,0,24,0,8,8,3,300,0,1
1773484566.890088,190.234,0.019,0,24,0,8,8,3,300,0,1
1773484568.888472,190.359,0.018,0,24,0,8,8,3,300,0,1
1773484570.890491,190.238,0.014,0,24,0,8,8,3,300,0,1
1773484572.890361,190.242,0.017,0,24,0,8,8,3,300,0,1
1773484574.888691,190.250,0.015,0,24,0,8,8,3,300,0,1
1773484576.888368,190.250,0.021,0,24,0,8,8,3,300,0,1
1773484578.888298,190.371,0.025,0,24,0,8,8,3,300,0,1
1773484580.888942,190.371,0.020,0,24,0,8,8,3,300,0,1
1773484582.888416,190.371,0.015,0,24,0,8,8,3,300,0,1
1773484584.890979,190.371,0.020,0,24,0,8,8,3,300,0,1
1773484586.888806,190.371,0.019,0,24,0,8,8,3,300,0,1
1773484588.889979,190.371,0.023,0,24,0,8,8,3,300,0,1
1773484591.057687,194.863,0.020,0,24,0,8,8,3,300,0,1
1773484592.888979,195.035,0.017,0,24,0,8,8,3,300,0,1
1773484594.890093,195.117,0.016,0,24,0,8,8,3,300,0,1
1773484596.888821,195.117,0.018,0,24,0,8,8,3,300,0,1
1773484598.890715,195.164,0.019,0,24,0,8,8,3,300,0,1
1773484600.888987,195.273,0.018,0,24,0,8,8,3,300,0,1
1773484602.890361,195.367,0.016,0,24,0,8,8,3,300,0,1
1773484604.890457,195.477,0.019,0,24,0,8,8,3,300,0,1
1773484606.888914,195.578,0.021,0,24,0,8,8,3,300,0,1
1773484608.888296,195.680,0.017,0,24,0,8,8,3,300,0,1
1773484610.904715,195.789,0.018,0,24,0,8,8,3,300,0,1
1773484612.904814,195.891,0.014,0,24,0,8,8,3,300,0,1
1773484614.905451,195.980,0.017,0,24,0,8,8,3,300,0,1
1773484616.903922,196.090,0.015,0,24,0,8,8,3,300,0,1
1773484618.904537,196.191,0.025,0,24,0,8,8,3,300,0,1
1773484620.905031,196.301,0.017,0,24,0,8,8,3,300,0,1
1773484622.905130,196.410,0.016,0,24,0,8,8,3,300,0,1
1773484624.905088,196.535,0.017,0,24,0,8,8,3,300,0,1
1773484626.904919,196.637,0.018,0,24,0,8,8,3,300,0,1
1773484628.904665,196.738,0.017,0,24,0,8,8,3,300,0,1
1773484630.905319,196.840,0.020,0,24,0,8,8,3,300,0,1
1773484632.904948,196.938,0.019,0,24,0,8,8,3,300,0,1
1773484635.054179,197.023,0.016,0,24,0,8,8,3,300,0,1
1773484636.904944,195.348,0.016,0,24,0,8,8,3,300,0,1
1773484638.905146,195.332,0.016,0,24,0,8,8,3,300,0,1
1773484640.905105,195.332,0.016,0,24,0,8,8,3,300,0,1
1773484642.904779,195.332,0.016,0,24,0,8,8,3,300,0,1
1773484644.905184,195.332,0.016,0,24,0,8,8,3,300,0,1
1773484646.904719,195.332,0.016,0,24,0,8,8,3,300,0,1
1773484648.905450,195.332,0.016,0,24,0,8,8,3,300,0,1
1773484650.905362,195.332,0.016,0,24,0,8,8,3,300,0,1
1773484652.908381,195.332,0.016,0,24,0,8,8,3,300,0,1
1773484654.904832,195.332,0.016,0,24,0,8,8,3,300,0,1
1773484656.905169,195.332,0.016,0,24,0,8,8,3,300,0,1
1773484658.905436,195.332,0.016,0,24,0,8,8,3,300,0,1
1773484660.905484,195.332,0.016,0,24,0,8,8,3,300,0,1
1773484662.905177,195.332,0.016,0,24,0,8,8,3,300,0,1
1773484664.905747,195.332,0.016,0,24,0,8,8,3,300,0,1
1773484666.905480,195.332,0.016,0,24,0,8,8,3,300,0,1
1773484668.905506,195.332,0.016,0,24,0,8,8,3,300,0,1
1773484670.905694,195.332,0.016,0,24,0,8,8,3,300,0,1
1773484672.905088,195.316,0.016,0,24,0,8,8,3,300,0,1
1773484674.904759,195.316,0.016,0,24,0,8,8,3,300,0,1
1773484676.904037,195.316,0.016,0,24,0,8,8,3,300,0,1
1773484678.904672,195.316,0.016,0,24,0,8,8,3,300,0,1
1773484680.905458,195.316,0.016,0,24,0,8,8,3,300,0,1
1773484682.905401,195.316,0.016,0,24,0,8,8,3,300,0,1
1773484684.905289,195.316,0.016,0,24,0,8,8,3,300,0,1
1773484686.905428,195.316,0.016,0,24,0,8,8,3,300,0,1
1773484688.905804,195.316,0.016,0,24,0,8,8,3,300,0,1
1773484690.905238,195.316,0.016,0,24,0,8,8,3,300,0,1
1773484692.905000,195.316,0.016,0,24,0,8,8,3,300,0,1
1773484694.904875,195.316,0.016,0,24,0,8,8,3,300,0,1
1773484696.904983,195.316,0.016,0,24,0,8,8,3,300,0,1
1773484698.905125,195.316,0.016,0,24,0,8,8,3,100,0,0
1773484700.904737,195.480,0.021,0,24,0,8,8,3,100,0,0
1773484703.163535,195.727,0.017,0,24,0,8,8,3,100,0,0
1773484704.905884,195.754,0.020,0,24,0,8,8,3,100,0,0
1773484706.905639,195.754,0.019,0,24,0,8,8,3,100,0,0
1773484708.905280,195.754,0.019,0,24,0,8,8,3,100,0,0
1773484710.905674,195.723,0.021,0,24,0,8,8,3,100,0,0
1773484712.905900,195.723,0.019,0,24,0,8,8,3,100,0,0
1773484714.904861,195.723,0.020,0,24,0,8,8,3,100,0,0
1773484716.904930,195.723,0.020,0,24,0,8,8,3,100,0,0
1773484718.904956,195.723,0.022,0,24,0,8,8,3,100,0,0
1773484720.904540,195.723,0.018,0,24,0,8,8,3,100,0,0
1773484722.905298,195.723,0.018,0,24,0,8,8,3,100,0,0
1773484724.904596,195.723,0.023,0,24,0,8,8,3,100,0,0
1773484726.904861,195.723,0.022,0,24,0,8,8,3,100,0,0
1773484728.905066,195.723,0.018,0,24,0,8,8,3,100,0,0
1773484730.905163,195.723,0.018,0,24,0,8,8,3,100,0,0
1773484732.904685,195.770,0.027,0,24,0,8,8,3,100,0,0
1773484734.905264,195.770,0.025,0,24,0,8,8,3,100,0,0
1773484736.904031,195.809,0.020,0,24,0,8,8,3,100,0,0
1773484738.905301,195.809,0.020,0,24,0,8,8,3,100,0,0
1773484740.904432,195.809,0.018,0,24,0,8,8,3,100,0,0
1773484742.905577,195.809,0.022,0,24,0,8,8,3,100,0,0
1773484744.906135,195.809,0.016,0,24,0,8,8,3,100,0,0
1773484746.905140,195.809,0.020,0,24,0,8,8,3,100,0,0
1773484748.904555,195.809,0.021,0,24,0,8,8,3,100,0,0
1773484750.905386,195.809,0.016,0,24,0,8,8,3,100,0,0
1773484752.905053,195.809,0.016,0,24,0,8,8,3,100,0,0
1773484754.905044,195.809,0.017,0,24,0,8,8,3,100,0,0
1773484756.905108,195.809,0.018,0,24,0,8,8,3,100,0,0
1773484758.905341,195.809,0.018,0,24,0,8,8,3,100,0,0
1773484760.905149,195.809,0.017,0,24,0,8,8,3,100,0,0
1773484762.904635,195.797,0.017,0,24,0,8,8,3,100,0,0
1773484764.904703,195.797,0.027,0,24,0,8,8,3,100,0,0
1773484766.905823,195.859,0.018,0,24,0,8,8,3,100,0,0
1773484768.905121,195.973,0.021,0,24,0,8,8,3,100,0,0
1773484770.904743,196.055,0.019,0,24,0,8,8,3,100,0,0
1773484772.905606,196.074,0.021,0,24,0,8,8,3,100,0,0
1773484774.904263,196.180,0.025,0,24,0,8,8,3,100,0,0
1773484776.905149,196.277,0.020,0,24,0,8,8,3,100,0,0
1773484778.904647,196.387,0.026,0,24,0,8,8,3,100,0,0
1773484780.904610,196.512,0.022,0,24,0,8,8,3,100,0,0
1773484782.904878,196.578,0.020,0,24,0,8,8,3,100,0,0
1773484784.905230,196.684,0.022,0,24,0,8,8,3,100,0,0
1773484786.905615,196.785,0.022,0,24,0,8,8,3,100,0,0
1773484788.904479,196.891,0.021,0,24,0,8,8,3,100,0,0
1773484790.905235,196.992,0.020,0,24,0,8,8,3,300,0,1
1773484792.905149,197.094,0.028,0,24,0,8,8,3,300,0,1
1773484794.904825,197.195,0.020,0,24,0,8,8,3,300,0,1
1773484796.905085,197.293,0.016,0,24,0,8,8,3,300,0,1
1773484798.905149,197.402,0.017,0,24,0,8,8,3,300,0,1
1773484800.905469,197.496,0.019,0,24,0,8,8,3,300,0,1
1773484802.904437,197.668,0.029,0,24,0,8,8,3,300,0,1
1773484804.905061,197.762,0.030,0,24,0,8,8,3,300,0,1
1773484806.904472,197.875,0.024,0,24,0,8,8,3,300,0,1
1773484808.904625,197.973,0.025,0,24,0,8,8,3,300,0,1
1773484810.905016,198.074,0.021,0,24,0,8,8,3,300,0,1
1773484812.904910,198.176,0.030,0,24,0,8,8,3,300,0,1
1773484814.905534,198.270,0.021,0,24,0,8,8,3,300,0,1
1773484816.904745,198.398,0.020,0,24,0,8,8,3,300,0,1
1773484818.905092,198.500,0.028,0,24,0,8,8,3,300,0,1
1773484820.905419,198.609,0.024,0,24,0,8,8,3,300,0,1
1773484822.903875,198.695,0.030,0,24,0,8,8,3,300,0,1
1773484824.905014,198.809,0.021,0,24,0,8,8,3,300,0,1
1773484826.903931,198.902,0.024,0,24,0,8,8,3,300,0,1
1773484828.905019,199.004,0.021,0,24,0,8,8,3,300,0,1
1773484830.905006,199.109,0.017,0,24,0,8,8,3,300,0,1
1773484832.905228,199.211,0.020,0,24,0,8,8,3,300,0,1
1773484834.905179,199.316,0.027,0,24,0,8,8,3,300,0,1
1773484836.904696,199.418,0.022,0,24,0,8,8,3,300,0,1
1773484838.905060,199.520,0.018,0,24,0,8,8,3,300,0,1
1773484840.904591,199.617,0.018,0,24,0,8,8,3,300,0,1
1773484842.904891,199.719,0.021,0,24,0,8,8,3,300,0,1
1773484844.905163,199.836,0.021,0,24,0,8,8,3,300,0,1
1773484846.903873,199.934,0.025,0,24,0,8,8,3,300,0,1
1773484848.905287,200.031,0.024,0,24,0,8,8,3,300,0,1
1773484850.904435,200.133,0.022,0,24,0,8,8,3,300,0,1
1773484852.905141,200.242,0.025,0,24,0,8,8,3,300,0,1
1773484854.904418,200.340,0.023,0,24,0,8,8,3,300,0,1
1773484856.905648,200.441,0.023,0,24,0,8,8,3,300,0,1
1773484858.904567,200.539,0.028,0,24,0,8,8,3,300,0,1
1773484860.904968,200.656,0.019,0,24,0,8,8,3,300,0,1
1773484862.904572,200.754,0.025,0,24,0,8,8,3,300,0,1
1773484864.904501,200.855,0.018,0,24,0,8,8,3,300,0,1
1773484866.904971,200.957,0.020,0,24,0,8,8,3,300,0,1
1773484868.904498,201.055,0.021,0,24,0,8,8,3,300,0,1
1773484870.905326,201.160,0.021,0,24,0,8,8,3,300,0,1
1773484872.904931,201.262,0.018,0,24,0,8,8,3,300,0,1
1773484874.904955,201.371,0.021,0,24,0,8,8,3,300,0,1
1773484876.904462,201.473,0.022,0,24,0,8,8,3,300,0,1
1773484878.904691,201.570,0.032,0,24,0,8,8,3,300,0,1
1773484880.904175,201.664,0.028,0,24,0,8,8,3,300,0,1
1773484882.905154,201.770,0.021,0,24,0,8,8,3,300,0,1
1773484884.905740,201.867,0.025,0,24,0,8,8,3,300,0,1
1773484886.904821,201.973,0.024,0,24,0,8,8,3,300,0,1
1773484888.904601,202.086,0.022,0,24,0,8,8,3,300,0,1
1773484890.904692,202.184,0.027,0,24,0,8,8,3,300,0,1
1773484892.905281,202.285,0.023,0,24,0,8,8,3,300,0,1
1773484894.904987,202.391,0.025,0,24,0,8,8,3,300,0,1
1773484896.904996,202.488,0.019,0,24,0,8,8,3,300,0,1
1773484898.905468,202.586,0.029,0,24,0,8,8,3,300,0,1
1773484900.904515,202.688,0.023,0,24,0,8,8,3,300,0,1
1773484902.904892,202.797,0.025,0,24,0,8,8,3,300,0,1
1773484904.904873,202.902,0.021,0,24,0,8,8,3,300,0,1
1773484906.905006,203.004,0.023,0,24,0,8,8,3,300,0,1
1773484908.905055,203.113,0.028,0,24,0,8,8,3,300,0,1
1773484910.904426,203.215,0.026,0,24,0,8,8,3,300,0,1
1773484912.905113,203.309,0.025,0,24,0,8,8,3,300,0,1
1773484914.904584,203.410,0.028,0,24,0,8,8,3,300,0,1
1773484916.904865,203.508,0.018,0,24,0,8,8,3,300,0,1
1773484918.904927,203.625,0.018,0,24,0,8,8,3,300,0,1
1773484920.904441,203.727,0.021,0,24,0,8,8,3,300,0,1
1773484922.905196,203.824,0.023,0,24,0,8,8,3,300,0,1
1773484924.904151,203.930,0.027,0,24,0,8,8,3,300,0,1
1773484926.904969,204.031,0.020,0,24,0,8,8,3,300,0,1
1773484928.905215,204.137,0.022,0,24,0,8,8,3,300,0,1
1773484930.904424,204.242,0.020,0,24,0,8,8,3,300,0,1
1773484932.904892,204.344,0.027,0,24,0,8,8,3,300,0,1
1773484934.904635,204.441,0.025,0,24,0,8,8,3,300,0,1
1773484936.904567,204.543,0.022,0,24,0,8,8,3,300,0,1
1773484938.904807,204.648,0.028,0,24,0,8,8,3,300,0,1
1773484940.905964,204.766,0.043,0,24,0,8,8,3,300,0,1
1773484942.904967,204.871,0.026,0,24,0,8,8,3,300,0,1
1773484944.907683,204.977,0.025,0,24,0,8,8,3,300,0,1
1773484946.904448,205.070,0.027,0,24,0,8,8,3,300,0,1
1773484948.904739,205.188,0.017,0,24,0,8,8,3,300,0,1
1773484950.905147,205.297,0.022,0,24,0,8,8,3,300,0,1
1773484952.905663,205.395,0.028,0,24,0,8,8,3,300,0,1
1773484954.904447,205.500,0.020,0,24,0,8,8,3,300,0,1
1773484956.904701,205.609,0.025,0,24,0,8,8,3,300,0,1
1773484958.904650,205.715,0.021,0,24,0,8,8,3,300,0,1
1773484960.904747,205.816,0.019,0,24,0,8,8,3,300,0,1
1773484962.904837,205.926,0.024,0,24,0,8,8,3,300,0,1
1773484964.904489,206.020,0.022,0,24,0,8,8,3,300,0,1
1773484966.904788,206.125,0.024,0,24,0,8,8,3,300,0,1
1773484968.904673,206.227,0.024,0,24,0,8,8,3,300,0,1
1773484970.905040,206.332,0.021,0,24,0,8,8,3,300,0,1
1773484972.904998,206.438,0.023,0,24,0,8,8,3,300,0,1
1773484974.904805,206.539,0.017,0,24,0,8,8,3,300,0,1
1773484976.904236,206.633,0.032,0,24,0,8,8,3,300,0,1
1773484978.904866,206.746,0.019,0,24,0,8,8,3,300,0,1
1773484980.904809,206.848,0.018,0,24,0,8,8,3,300,0,1
1773484982.904924,206.949,0.020,0,24,0,8,8,3,300,0,1
1773484984.904344,207.047,0.021,0,24,0,8,8,3,300,0,1
1773484986.904712,207.148,0.027,0,24,0,8,8,3,300,0,1
1773484988.904337,207.258,0.028,0,24,0,8,8,3,300,0,1
1773484990.904562,207.359,0.030,0,24,0,8,8,3,300,0,1
1773484992.904203,207.469,0.031,0,24,0,8,8,3,300,0,1
1773484994.905907,207.570,0.024,0,24,0,8,8,3,300,0,1
1773484996.904242,207.676,0.025,0,24,0,8,8,3,300,0,1
1773484998.904567,207.770,0.023,0,24,0,8,8,3,300,0,1
1773485000.904965,207.871,0.021,0,24,0,8,8,3,300,0,1
1773485002.904658,207.973,0.025,0,24,0,8,8,3,300,0,1
1773485004.904772,208.074,0.018,0,24,0,8,8,3,300,0,1
1773485006.904476,208.184,0.018,0,24,0,8,8,3,300,0,1
1773485008.904933,208.301,0.022,0,24,0,8,8,3,300,0,1
1773485010.904779,196.098,0.022,0,24,0,8,8,3,300,0,1
1773485012.904496,196.180,0.024,0,24,0,8,8,3,300,0,1
1773485014.904464,196.270,0.019,0,24,0,8,8,3,300,0,1
1773485016.904267,196.367,0.024,0,24,0,8,8,3,300,0,1
1773485018.904558,196.469,0.020,0,24,0,8,8,3,300,0,1
1773485020.904431,196.586,0.020,0,24,0,8,8,3,300,0,1
1773485022.904780,196.680,0.029,0,24,0,8,8,3,300,0,1
1773485024.904845,196.781,0.018,0,24,0,8,8,3,300,0,1
1773485026.904841,196.883,0.026,0,24,0,8,8,3,300,0,1
1773485028.904654,196.988,0.032,0,24,0,8,8,3,300,0,1
1773485030.904451,197.090,0.021,0,24,0,8,8,3,300,0,1
1773485032.904925,197.211,0.023,0,24,0,8,8,3,300,0,1
1773485034.904605,197.305,0.019,0,24,0,8,8,3,300,0,1
1773485036.904136,197.410,0.033,0,24,0,8,8,3,300,0,1
1773485038.904048,197.508,0.021,0,24,0,8,8,3,300,0,1
1773485040.904818,197.613,0.028,0,24,0,8,8,3,300,0,1
1773485042.904519,197.719,0.018,0,24,0,8,8,3,300,0,1
1773485044.904596,197.820,0.015,0,24,0,8,8,3,300,0,1
1773485046.904165,197.922,0.019,0,24,0,8,8,3,300,0,1
1773485048.903465,198.020,0.021,0,24,0,8,8,3,300,0,1
1773485050.905487,198.121,0.020,0,24,0,8,8,3,300,0,1
1773485052.904652,198.234,0.024,0,24,0,8,8,3,300,0,1
1773485054.904618,198.328,0.022,0,24,0,8,8,3,300,0,1
1773485056.904940,198.434,0.023,0,24,0,8,8,3,300,0,1
1773485058.904234,198.539,0.022,0,24,0,8,8,3,300,0,1
1773485060.903696,198.645,0.024,0,24,0,8,8,3,300,0,1
1773485062.904912,198.727,0.032,0,24,0,8,8,3,300,0,1
1773485064.905281,198.832,0.024,0,24,0,8,8,3,300,0,1
1773485066.904160,198.926,0.028,0,24,0,8,8,3,300,0,1
1773485068.904787,199.039,0.023,0,24,0,8,8,3,300,0,1
1773485070.904788,199.133,0.019,0,24,0,8,8,3,300,0,1
1773485072.904726,199.242,0.028,0,24,0,8,8,3,300,0,1
1773485074.904577,199.340,0.025,0,24,0,8,8,3,300,0,1
1773485076.904204,199.441,0.024,0,24,0,8,8,3,300,0,1
1773485078.905076,199.543,0.019,0,24,0,8,8,3,300,0,1
1773485080.904631,199.648,0.019,0,24,0,8,8,3,300,0,1
1773485082.904718,199.746,0.018,0,24,0,8,8,3,300,0,1
1773485084.904762,199.844,0.021,0,24,0,8,8,3,300,0,1
1773485086.904605,199.945,0.025,0,24,0,8,8,3,300,0,1
1773485088.904867,200.051,0.025,0,24,0,8,8,3,300,0,1
1773485090.904151,200.156,0.024,0,24,0,8,8,3,300,0,1
1773485092.905318,200.254,0.025,0,24,0,8,8,3,300,0,1
1773485094.904483,200.355,0.018,0,24,0,8,8,3,300,0,1
1773485096.904280,200.457,0.033,0,24,0,8,8,3,300,0,1
1773485098.904432,200.559,0.022,0,24,0,8,8,3,300,0,1
1773485100.904545,200.656,0.025,0,24,0,8,8,3,300,0,1
1773485102.904862,200.762,0.020,0,24,0,8,8,3,300,0,1
1773485104.904428,200.867,0.019,0,24,0,8,8,3,300,0,1
1773485106.904491,200.965,0.027,0,24,0,8,8,3,300,0,1
1773485108.904593,201.070,0.021,0,24,0,8,8,3,300,0,1
1773485110.904491,201.176,0.022,0,24,0,8,8,3,300,0,1
1773485112.904803,201.273,0.024,0,24,0,8,8,3,300,0,1
1773485114.904079,201.375,0.026,0,24,0,8,8,3,300,0,1
1773485116.904755,201.469,0.030,0,24,0,8,8,3,300,0,1
1773485118.904696,201.582,0.018,0,24,0,8,8,3,300,0,1
1773485120.905392,201.676,0.016,0,24,0,8,8,3,300,0,1
1773485122.904270,201.781,0.018,0,24,0,8,8,3,300,0,1
1773485124.903883,201.887,0.017,0,24,0,8,8,3,300,0,1
1773485126.904901,201.992,0.016,0,24,0,8,8,3,300,0,1
1773485128.904535,202.086,0.019,0,24,0,8,8,3,300,0,1
1773485130.904492,202.188,0.018,0,24,0,8,8,3,300,0,1
1773485132.904385,202.289,0.023,0,24,0,8,8,3,300,0,1
1773485134.905063,202.391,0.020,0,24,0,8,8,3,300,0,1
1773485136.904621,202.492,0.030,0,24,0,8,8,3,300,0,1
1773485138.903959,202.598,0.023,0,24,0,8,8,3,300,0,1
1773485140.904511,202.699,0.022,0,24,0,8,8,3,300,0,1
1773485142.904328,202.805,0.018,0,24,0,8,8,3,300,0,1
1773485144.903529,202.898,0.021,0,24,0,8,8,3,300,0,1
1773485146.904948,203.004,0.026,0,24,0,8,8,3,300,0,1
1773485148.905164,203.109,0.021,0,24,0,8,8,3,300,0,1
1773485150.904469,203.211,0.020,0,24,0,8,8,3,300,0,1
1773485152.904262,203.312,0.022,0,24,0,8,8,3,300,0,1
1773485154.904555,203.422,0.022,0,24,0,8,8,3,300,0,1
1773485156.904828,203.523,0.028,0,24,0,8,8,3,300,0,1
1773485158.904205,203.629,0.020,0,24,0,8,8,3,300,0,1
1773485160.904961,203.734,0.017,0,24,0,8,8,3,300,0,1
1773485162.904681,203.848,0.025,0,24,0,8,8,3,300,0,1
1773485164.904650,203.945,0.023,0,24,0,8,8,3,300,0,1
1773485166.904605,204.059,0.033,0,24,0,8,8,3,300,0,1
1773485168.904614,204.156,0.023,0,24,0,8,8,3,300,0,1
1773485170.904326,204.266,0.022,0,24,0,8,8,3,300,0,1
1773485172.904210,204.387,0.019,0,24,0,8,8,3,300,0,1
1773485174.904092,204.488,0.020,0,24,0,8,8,3,300,0,1
1773485176.905258,204.598,0.029,0,24,0,8,8,3,300,0,1
1773485178.904434,204.711,0.039,0,24,0,8,8,3,300,0,1
1773485180.904113,204.824,0.033,0,24,0,8,8,3,300,0,1
1773485182.904579,204.926,0.025,0,24,0,8,8,3,300,0,1
1773485184.904181,205.031,0.019,0,24,0,8,8,3,300,0,1
1773485186.904769,205.152,0.017,0,24,0,8,8,3,300,0,1
1773485188.904430,205.258,0.078,0,24,0,8,8,3,300,0,1
1773485190.904664,205.383,0.035,0,24,0,8,8,3,300,0,1
1773485192.904552,205.492,0.022,0,24,0,8,8,3,300,0,1
1773485194.904788,205.598,0.024,0,24,0,8,8,3,300,0,1
1773485196.905330,205.699,0.020,0,24,0,8,8,3,300,0,1
1773485198.904545,205.801,0.018,0,24,0,8,8,3,300,0,1
1773485200.904495,205.914,0.020,0,24,0,8,8,3,300,0,1
1773485202.904077,206.012,0.019,0,24,0,8,8,3,300,0,1
1773485204.905085,206.109,0.018,0,24,0,8,8,3,300,0,1
1773485206.904473,206.227,0.032,0,24,0,8,8,3,300,0,1
1773485208.904626,206.324,0.022,0,24,0,8,8,3,300,0,1
1773485210.904316,206.426,0.026,0,24,0,8,8,3,300,0,1
1773485212.904845,206.531,0.020,0,24,0,8,8,3,300,0,1
1773485214.904306,206.629,0.016,0,24,0,8,8,3,300,0,1
1773485216.904750,206.730,0.026,0,24,0,8,8,3,300,0,1
1773485218.904347,206.832,0.023,0,24,0,8,8,3,300,0,1
1773485220.904165,206.934,0.018,0,24,0,8,8,3,300,0,1
1773485222.904723,207.035,0.026,0,24,0,8,8,3,300,0,1
1773485224.904005,207.137,0.021,0,24,0,8,8,3,300,0,1
1773485226.904463,207.246,0.021,0,24,0,8,8,3,300,0,1
1773485228.904919,207.348,0.024,0,24,0,8,8,3,300,0,1
1773485230.903948,207.449,0.026,0,24,0,8,8,3,300,0,1
1773485232.904382,207.551,0.025,0,24,0,8,8,3,300,0,1
1773485234.903992,207.645,0.022,0,24,0,8,8,3,300,0,1
1773485236.904583,207.754,0.024,0,24,0,8,8,3,300,0,1
1773485238.904156,207.855,0.023,0,24,0,8,8,3,300,0,1
1773485240.904008,207.961,0.025,0,24,0,8,8,3,300,0,1
1773485242.904193,208.062,0.022,0,24,0,8,8,3,300,0,1
1773485244.903533,208.168,0.016,0,24,0,8,8,3,300,0,1
1773485246.905019,208.289,0.020,0,24,0,8,8,3,300,0,1
1773485248.904406,196.219,0.023,0,24,0,8,8,3,300,0,1
1773485250.903921,196.297,0.020,0,24,0,8,8,3,300,0,1
1773485252.903980,196.387,0.023,0,24,0,8,8,3,300,0,1
1773485254.904399,196.484,0.020,0,24,0,8,8,3,300,0,1
1773485256.904890,196.586,0.019,0,24,0,8,8,3,300,0,1
1773485258.904264,196.695,0.022,0,24,0,8,8,3,300,0,1
1773485260.905361,196.801,0.017,0,24,0,8,8,3,300,0,1
1773485262.904447,196.898,0.017,0,24,0,8,8,3,300,0,1
1773485264.904312,197.004,0.021,0,24,0,8,8,3,300,0,1
1773485266.904619,197.102,0.024,0,24,0,8,8,3,300,0,1
1773485268.905039,197.207,0.018,0,24,0,8,8,3,300,0,1
1773485270.904016,197.305,0.029,0,24,0,8,8,3,300,0,1
1773485272.904682,197.410,0.021,0,24,0,8,8,3,300,0,1
1773485274.904847,197.512,0.020,0,24,0,8,8,3,300,0,1
1773485276.904425,197.617,0.030,0,24,0,8,8,3,300,0,1
1773485278.904698,197.719,0.022,0,24,0,8,8,3,300,0,1
1773485280.904562,197.824,0.021,0,24,0,8,8,3,300,0,1
1773485282.904563,197.922,0.022,0,24,0,8,8,3,300,0,1
1773485284.904428,198.023,0.017,0,24,0,8,8,3,300,0,1
1773485286.904592,198.121,0.022,0,24,0,8,8,3,300,0,1
1773485288.904739,198.227,0.022,0,24,0,8,8,3,300,0,1
1773485290.904740,198.332,0.019,0,24,0,8,8,3,300,0,1
1773485292.904155,198.434,0.017,0,24,0,8,8,3,300,0,1
1773485294.903883,198.531,0.018,0,24,0,8,8,3,300,0,1
1773485296.903918,198.641,0.029,0,24,0,8,8,3,300,0,1
1773485298.904743,198.734,0.020,0,24,0,8,8,3,300,0,1
1773485300.904586,198.832,0.025,0,24,0,8,8,3,300,0,1
1773485302.905093,198.922,0.029,0,24,0,8,8,3,300,0,1
1773485304.903238,199.027,0.020,0,24,0,8,8,3,300,0,1
1773485306.904220,199.129,0.020,0,24,0,8,8,3,300,0,1
1773485308.904108,199.238,0.018,0,24,0,8,8,3,300,0,1
1773485310.904521,199.336,0.029,0,24,0,8,8,3,300,0,1
1773485312.903392,199.441,0.026,0,24,0,8,8,3,300,0,1
1773485314.904167,199.543,0.022,0,24,0,8,8,3,300,0,1
1773485316.904149,199.645,0.033,0,24,0,8,8,3,300,0,1
1773485318.904143,199.746,0.025,0,24,0,8,8,3,300,0,1
1773485320.903823,199.852,0.023,0,24,0,8,8,3,300,0,1
1773485322.904633,199.949,0.027,0,24,0,8,8,3,300,0,1
1773485324.903390,200.055,0.021,0,24,0,8,8,3,300,0,1
1773485326.904134,200.152,0.022,0,24,0,8,8,3,300,0,1
1773485328.904613,200.266,0.021,0,24,0,8,8,3,300,0,1
1773485330.905489,200.363,0.017,0,24,0,8,8,3,300,0,1
1773485332.904088,200.465,0.021,0,24,0,8,8,3,300,0,1
1773485334.903810,200.555,0.021,0,24,0,8,8,3,300,0,1
1773485336.904847,200.660,0.028,0,24,0,8,8,3,300,0,1
1773485338.903913,200.766,0.027,0,24,0,8,8,3,300,0,1
1773485340.904546,200.867,0.025,0,24,0,8,8,3,300,0,1
1773485342.904354,200.965,0.023,0,24,0,8,8,3,300,0,1
1773485344.905239,201.074,0.025,0,24,0,8,8,3,300,0,1
1773485346.904313,201.172,0.030,0,24,0,8,8,3,300,0,1
1773485348.904066,201.273,0.029,0,24,0,8,8,3,300,0,1
1773485350.904393,201.375,0.020,0,24,0,8,8,3,300,0,1
1773485352.904809,201.473,0.019,0,24,0,8,8,3,300,0,1
1773485354.904568,201.574,0.022,0,24,0,8,8,3,300,0,1
1773485356.903580,201.676,0.021,0,24,0,8,8,3,300,0,1
1773485358.904677,201.777,0.020,0,24,0,8,8,3,300,0,1
1773485360.904072,201.883,0.019,0,24,0,8,8,3,300,0,1
1773485362.904122,201.988,0.029,0,24,0,8,8,3,300,0,1
1773485364.903269,202.086,0.023,0,24,0,8,8,3,300,0,1
1773485366.903994,202.191,0.022,0,24,0,8,8,3,300,0,1
1773485368.904413,202.289,0.019,0,24,0,8,8,3,300,0,1
1773485370.904601,202.395,0.025,0,24,0,8,8,3,300,0,1
1773485372.905565,202.500,0.024,0,24,0,8,8,3,300,0,1
1773485374.904029,202.602,0.017,0,24,0,8,8,3,300,0,1
1773485376.904045,202.699,0.031,0,24,0,8,8,3,300,0,1
1773485378.904500,202.805,0.025,0,24,0,8,8,3,300,0,1
1773485380.904598,202.902,0.020,0,24,0,8,8,3,300,0,1
1773485382.904776,203.004,0.026,0,24,0,8,8,3,300,0,1
1773485384.904274,203.105,0.025,0,24,0,8,8,3,300,0,1
1773485386.905170,203.207,0.029,0,24,0,8,8,3,300,0,1
1773485388.904619,203.309,0.026,0,24,0,8,8,3,300,0,1
1773485390.904175,203.414,0.028,0,24,0,8,8,3,300,0,1
1773485392.904321,203.508,0.019,0,24,0,8,8,3,300,0,1
1773485394.904182,203.613,0.018,0,24,0,8,8,3,300,0,1
1773485396.904659,203.719,0.021,0,24,0,8,8,3,300,0,1
1773485398.904649,203.820,0.025,0,24,0,8,8,3,300,0,1
1773485400.904138,203.930,0.019,0,24,0,8,8,3,300,0,1
1773485402.903585,202.242,0.023,0,24,0,8,8,3,300,0,1
1773485404.904014,202.352,0.022,0,24,0,8,8,3,300,0,1
1773485406.904138,202.461,0.028,0,24,0,8,8,3,300,0,1
1773485408.903861,202.555,0.024,0,24,0,8,8,3,300,0,1
1773485410.904575,202.664,0.017,0,24,0,8,8,3,300,0,1
1773485412.903964,202.758,0.023,0,24,0,8,8,3,300,0,1
1773485414.904797,202.871,0.017,0,24,0,8,8,3,300,0,1
1773485416.904592,202.973,0.025,0,24,0,8,8,3,300,0,1
1773485418.904614,203.070,0.024,0,24,0,8,8,3,300,0,1
1773485420.904699,203.168,0.018,0,24,0,8,8,3,300,0,1
1773485422.904604,203.273,0.024,0,24,0,8,8,3,300,0,1
1773485424.903859,203.406,0.019,0,24,0,8,8,3,300,0,1
1773485426.904572,203.512,0.029,0,24,0,8,8,3,300,0,1
1773485428.905185,203.629,0.026,0,24,0,8,8,3,300,0,1
1773485430.904619,203.738,0.026,0,24,0,8,8,3,300,0,1
1773485432.904517,203.844,0.018,0,24,0,8,8,3,300,0,1
1773485434.904239,203.945,0.023,0,24,0,8,8,3,300,0,1
1773485436.904791,204.047,0.030,0,24,0,8,8,3,300,0,1
1773485438.904578,204.160,0.023,0,24,0,8,8,3,300,0,1
1773485440.904254,204.262,0.041,0,24,0,8,8,3,300,0,1
1773485442.905474,204.367,0.026,0,24,0,8,8,3,300,0,1
1773485444.904386,204.484,0.019,0,24,0,8,8,3,300,0,1
1773485446.904404,204.578,0.024,0,24,0,8,8,3,300,0,1
1773485448.903754,204.688,0.021,0,24,0,8,8,3,300,0,1
1773485450.904436,204.785,0.020,0,24,0,8,8,3,300,0,1
1773485452.904231,204.887,0.021,0,24,0,8,8,3,300,0,1
1773485454.904131,204.984,0.024,0,24,0,8,8,3,300,0,1
1773485456.905549,205.094,0.029,0,24,0,8,8,3,300,0,1
1773485458.903731,205.199,0.032,0,24,0,8,8,3,300,0,1
1773485460.904170,205.301,0.021,0,24,0,8,8,3,300,0,1
1773485462.904608,205.398,0.025,0,24,0,8,8,3,300,0,1
1773485464.903819,205.508,0.022,0,24,0,8,8,3,300,0,1
1773485466.904671,205.609,0.030,0,24,0,8,8,3,300,0,1
1773485468.904206,205.707,0.022,0,24,0,8,8,3,300,0,1
1773485470.904691,205.801,0.022,0,24,0,8,8,3,300,0,1
1773485472.904354,205.902,0.019,0,24,0,8,8,3,300,0,1
1773485474.904126,206.012,0.022,0,24,0,8,8,3,300,0,1
1773485476.903943,206.117,0.026,0,24,0,8,8,3,300,0,1
1773485478.904209,206.219,0.023,0,24,0,8,8,3,300,0,1
1773485480.903931,206.328,0.025,0,24,0,8,8,3,300,0,1
1773485482.904051,206.430,0.019,0,24,0,8,8,3,300,0,1
1773485484.904999,206.574,0.019,0,24,0,8,8,3,300,0,1
1773485486.904292,194.402,0.020,0,24,0,8,8,3,300,0,1
1773485488.903868,194.484,0.020,0,24,0,8,8,3,300,0,1
1773485490.904065,194.562,0.019,0,24,0,8,8,3,300,0,1
1773485492.904173,194.676,0.021,0,24,0,8,8,3,300,0,1
1773485494.904181,194.777,0.016,0,24,0,8,8,3,300,0,1
1773485496.904401,194.879,0.030,0,24,0,8,8,3,300,0,1
1773485498.905406,194.973,0.025,0,24,0,8,8,3,300,0,1
1773485500.904253,195.082,0.029,0,24,0,8,8,3,300,0,1
1773485502.904327,195.176,0.018,0,24,0,8,8,3,300,0,1
1773485504.903917,195.277,0.054,0,24,0,8,8,3,300,0,1
1773485506.904103,195.383,0.032,0,24,0,8,8,3,300,0,1
1773485508.904426,195.488,0.031,0,24,0,8,8,3,300,0,1
1773485510.903786,195.598,0.027,0,24,0,8,8,3,300,0,1
1773485512.904501,195.699,0.026,0,24,0,8,8,3,300,0,1
1773485514.904079,195.801,0.023,0,24,0,8,8,3,300,0,1
1773485516.903948,195.902,0.025,0,24,0,8,8,3,300,0,1
1773485518.904390,195.996,0.022,0,24,0,8,8,3,300,0,1
1773485520.904501,196.098,0.020,0,24,0,8,8,3,300,0,1
1773485522.904237,196.203,0.018,0,24,0,8,8,3,300,0,1
1773485524.904414,196.309,0.020,0,24,0,8,8,3,300,0,1
1773485526.905334,196.402,0.023,0,24,0,8,8,3,300,0,1
1773485528.904154,196.504,0.030,0,24,0,8,8,3,300,0,1
1773485530.904330,196.613,0.029,0,24,0,8,8,3,300,0,1
1773485532.903698,196.711,0.020,0,24,0,8,8,3,300,0,1
1773485534.903889,196.816,0.019,0,24,0,8,8,3,300,0,1
1773485536.904014,196.914,0.028,0,24,0,8,8,3,300,0,1
1773485538.903809,197.012,0.024,0,24,0,8,8,3,300,0,1
1773485540.905238,197.125,0.024,0,24,0,8,8,3,300,0,1
1773485542.904369,197.211,0.027,0,24,0,8,8,3,300,0,1
1773485544.904190,197.320,0.020,0,24,0,8,8,3,300,0,1
1773485546.904065,197.426,0.021,0,24,0,8,8,3,300,0,1
1773485548.904368,197.520,0.026,0,24,0,8,8,3,300,0,1
1773485550.904712,197.629,0.025,0,24,0,8,8,3,300,0,1
1773485552.904487,197.723,0.024,0,24,0,8,8,3,300,0,1
1773485554.904521,197.824,0.019,0,24,0,8,8,3,300,0,1
1773485556.904569,197.930,0.036,0,24,0,8,8,3,300,0,1
1773485558.903717,198.027,0.025,0,24,0,8,8,3,300,0,1
1773485560.904432,198.137,0.033,0,24,0,8,8,3,300,0,1
1773485562.904367,198.234,0.024,0,24,0,8,8,3,300,0,1
1773485564.904396,198.336,0.019,0,24,0,8,8,3,300,0,1
1773485566.904127,198.441,0.029,0,24,0,8,8,3,300,0,1
1773485568.905112,198.543,0.024,0,24,0,8,8,3,300,0,1
1773485570.903602,198.637,0.019,0,24,0,8,8,3,300,0,1
1773485572.904294,198.746,0.021,0,24,0,8,8,3,300,0,1
1773485574.903952,198.844,0.023,0,24,0,8,8,3,300,0,1
1773485576.904636,198.945,0.027,0,24,0,8,8,3,300,0,1
1773485578.904056,199.055,0.023,0,24,0,8,8,3,300,0,1
1773485580.903195,199.156,0.019,0,24,0,8,8,3,300,0,1
1773485582.905165,199.254,0.024,0,24,0,8,8,3,300,0,1
1773485584.904655,199.363,0.019,0,24,0,8,8,3,300,0,1
1773485586.904129,199.453,0.026,0,24,0,8,8,3,300,0,1
1773485588.904338,199.555,0.018,0,24,0,8,8,3,300,0,1
1773485590.903852,199.660,0.018,0,24,0,8,8,3,300,0,1
1773485592.904030,199.758,0.020,0,24,0,8,8,3,300,0,1
1773485594.904011,199.867,0.020,0,24,0,8,8,3,300,0,1
1773485596.905459,199.965,0.031,0,24,0,8,8,3,300,0,1
1773485598.903314,200.074,0.025,0,24,0,8,8,3,300,0,1
1773485600.903843,200.172,0.025,0,24,0,8,8,3,300,0,1
1773485602.904151,200.273,0.023,0,24,0,8,8,3,300,0,1
1773485604.904399,200.367,0.026,0,24,0,8,8,3,300,0,1
1773485606.904354,200.469,0.022,0,24,0,8,8,3,300,0,1
1773485608.903803,200.578,0.022,0,24,0,8,8,3,300,0,1
1773485610.904973,200.676,0.018,0,24,0,8,8,3,300,0,1
1773485612.904354,200.777,0.017,0,24,0,8,8,3,300,0,1
1773485614.904327,200.883,0.024,0,24,0,8,8,3,300,0,1
1773485616.903836,200.984,0.023,0,24,0,8,8,3,300,0,1
1773485618.904484,201.086,0.024,0,24,0,8,8,3,300,0,1
1773485620.902934,201.184,0.021,0,24,0,8,8,3,300,0,1
1773485622.904486,201.293,0.030,0,24,0,8,8,3,300,0,1
1773485624.905288,201.391,0.020,0,24,0,8,8,3,300,0,1
1773485626.904065,201.488,0.029,0,24,0,8,8,3,300,0,1
1773485628.903952,201.605,0.022,0,24,0,8,8,3,300,0,1
1773485630.903932,201.695,0.026,0,24,0,8,8,3,300,0,1
1773485632.904413,201.562,0.023,0,24,0,8,8,3,300,0,1
1773485634.904806,201.664,0.018,0,24,0,8,8,3,300,0,1
1773485636.903768,201.758,0.066,0,24,0,8,8,3,300,0,1
1773485638.904915,201.855,0.041,0,24,0,8,8,3,300,0,1
1773485640.903584,201.961,0.026,0,24,0,8,8,3,300,0,1
1773485642.903900,202.066,0.024,0,24,0,8,8,3,300,0,1
1773485644.904474,202.168,0.024,0,24,0,8,8,3,300,0,1
1773485646.904007,202.266,0.024,0,24,0,8,8,3,300,0,1
1773485648.903863,202.375,0.017,0,24,0,8,8,3,300,0,1
1773485650.904115,202.473,0.026,0,24,0,8,8,3,300,0,1
1773485652.904972,202.582,0.023,0,24,0,8,8,3,300,0,1
1773485654.904219,202.680,0.017,0,24,0,8,8,3,300,0,1
1773485656.904253,202.781,0.019,0,24,0,8,8,3,300,0,1
1773485658.903842,202.887,0.021,0,24,0,8,8,3,300,0,1
1773485660.903815,202.996,0.019,0,24,0,8,8,3,300,0,1
1773485662.903586,203.105,0.019,0,24,0,8,8,3,300,0,1
1773485664.903664,203.219,0.029,0,24,0,8,8,3,300,0,1
1773485666.905351,203.312,0.034,0,24,0,8,8,3,300,0,1
1773485668.904422,203.430,0.025,0,24,0,8,8,3,300,0,1
1773485670.904075,203.527,0.032,0,24,0,8,8,3,300,0,1
1773485672.904241,203.637,0.027,0,24,0,8,8,3,300,0,1
1773485674.903789,203.746,0.020,0,24,0,8,8,3,300,0,1
1773485676.904727,203.848,0.026,0,24,0,8,8,3,300,0,1
1773485678.904045,203.965,0.030,0,24,0,8,8,3,300,0,1
1773485680.904528,204.059,0.019,0,24,0,8,8,3,300,0,1
1773485682.904374,204.176,0.019,0,24,0,8,8,3,300,0,1
1773485684.904027,204.273,0.017,0,24,0,8,8,3,300,0,1
1773485686.904338,204.375,0.022,0,24,0,8,8,3,300,0,1
1773485688.904271,204.473,0.019,0,24,0,8,8,3,300,0,1
1773485690.903844,204.578,0.023,0,24,0,8,8,3,300,0,1
1773485692.904220,204.684,0.025,0,24,0,8,8,3,300,0,1
1773485694.904853,204.785,0.023,0,24,0,8,8,3,300,0,1
1773485696.904130,204.887,0.024,0,24,0,8,8,3,300,0,1
1773485698.903524,204.992,0.023,0,24,0,8,8,3,300,0,1
1773485700.903908,205.094,0.024,0,24,0,8,8,3,300,0,1
1773485702.904258,205.203,0.022,0,24,0,8,8,3,300,0,1
1773485704.903898,205.289,0.017,0,24,0,8,8,3,300,0,1
1773485706.904238,205.398,0.017,0,24,0,8,8,3,300,0,1
1773485708.904831,205.496,0.023,0,24,0,8,8,3,300,0,1
1773485710.903838,205.602,0.019,0,24,0,8,8,3,300,0,1
1773485712.903944,205.703,0.023,0,24,0,8,8,3,300,0,1
1773485714.903804,205.801,0.020,0,24,0,8,8,3,300,0,1
1773485716.903508,205.906,0.024,0,24,0,8,8,3,300,0,1
1773485718.903868,206.016,0.026,0,24,0,8,8,3,300,0,1
1773485720.903527,206.105,0.024,0,24,0,8,8,3,300,0,1
1773485722.905379,206.234,0.026,0,24,0,8,8,3,300,0,1
1773485724.903874,197.219,0.017,0,24,0,8,8,3,300,0,1
1773485726.903537,194.148,0.028,0,24,0,8,8,3,300,0,1
1773485728.904361,194.250,0.020,0,24,0,8,8,3,300,0,1
1773485730.904313,194.348,0.023,0,24,0,8,8,3,300,0,1
1773485732.904378,194.465,0.021,0,24,0,8,8,3,300,0,1
1773485734.903748,194.562,0.019,0,24,0,8,8,3,300,0,1
1773485736.904636,194.660,0.025,0,24,0,8,8,3,300,0,1
1773485738.903524,194.762,0.023,0,24,0,8,8,3,300,0,1
1773485740.904352,194.863,0.022,0,24,0,8,8,3,300,0,1
1773485742.903927,194.965,0.024,0,24,0,8,8,3,300,0,1
1773485744.903625,195.070,0.018,0,24,0,8,8,3,300,0,1
1773485746.903484,195.172,0.015,0,24,0,8,8,3,300,0,1
1773485748.904278,195.277,0.018,0,24,0,8,8,3,300,0,1
1773485750.904694,195.379,0.024,0,24,0,8,8,3,300,0,1
1773485752.904363,195.480,0.023,0,24,0,8,8,3,300,0,1
1773485754.903525,195.578,0.019,0,24,0,8,8,3,300,0,1
1773485756.904672,195.680,0.021,0,24,0,8,8,3,300,0,1
1773485758.904327,195.785,0.021,0,24,0,8,8,3,300,0,1
1773485760.904358,195.883,0.021,0,24,0,8,8,3,300,0,1
1773485762.903524,195.992,0.028,0,24,0,8,8,3,300,0,1
1773485764.903907,196.094,0.018,0,24,0,8,8,3,300,0,1
1773485766.904184,196.199,0.023,0,24,0,8,8,3,300,0,1
1773485768.903490,196.297,0.025,0,24,0,8,8,3,300,0,1
1773485770.903649,196.395,0.018,0,24,0,8,8,3,300,0,1
1773485772.903710,196.504,0.018,0,24,0,8,8,3,300,0,1
1773485774.903938,196.605,0.021,0,24,0,8,8,3,300,0,1
1773485776.903302,196.703,0.028,0,24,0,8,8,3,300,0,1
1773485778.904242,196.812,0.027,0,24,0,8,8,3,300,0,1
1773485780.904404,196.906,0.022,0,24,0,8,8,3,300,0,1
1773485782.904387,197.004,0.019,0,24,0,8,8,3,300,0,1
1773485784.904203,197.102,0.022,0,24,0,8,8,3,300,0,1
1773485786.903905,197.207,0.030,0,24,0,8,8,3,300,0,1
1773485788.904367,197.301,0.029,0,24,0,8,8,3,300,0,1
1773485790.904006,197.406,0.027,0,24,0,8,8,3,300,0,1
1773485792.903617,197.504,0.032,0,24,0,8,8,3,300,0,1
1773485794.903403,197.613,0.024,0,24,0,8,8,3,300,0,1
1773485796.903586,197.707,0.032,0,24,0,8,8,3,300,0,1
1773485798.903534,197.824,0.023,0,24,0,8,8,3,300,0,1
1773485800.903609,197.926,0.017,0,24,0,8,8,3,300,0,1
1773485802.903344,198.031,0.026,0,24,0,8,8,3,300,0,1
1773485804.904289,198.129,0.022,0,24,0,8,8,3,300,0,1
1773485806.903937,198.227,0.027,0,24,0,8,8,3,300,0,1
1773485808.904177,198.332,0.022,0,24,0,8,8,3,300,0,1
1773485810.903695,198.434,0.031,0,24,0,8,8,3,300,0,1
1773485812.904320,198.539,0.020,0,24,0,8,8,3,300,0,1
1773485814.903735,198.645,0.018,0,24,0,8,8,3,300,0,1
1773485816.903377,198.746,0.023,0,24,0,8,8,3,300,0,1
1773485818.903633,198.848,0.021,0,24,0,8,8,3,300,0,1
1773485820.904253,198.945,0.020,0,24,0,8,8,3,300,0,1
1773485822.903823,199.047,0.026,0,24,0,8,8,3,300,0,1
1773485824.904322,199.145,0.017,0,24,0,8,8,3,300,0,1
1773485826.903931,199.254,0.022,0,24,0,8,8,3,300,0,1
1773485828.903960,199.348,0.025,0,24,0,8,8,3,300,0,1
1773485830.904432,199.453,0.023,0,24,0,8,8,3,300,0,1
1773485832.904253,199.559,0.022,0,24,0,8,8,3,300,0,1
1773485834.904148,199.656,0.017,0,24,0,8,8,3,300,0,1
1773485836.904358,199.762,0.034,0,24,0,8,8,3,300,0,1
1773485838.903499,199.859,0.029,0,24,0,8,8,3,300,0,1
1773485840.903552,199.965,0.024,0,24,0,8,8,3,300,0,1
1773485842.903971,200.066,0.023,0,24,0,8,8,3,300,0,1
1773485844.904292,200.168,0.021,0,24,0,8,8,3,300,0,1
1773485846.903550,200.273,0.024,0,24,0,8,8,3,300,0,1
1773485848.904521,200.367,0.026,0,24,0,8,8,3,300,0,1
1773485850.903496,200.469,0.020,0,24,0,8,8,3,300,0,1
1773485852.904164,200.578,0.022,0,24,0,8,8,3,300,0,1
1773485854.904187,200.672,0.027,0,24,0,8,8,3,300,0,1
1773485856.904301,200.781,0.028,0,24,0,8,8,3,300,0,1
1773485858.904312,200.879,0.025,0,24,0,8,8,3,300,0,1
1773485860.904174,200.977,0.032,0,24,0,8,8,3,300,0,1
1773485862.903963,201.082,0.031,0,24,0,8,8,3,300,0,1
1773485864.904305,201.184,0.020,0,24,0,8,8,3,300,0,1
1773485866.904526,201.289,0.022,0,24,0,8,8,3,300,0,1
1773485868.904280,201.391,0.023,0,24,0,8,8,3,300,0,1
1773485870.903712,201.496,0.019,0,24,0,8,8,3,300,0,1
1773485872.903323,201.594,0.020,0,24,0,8,8,3,300,0,1
1773485874.903685,201.688,0.022,0,24,0,8,8,3,300,0,1
1773485876.903963,201.793,0.021,0,24,0,8,8,3,300,0,1
1773485878.903186,201.898,0.026,0,24,0,8,8,3,300,0,1
1773485880.903548,202.004,0.029,0,24,0,8,8,3,300,0,1
1773485882.904138,202.105,0.020,0,24,0,8,8,3,300,0,1
1773485884.904424,202.203,0.017,0,24,0,8,8,3,300,0,1
1773485886.904152,202.312,0.021,0,24,0,8,8,3,300,0,1
1773485888.904360,202.398,0.021,0,24,0,8,8,3,300,0,1
1773485890.904810,202.504,0.020,0,24,0,8,8,3,300,0,1
1773485892.904135,202.605,0.021,0,24,0,8,8,3,300,0,1
1773485894.903723,202.707,0.017,0,24,0,8,8,3,300,0,1
1773485896.903542,202.812,0.021,0,24,0,8,8,3,300,0,1
1773485898.904048,202.918,0.022,0,24,0,8,8,3,300,0,1
1773485900.904418,203.086,0.025,0,24,0,8,8,3,300,0,1
1773485902.902670,203.180,0.026,0,24,0,8,8,3,300,0,1
1773485904.902942,203.277,0.022,0,24,0,8,8,3,300,0,1
1773485906.904226,203.379,0.036,0,24,0,8,8,3,300,0,1
1773485908.903494,203.480,0.026,0,24,0,8,8,3,300,0,1
1773485910.903402,203.590,0.023,0,24,0,8,8,3,300,0,1
1773485912.904282,203.688,0.023,0,24,0,8,8,3,300,0,1
1773485914.903682,203.789,0.019,0,24,0,8,8,3,300,0,1
1773485916.904333,203.895,0.023,0,24,0,8,8,3,300,0,1
1773485918.904675,203.996,0.022,0,24,0,8,8,3,300,0,1
1773485920.903746,204.105,0.020,0,24,0,8,8,3,300,0,1
1773485922.903483,204.207,0.020,0,24,0,8,8,3,300,0,1
1773485924.903596,204.316,0.018,0,24,0,8,8,3,300,0,1
1773485926.903775,204.418,0.029,0,24,0,8,8,3,300,0,1
1773485928.904230,204.516,0.044,0,24,0,8,8,3,300,0,1
1773485930.903864,204.617,0.032,0,24,0,8,8,3,300,0,1
1773485932.903788,204.719,0.020,0,24,0,8,8,3,300,0,1
1773485934.903059,204.824,0.022,0,24,0,8,8,3,300,0,1
1773485936.904451,204.926,0.020,0,24,0,8,8,3,300,0,1
1773485938.903640,205.023,0.017,0,24,0,8,8,3,300,0,1
1773485940.903620,205.125,0.016,0,24,0,8,8,3,300,0,1
1773485942.904251,205.227,0.026,0,24,0,8,8,3,300,0,1
1773485944.903967,205.332,0.021,0,24,0,8,8,3,300,0,1
1773485946.903526,205.430,0.026,0,24,0,8,8,3,300,0,1
1773485948.904393,205.531,0.024,0,24,0,8,8,3,300,0,1
1773485950.904128,205.637,0.020,0,24,0,8,8,3,300,0,1
1773485952.904004,205.738,0.020,0,24,0,8,8,3,300,0,1
1773485954.903705,205.848,0.018,0,24,0,8,8,3,300,0,1
1773485956.903505,205.941,0.028,0,24,0,8,8,3,300,0,1
1773485958.903353,206.043,0.026,0,24,0,8,8,3,300,0,1
1773485960.905013,206.203,0.024,0,24,0,8,8,3,300,0,1
1773485962.903437,197.207,0.018,0,24,0,8,8,3,300,0,1
1773485964.904210,194.215,0.022,0,24,0,8,8,3,300,0,1
1773485966.904244,194.309,0.022,0,24,0,8,8,3,300,0,1
1773485968.903707,194.414,0.019,0,24,0,8,8,3,300,0,1
1773485970.903682,194.516,0.021,0,24,0,8,8,3,300,0,1
1773485972.904049,194.617,0.024,0,24,0,8,8,3,300,0,1
1773485974.904776,194.719,0.020,0,24,0,8,8,3,300,0,1
1773485976.903593,194.824,0.026,0,24,0,8,8,3,300,0,1
1773485978.903529,194.926,0.025,0,24,0,8,8,3,300,0,1
1773485980.903638,195.027,0.017,0,24,0,8,8,3,300,0,1
1773485982.903456,195.129,0.025,0,24,0,8,8,3,300,0,1
1773485984.903520,195.234,0.019,0,24,0,8,8,3,300,0,1
1773485986.903830,195.340,0.026,0,24,0,8,8,3,300,0,1
1773485988.904173,195.438,0.025,0,24,0,8,8,3,300,0,1
1773485990.903442,195.531,0.017,0,24,0,8,8,3,300,0,1
1773485992.904091,195.637,0.018,0,24,0,8,8,3,300,0,1
1773485994.903845,195.742,0.022,0,24,0,8,8,3,300,0,1
1773485996.903970,195.848,0.032,0,24,0,8,8,3,300,0,1
1773485998.903303,195.949,0.025,0,24,0,8,8,3,300,0,1
1773486000.903341,196.051,0.020,0,24,0,8,8,3,300,0,1
1773486002.904929,196.160,0.018,0,24,0,8,8,3,300,0,1
1773486004.904246,196.262,0.016,0,24,0,8,8,3,300,0,1
1773486006.903074,196.359,0.017,0,24,0,8,8,3,300,0,1
1773486008.904224,196.461,0.017,0,24,0,8,8,3,300,0,1
1773486010.903370,196.566,0.017,0,24,0,8,8,3,300,0,1
1773486012.903988,196.664,0.019,0,24,0,8,8,3,300,0,1
1773486014.903937,196.770,0.021,0,24,0,8,8,3,300,0,1
1773486016.904168,196.867,0.026,0,24,0,8,8,3,300,0,1
1773486018.903784,196.973,0.033,0,24,0,8,8,3,300,0,1
1773486020.904222,197.078,0.029,0,24,0,8,8,3,300,0,1
1773486022.903770,197.164,0.026,0,24,0,8,8,3,300,0,1
1773486026.497660,198.949,0.019,0,24,0,8,8,3,300,0,1
1773486026.913680,198.512,0.020,0,24,0,8,8,3,300,0,1
1773486028.913178,198.609,0.021,0,24,0,8,8,3,300,0,1
1773486030.923092,198.719,0.021,0,24,0,8,8,3,300,0,1
1773486032.905423,198.820,0.022,0,24,0,8,8,3,300,0,1
1773486034.945281,198.918,0.099,0,24,0,8,8,3,300,0,1
1773486036.906306,199.023,0.050,0,24,0,8,8,3,300,0,1
1773486038.903636,199.121,0.051,0,24,0,8,8,3,300,0,1
1773486040.903416,199.219,0.029,0,24,0,8,8,3,300,0,1
1773486042.903396,199.328,0.026,0,24,0,8,8,3,300,0,1
1773486044.903980,199.426,0.020,0,24,0,8,8,3,300,0,1
1773486046.903788,199.523,0.021,0,24,0,8,8,3,300,0,1
1773486048.904104,199.629,0.035,0,24,0,8,8,3,300,0,1
1773486050.904319,199.734,0.023,0,24,0,8,8,3,300,0,1
1773486052.903284,199.840,0.020,0,24,0,8,8,3,300,0,1
1773486054.903377,199.941,0.017,0,24,0,8,8,3,300,0,1
1773486056.903958,200.035,0.028,0,24,0,8,8,3,300,0,1
1773486058.904150,200.137,0.019,0,24,0,8,8,3,300,0,1
1773486060.904016,200.242,0.016,0,24,0,8,8,3,300,0,1
1773486062.903667,200.348,0.025,0,24,0,8,8,3,300,0,1
1773486064.903836,200.457,0.020,0,24,0,8,8,3,300,0,1
1773486066.904545,200.547,0.029,0,24,0,8,8,3,300,0,1
1773486068.904165,200.652,0.021,0,24,0,8,8,3,300,0,1
1773486070.902477,200.750,0.020,0,24,0,8,8,3,300,0,1
1773486072.904047,200.848,0.026,0,24,0,8,8,3,300,0,1
1773486074.904573,200.957,0.019,0,24,0,8,8,3,300,0,1
1773486076.903957,201.055,0.023,0,24,0,8,8,3,300,0,1
1773486078.903336,201.160,0.020,0,24,0,8,8,3,300,0,1
1773486080.904522,201.262,0.017,0,24,0,8,8,3,300,0,1
1773486082.903583,219.547,0.017,0,24,0,8,8,3,300,0,1
1773486084.903281,220.141,0.017,0,24,0,8,8,3,300,0,1
1773486086.904083,324.461,0.017,0,24,0,8,8,3,300,0,1
1773486088.904097,199.039,0.017,0,24,0,8,8,3,300,0,1
1773486090.903913,199.039,0.017,0,24,0,8,8,3,300,0,1
1773486092.904129,199.039,0.017,0,24,0,8,8,3,300,0,1
1773486094.904396,199.039,0.017,0,24,0,8,8,3,300,0,1
1773486096.903912,199.039,0.017,0,24,0,8,8,3,300,0,1
1773486098.903625,199.039,0.017,0,24,0,8,8,3,300,0,1
1773486100.903630,199.039,0.017,0,24,0,8,8,3,300,0,1
1773486102.905047,199.039,0.017,0,24,0,8,8,3,300,0,1
1773486104.904194,199.039,0.017,0,24,0,8,8,3,300,0,1
1773486106.904082,199.039,0.017,0,24,0,8,8,3,300,0,1
1773486108.903879,199.039,0.017,0,24,0,8,8,3,300,0,1
1773486110.903220,199.039,0.017,0,24,0,8,8,3,300,0,1
1773486112.904003,199.039,0.017,0,24,0,8,8,3,300,0,1
1773749179.710533,152.320,0.000,0,24,0,8,8,3,100,0,0
1773749181.698359,152.188,0.000,0,24,0,8,8,3,100,0,0
1773749183.696997,152.188,0.000,0,24,0,8,8,3,100,0,0
1773749185.698792,152.320,0.000,0,24,0,8,8,3,100,0,0
1773749187.698089,152.328,0.000,0,24,0,8,8,3,100,0,0
1773749190.075575,161.621,0.000,0,24,0,8,8,3,100,0,0
1773749191.698105,166.711,0.023,0,24,0,8,8,3,100,0,0
1773749193.698280,167.105,0.017,0,24,0,8,8,3,100,0,0
1773749195.697566,167.141,0.018,0,24,0,8,8,3,100,0,0
1773749197.699402,167.152,0.021,0,24,0,8,8,3,100,0,0
1773749199.698917,167.152,0.019,0,24,0,8,8,3,100,0,0
1773749201.698158,167.164,0.017,0,24,0,8,8,3,100,0,0
1773749203.698133,167.172,0.018,0,24,0,8,8,3,100,0,0
1773749205.698697,166.914,0.017,0,24,0,8,8,3,100,0,0
1773749207.696024,166.918,0.016,0,24,0,8,8,3,100,0,0
1773749209.697513,166.969,0.021,0,24,0,8,8,3,100,0,0
1773749211.697259,166.973,0.021,0,24,0,8,8,3,100,0,0
1773749213.696287,166.977,0.021,0,24,0,8,8,3,100,0,0
1773749215.695510,166.980,0.022,0,24,0,8,8,3,100,0,0
1773749217.696061,166.996,0.018,0,24,0,8,8,3,100,0,0
1773749219.697977,166.996,0.019,0,24,0,8,8,3,100,0,0
1773749221.698494,167.008,0.018,0,24,0,8,8,3,100,0,0
1773749223.698619,167.020,0.017,0,24,0,8,8,3,100,0,0
1773749225.698327,167.023,0.016,0,24,0,8,8,3,100,0,0
1773749227.698126,167.027,0.018,0,24,0,8,8,3,100,0,0
1773749229.698570,167.043,0.015,0,24,0,8,8,3,100,0,0
1773749231.698045,167.051,0.022,0,24,0,8,8,3,100,0,0
1773749233.698122,167.020,0.018,0,24,0,8,8,3,100,0,0
1773749235.698291,167.070,0.018,0,24,0,8,8,3,100,0,0
1773749237.696250,167.082,0.019,0,24,0,8,8,3,100,0,0
1773749239.698226,167.086,0.015,0,24,0,8,8,3,100,0,0
1773749241.696494,167.098,0.020,0,24,0,8,8,3,100,0,0
1773749243.695869,167.105,0.018,0,24,0,8,8,3,100,0,0
1773749245.698373,167.113,0.018,0,24,0,8,8,3,100,0,0
1773749247.696672,167.117,0.018,0,24,0,8,8,3,100,0,0
1773749249.697335,167.129,0.020,0,24,0,8,8,3,100,0,0
1773749251.698617,167.129,0.016,0,24,0,8,8,3,100,0,0
1773749253.697728,167.141,0.019,0,24,0,8,8,3,100,0,0
1773749255.698761,167.148,0.015,0,24,0,8,8,3,100,0,0
1773749257.698181,167.156,0.017,0,24,0,8,8,3,100,0,0
1773749259.698747,167.164,0.016,0,24,0,8,8,3,100,0,0
1773749261.698615,167.176,0.016,0,24,0,8,8,3,100,0,0
1773749263.697914,167.180,0.018,0,24,0,8,8,3,100,0,0
1773749265.698549,167.180,0.015,0,24,0,8,8,3,100,0,0
1773749267.696250,167.180,0.017,0,24,0,8,8,3,100,0,0
1773749269.698306,167.180,0.017,0,24,0,8,8,3,100,0,0
1773749271.698578,167.180,0.016,0,24,0,8,8,3,100,0,0
1773749273.696596,167.180,0.017,0,24,0,8,8,3,100,0,0
1773749275.698390,167.184,0.017,0,24,0,8,8,3,100,0,0
1773749277.698755,167.184,0.016,0,24,0,8,8,3,100,0,0
1773749279.699091,167.188,0.016,0,24,0,8,8,3,100,0,0
1773749281.697827,167.188,0.019,0,24,0,8,8,3,100,0,0
1773749283.699354,167.188,0.020,0,24,0,8,8,3,100,0,0
1773749285.697837,167.188,0.020,0,24,0,8,8,3,100,0,0
1773749287.698038,167.188,0.018,0,24,0,8,8,3,100,0,0
1773749289.698798,167.188,0.017,0,24,0,8,8,3,100,0,0
1773749291.698401,167.188,0.017,0,24,0,8,8,3,100,0,0
1773749293.697671,167.188,0.024,0,24,0,8,8,3,100,0,0
1773749295.696404,167.191,0.018,0,24,0,8,8,3,100,0,0
1773749297.698765,167.188,0.019,0,24,0,8,8,3,100,0,0
1773749299.698363,167.188,0.016,0,24,0,8,8,3,100,0,0
1773749301.698183,167.191,0.019,0,24,0,8,8,3,100,0,0
1773749303.698379,167.191,0.016,0,24,0,8,8,3,100,0,0
1773749305.698582,167.191,0.018,0,24,0,8,8,3,100,0,0
1773749307.697726,167.191,0.018,0,24,0,8,8,3,100,0,0
1773749309.698977,167.191,0.015,0,24,0,8,8,3,100,0,0
1773749311.698472,167.191,0.014,0,24,0,8,8,3,100,0,0
1773749313.698035,167.191,0.018,0,24,0,8,8,3,100,0,0
1773749315.698165,167.191,0.015,0,24,0,8,8,3,100,0,0
1773749317.697536,167.191,0.017,0,24,0,8,8,3,100,0,0
1773749319.698479,167.191,0.016,0,24,0,8,8,3,100,0,0
1773749321.698261,167.203,0.017,0,24,0,8,8,3,100,0,0
1773749323.697958,167.207,0.018,0,24,0,8,8,3,100,0,0
1773749325.698878,167.207,0.018,0,24,0,8,8,3,100,0,0
1773749327.698724,167.219,0.017,0,24,0,8,8,3,100,0,0
1773749329.697915,167.219,0.018,0,24,0,8,8,3,100,0,0
1773749331.696932,167.230,0.017,0,24,0,8,8,3,100,0,0
1773749333.695573,167.398,0.017,0,24,0,8,8,3,100,0,0
1773749335.698709,167.391,0.017,0,24,0,8,8,3,100,0,0
1773749337.698102,167.363,0.018,0,24,0,8,8,3,100,0,0
1773749339.697810,167.383,0.021,0,24,0,8,8,3,100,0,0
1773749341.698297,167.387,0.019,0,24,0,8,8,3,100,0,0
1773749343.698730,167.426,0.019,0,24,0,8,8,3,100,0,0
1773749345.697653,167.430,0.018,0,24,0,8,8,3,100,0,0
1773749348.659325,194.316,0.015,0,24,0,8,8,3,100,0,0
1773749350.033102,196.160,0.017,0,24,0,8,8,3,100,0,0
1773749351.698067,196.246,0.018,0,24,0,7,7,3,300,0,1
1773749353.699108,196.230,0.017,0,24,0,8,8,3,100,0,0
1773749355.695855,196.242,0.017,0,24,0,8,8,3,100,0,0
1773749357.697601,196.281,0.015,0,24,0,8,8,3,100,0,0
1773749359.696819,196.277,0.016,0,24,0,8,8,3,100,0,0
1773749361.698329,196.297,0.018,0,24,0,8,8,3,100,0,0
1773749363.698097,196.297,0.017,0,24,0,8,8,3,100,0,0
1773749365.698234,196.301,0.017,0,24,0,8,8,3,100,0,0
1773749367.698524,196.332,0.018,0,24,0,8,8,3,100,0,0
1773749369.697857,196.375,0.016,0,24,0,8,8,3,100,0,0
1773749371.699155,196.402,0.017,0,24,0,8,8,3,100,0,0
1773749373.698840,196.402,0.016,0,24,0,8,8,3,100,0,0
1773749375.696980,196.402,0.015,0,24,0,8,8,3,100,0,0
1773749377.697952,196.402,0.017,0,24,0,8,8,3,100,0,0
1773749379.698187,196.316,0.017,0,24,0,8,8,3,100,0,0
1773749381.698882,196.320,0.015,0,24,0,8,8,3,100,0,0
1773749383.697763,196.270,0.016,0,24,0,8,8,3,100,0,0
1773749385.697304,196.289,0.019,0,24,0,8,8,3,100,0,0
1773749387.698709,196.316,0.015,0,24,0,8,8,3,100,0,0
1773749389.697221,196.316,0.020,0,24,0,8,8,3,100,0,0
1773749391.697864,196.316,0.015,0,24,0,8,8,3,100,0,0
1773749393.698429,196.332,0.016,0,24,0,8,8,3,100,0,0
1773749395.699002,196.332,0.017,0,24,0,8,8,3,100,0,0
1773749397.698277,196.344,0.018,0,24,0,8,8,3,100,0,0
1773749399.698538,196.344,0.015,0,24,0,8,8,3,100,0,0
1773749401.698611,196.344,0.016,0,24,0,8,8,3,100,0,0
1773749403.698445,196.344,0.016,0,24,0,8,8,3,100,0,0
1773749405.698392,196.344,0.017,0,24,0,8,8,3,100,0,0
1773749407.698207,196.344,0.016,0,24,0,8,8,3,100,0,0
1773749409.699251,196.344,0.014,0,24,0,8,8,3,100,0,0
1773749411.696905,196.344,0.017,0,24,0,8,8,3,100,0,0
1773749413.696210,196.344,0.015,0,24,0,8,8,3,100,0,0
1773749415.698453,196.344,0.014,0,24,0,8,8,3,100,0,0
1773749417.698782,196.410,0.019,0,24,0,8,8,3,100,0,0
1773749419.698776,196.422,0.016,0,24,0,8,8,3,100,0,0
1773749421.697949,196.422,0.017,0,24,0,8,8,3,100,0,0
1773749423.696709,196.418,0.019,0,24,0,8,8,3,100,0,0
1773749425.698411,196.422,0.019,0,24,0,8,8,3,100,0,0
1773749427.698398,196.422,0.018,0,24,0,8,8,3,100,0,0
1773749429.696279,196.422,0.048,0,24,0,8,8,3,100,0,0
1773749431.698385,196.422,0.019,0,24,0,8,8,3,100,0,0
1773749433.697123,196.426,0.022,0,24,0,8,8,3,100,0,0
1773749435.698186,196.434,0.017,0,24,0,8,8,3,100,0,0
1773749437.698037,196.434,0.020,0,24,0,8,8,3,100,0,0
1773749439.695882,196.434,0.019,0,24,0,8,8,3,100,0,0
1773749441.698629,196.434,0.017,0,24,0,8,8,3,100,0,0
1773749443.697232,196.434,0.017,0,24,0,8,8,3,100,0,0
1773749445.698890,196.516,0.023,0,24,0,8,8,3,100,0,0
1773749447.832422,196.383,0.017,0,24,0,8,8,3,100,0,0
1773749449.697528,196.488,0.022,0,24,0,8,8,3,100,0,0
1773749451.698705,196.512,0.020,0,24,0,8,8,3,100,0,0
1773749453.698753,196.605,0.018,0,24,0,8,8,3,100,0,0
1773749455.699023,196.707,0.016,0,24,0,8,8,3,100,0,0
1773749457.697161,196.812,0.020,0,24,0,8,8,3,100,0,0
1773749459.695792,196.910,0.018,0,24,0,8,8,3,100,0,0
1773749461.698778,197.027,0.018,0,24,0,8,8,3,100,0,0
1773749463.698620,197.129,0.017,0,24,0,8,8,3,100,0,0
1773749465.699233,197.234,0.016,0,24,0,8,8,3,100,0,0
1773749467.699005,197.332,0.018,0,24,0,8,8,3,100,0,0
1773749469.698889,197.430,0.019,0,24,0,8,8,3,100,0,0
1773749471.698203,197.535,0.017,0,24,0,8,8,3,100,0,0
1773749473.696502,197.684,0.018,0,24,0,8,8,3,100,0,0
1773749475.696909,197.793,0.017,0,24,0,8,8,3,100,0,0
1773749477.698775,197.891,0.016,0,24,0,8,8,3,100,0,0
1773749479.698473,198.000,0.016,0,24,0,8,8,3,100,0,0
1773749481.698059,198.094,0.020,0,24,0,8,8,3,100,0,0
1773749483.698748,198.191,0.018,0,24,0,8,8,3,100,0,0
1773749485.698249,198.293,0.017,0,24,0,8,8,3,100,0,0
1773749487.698501,198.402,0.018,0,24,0,8,8,3,100,0,0
1773749489.698756,198.500,0.015,0,24,0,8,8,3,100,0,0
1773749491.698375,198.605,0.016,0,24,0,8,8,3,100,0,0
1773749493.696766,198.715,0.018,0,24,0,8,8,3,100,0,0
1773749495.699170,198.824,0.024,0,24,0,8,8,3,100,0,0
1773749497.698195,198.926,0.020,0,24,0,8,8,3,100,0,0
1773749499.698585,199.031,0.019,0,24,0,8,8,3,100,0,0
1773749501.698428,199.125,0.017,0,24,0,8,8,3,100,0,0
1773749503.698613,199.215,0.019,0,24,0,8,8,3,100,0,0
1773749505.696567,199.320,0.016,0,24,0,8,8,3,100,0,0
1773749507.697425,199.422,0.017,0,24,0,8,8,3,100,0,0
1773749509.696733,199.531,0.022,0,24,0,8,8,3,100,0,0
1773749511.698767,199.629,0.015,0,24,0,8,8,3,100,0,0
1773749513.698810,199.730,0.022,0,24,0,8,8,3,100,0,0
1773749515.696792,199.836,0.026,0,24,0,8,8,3,100,0,0
1773749517.696414,199.930,0.016,0,24,0,8,8,3,100,0,0
1773749519.698075,200.039,0.018,0,24,0,8,8,3,100,0,0
1773749521.699294,200.141,0.018,0,24,0,8,8,3,100,0,0
1773749523.698788,200.238,0.017,0,24,0,8,8,3,100,0,0
1773749525.699086,200.355,0.018,0,24,0,8,8,3,100,0,0
1773749527.698613,200.457,0.015,0,24,0,8,8,3,100,0,0
1773749529.698543,200.562,0.019,0,24,0,8,8,3,100,0,0
1773749531.698819,200.668,0.017,0,24,0,8,8,3,100,0,0
1773749533.698828,200.770,0.017,0,24,0,8,8,3,100,0,0
1773749535.698413,200.871,0.017,0,24,0,8,8,3,100,0,0
1773749537.698531,200.969,0.017,0,24,0,8,8,3,100,0,0
1773749539.697855,201.082,0.019,0,24,0,8,8,3,100,0,0
1773749541.699127,201.219,0.018,0,24,0,8,8,3,100,0,0
1773749543.699372,201.320,0.023,0,24,0,8,8,3,100,0,0
1773749545.696721,201.422,0.028,0,24,0,8,8,3,100,0,0
1773749547.698486,201.527,0.017,0,24,0,8,8,3,100,0,0
1773749549.695977,201.633,0.020,0,24,0,8,8,3,100,0,0
1773749551.698573,201.727,0.021,0,24,0,8,8,3,100,0,0
1773749553.697769,201.844,0.018,0,24,0,8,8,3,100,0,0
1773749555.698864,201.949,0.016,0,24,0,8,8,3,100,0,0
1773749557.697101,202.062,0.019,0,24,0,8,8,3,100,0,0
1773749559.697678,202.164,0.019,0,24,0,8,8,3,100,0,0
1773749561.697347,202.266,0.016,0,24,0,8,8,3,100,0,0
1773749563.698760,202.367,0.015,0,24,0,8,8,3,100,0,0
1773749565.698545,202.469,0.016,0,24,0,8,8,3,100,0,0
1773749567.698185,202.566,0.035,0,24,0,8,8,3,100,0,0
1773749569.698531,202.680,0.018,0,24,0,8,8,3,100,0,0
1773749571.696087,199.082,0.022,0,24,0,8,8,3,100,0,0
1773749573.701289,196.562,0.022,0,24,0,8,8,3,100,0,0
1773749575.698112,196.570,0.018,0,24,0,8,8,3,100,0,0
1773749577.698800,196.570,0.019,0,24,0,8,8,3,100,0,0
1773749579.698273,196.570,0.028,0,24,0,8,8,3,100,0,0
1773749581.699039,196.570,0.020,0,24,0,8,8,3,100,0,0
1773749583.699124,196.438,0.017,0,24,0,8,8,3,100,0,0
1773749585.698720,196.438,0.020,0,24,0,8,8,3,100,0,0
1773749587.698390,196.438,0.020,0,24,0,8,8,3,100,0,0
1773749589.698474,196.438,0.016,0,24,0,8,8,3,100,0,0
1773749591.698912,196.438,0.023,0,24,0,8,8,3,100,0,0
1773749593.696705,196.438,0.018,0,24,0,8,8,3,100,0,0
1773749595.696045,196.438,0.018,0,24,0,8,8,3,100,0,0
1773749597.698472,196.438,0.019,0,24,0,8,8,3,100,0,0
1773749599.699175,196.438,0.019,0,24,0,8,8,3,100,0,0
1773749601.697443,196.438,0.021,0,24,0,8,8,3,100,0,0
1773749603.696305,196.438,0.022,0,24,0,8,8,3,100,0,0
1773749605.698882,196.438,0.015,0,24,0,8,8,3,100,0,0
1773749607.698332,196.438,0.017,0,24,0,8,8,3,100,0,0
1773749609.698590,196.438,0.017,0,24,0,8,8,3,100,0,0
1773749611.698734,196.438,0.028,0,24,0,8,8,3,100,0,0
1773749613.698848,196.438,0.017,0,24,0,8,8,3,100,0,0
1773749615.699021,196.438,0.018,0,24,0,8,8,3,100,0,0
1773749617.699127,196.438,0.024,0,24,0,8,8,3,100,0,0
1773749619.698811,196.438,0.015,0,24,0,8,8,3,100,0,0
1773749621.699204,196.441,0.021,0,24,0,8,8,3,100,0,0
1773749623.697872,196.430,0.018,0,24,0,8,8,3,100,0,0
1773749625.822086,196.488,0.017,0,24,0,8,8,3,100,0,0
1773749627.831811,196.465,0.018,0,24,0,8,8,3,100,0,0
1773749629.697559,196.562,0.018,0,24,0,8,8,3,100,0,0
1773749631.696867,196.598,0.022,0,24,0,8,8,3,100,0,0
1773749633.695678,196.660,0.019,0,24,0,8,8,3,100,0,0
1773749635.698899,196.754,0.383,0,24,0,8,8,3,100,0,0
1773749637.699041,196.867,0.026,0,24,0,8,8,3,100,0,0
1773749639.695987,196.969,0.019,0,24,0,8,8,3,100,0,0
1773749641.698139,197.070,0.019,0,24,0,8,8,3,100,0,0
1773749643.695909,196.609,0.018,0,24,0,8,8,3,100,0,0
1773749645.696188,196.609,0.023,0,24,0,8,8,3,100,0,0
1773749647.697001,196.609,0.017,0,24,0,8,8,3,100,0,0
1773749649.697424,196.621,0.021,0,24,0,8,8,3,100,0,0
1773749651.697453,196.621,0.019,0,24,0,8,8,3,100,0,0
1773749653.698372,196.617,0.019,0,24,0,8,8,3,100,0,0
1773749655.698753,196.578,0.020,0,24,0,8,8,3,100,0,0
1773749657.697400,196.582,0.019,0,24,0,8,8,3,100,0,0
1773749659.698982,196.609,0.016,0,24,0,8,8,3,100,0,0
1773749661.696419,196.695,0.017,0,24,0,8,8,3,100,0,0
1773749663.697578,196.805,0.018,0,24,0,8,8,3,100,0,0
1773749665.696984,196.895,0.016,0,24,0,8,8,3,100,0,0
1773749667.698907,197.004,0.016,0,24,0,8,8,3,100,0,0
1773749669.699145,197.105,0.017,0,24,0,8,8,3,100,0,0
1773749671.698020,197.211,0.018,0,24,0,8,8,3,100,0,0
1773749673.697064,197.312,0.017,0,24,0,8,8,3,100,0,0
1773749675.699748,197.406,0.018,0,24,0,8,8,3,100,0,0
1773749677.698022,197.512,0.018,0,24,0,8,8,3,100,0,0
1773749679.698605,197.613,0.016,0,24,0,8,8,3,100,0,0
1773749681.699060,197.711,0.019,0,24,0,8,8,3,100,0,0
1773749683.698317,197.789,0.018,0,24,0,8,8,3,100,0,0
1773749685.696525,197.891,0.017,0,24,0,8,8,3,100,0,0
1773749687.698569,197.996,0.018,0,24,0,8,8,3,100,0,0
1773749689.699306,198.105,0.017,0,24,0,8,8,3,100,0,0
1773749691.698690,198.199,0.021,0,24,0,8,8,3,100,0,0
1773749693.699467,198.301,0.019,0,24,0,8,8,3,100,0,0
1773749695.698703,198.410,0.018,0,24,0,8,8,3,100,0,0
1773749697.695747,198.504,0.019,0,24,0,8,8,3,100,0,0
1773749699.697331,198.605,0.020,0,24,0,8,8,3,100,0,0
1773749701.699253,198.723,0.021,0,24,0,8,8,3,100,0,0
1773749703.698608,198.824,0.018,0,24,0,8,8,3,100,0,0
1773749705.698677,198.926,0.018,0,24,0,8,8,3,100,0,0
1773749707.699039,199.027,0.019,0,24,0,8,8,3,100,0,0
1773749709.698087,199.125,0.021,0,24,0,8,8,3,100,0,0
1773749711.699104,199.230,0.017,0,24,0,8,8,3,100,0,0
1773749713.696410,199.336,0.018,0,24,0,8,8,3,100,0,0
1773749715.698967,199.422,0.017,0,24,0,8,8,3,100,0,0
1773749717.699450,199.523,0.017,0,24,0,8,8,3,100,0,0
1773749719.698606,199.621,0.019,0,24,0,8,8,3,100,0,0
1773749721.699042,199.727,0.017,0,24,0,8,8,3,100,0,0
1773749723.698617,199.832,0.016,0,24,0,8,8,3,100,0,0
1773749725.698518,199.926,0.018,0,24,0,8,8,3,100,0,0
1773749727.698585,200.031,0.016,0,24,0,8,8,3,100,0,0
1773749729.697826,200.125,0.019,0,24,0,8,8,3,100,0,0
1773749731.699372,200.227,0.019,0,24,0,8,8,3,100,0,0
1773749733.698429,200.332,0.019,0,24,0,8,8,3,100,0,0
1773749735.695983,200.438,0.018,0,24,0,8,8,3,100,0,0
1773749737.698069,200.539,0.019,0,24,0,8,8,3,100,0,0
1773749739.699251,200.652,0.016,0,24,0,8,8,3,100,0,0
1773749741.698603,200.754,0.019,0,24,0,8,8,3,100,0,0
1773749743.698493,200.867,0.018,0,24,0,8,8,3,100,0,0
1773749745.697252,200.969,0.018,0,24,0,8,8,3,100,0,0
1773749747.698750,201.070,0.019,0,24,0,8,8,3,100,0,0
1773749749.699226,201.180,0.017,0,24,0,8,8,3,100,0,0
1773749751.696697,201.285,0.017,0,24,0,8,8,3,100,0,0
1773749753.698435,201.395,0.017,0,24,0,8,8,3,100,0,0
1773749755.698653,201.504,0.017,0,24,0,8,8,3,100,0,0
1773749757.699092,201.609,0.018,0,24,0,8,8,3,100,0,0
1773749759.699647,201.719,0.016,0,24,0,8,8,3,100,0,0
1773749761.698315,201.828,0.017,0,24,0,8,8,3,100,0,0
1773749763.697805,201.938,0.018,0,24,0,8,8,3,100,0,0
1773749765.699352,202.047,0.017,0,24,0,8,8,3,100,0,0
1773749767.698715,202.172,0.021,0,24,0,8,8,3,100,0,0
1773749769.699206,202.277,0.018,0,24,0,8,8,3,100,0,0
1773749771.698783,202.391,0.019,0,24,0,8,8,3,100,0,0
1773749773.699032,202.512,0.017,0,24,0,8,8,3,100,0,0
1773749775.699153,202.629,0.017,0,24,0,8,8,3,100,0,0
1773749777.695879,202.727,0.018,0,24,0,8,8,3,100,0,0
1773749779.696137,202.840,0.018,0,24,0,8,8,3,100,0,0
1773749781.698032,202.961,0.016,0,24,0,8,8,3,100,0,0
1773749783.698904,203.059,0.017,0,24,0,8,8,3,100,0,0
1773749785.699135,203.168,0.022,0,24,0,8,8,3,100,0,0
1773749787.699137,203.270,0.018,0,24,0,8,8,3,100,0,0
1773749789.698691,203.375,0.016,0,24,0,8,8,3,100,0,0
1773749791.698674,203.480,0.021,0,24,0,8,8,3,100,0,0
1773749793.698530,203.586,0.020,0,24,0,8,8,3,100,0,0
1773749795.698430,203.684,0.017,0,24,0,8,8,3,100,0,0
1773749797.696946,203.789,0.018,0,24,0,8,8,3,100,0,0
1773749799.698143,203.883,0.017,0,24,0,8,8,3,100,0,0
1773749801.698212,203.992,0.018,0,24,0,8,8,3,100,0,0
1773749803.699034,204.102,0.023,0,24,0,8,8,3,100,0,0
1773749805.698511,204.199,0.018,0,24,0,8,8,3,100,0,0
1773749807.698807,204.305,0.019,0,24,0,8,8,3,100,0,0
1773749809.698483,204.402,0.017,0,24,0,8,8,3,100,0,0
1773749811.699116,204.508,0.017,0,24,0,8,8,3,100,0,0
1773749813.698008,204.613,0.017,0,24,0,8,8,3,100,0,0
1773749815.699404,204.711,0.016,0,24,0,8,8,3,100,0,0
1773749817.696671,204.812,0.016,0,24,0,8,8,3,100,0,0
1773749819.697226,204.918,0.018,0,24,0,8,8,3,100,0,0
1773749821.699298,205.027,0.017,0,24,0,8,8,3,100,0,0
1773749823.699171,205.133,0.023,0,24,0,8,8,3,100,0,0
1773749825.699373,205.230,0.018,0,24,0,8,8,3,100,0,0
1773749827.699612,205.332,0.019,0,24,0,8,8,3,100,0,0
1773749829.697004,205.441,0.017,0,24,0,8,8,3,100,0,0
1773749831.697409,205.543,0.020,0,24,0,8,8,3,100,0,0
1773749833.698986,205.648,0.016,0,24,0,8,8,3,100,0,0
1773749835.699070,205.746,0.016,0,24,0,8,8,3,100,0,0
1773749837.698818,205.844,0.015,0,24,0,8,8,3,100,0,0
1773749839.698573,205.949,0.021,0,24,0,8,8,3,100,0,0
1773749841.696832,206.051,0.020,0,24,0,8,8,3,100,0,0
1773749843.699416,206.160,0.018,0,24,0,8,8,3,100,0,0
1773749845.697337,206.266,0.020,0,24,0,8,8,3,100,0,0
1773749847.699169,206.383,0.018,0,24,0,8,8,3,100,0,0
1773749849.696442,206.477,0.018,0,24,0,8,8,3,100,0,0
1773749851.696603,206.582,0.017,0,24,0,8,8,3,100,0,0
1773749853.698776,206.691,0.019,0,24,0,8,8,3,100,0,0
1773749855.697441,206.801,0.021,0,24,0,8,8,3,100,0,0
1773749857.699491,206.910,0.021,0,24,0,8,8,3,100,0,0
1773749859.698914,207.023,0.017,0,24,0,8,8,3,100,0,0
1773749861.698094,207.141,0.018,0,24,0,8,8,3,100,0,0
1773749863.697142,207.250,0.019,0,24,0,8,8,3,100,0,0
1773749865.698954,207.348,0.018,0,24,0,8,8,3,100,0,0
1773749867.698976,207.453,0.017,0,24,0,8,8,3,100,0,0
1773749869.698970,207.559,0.017,0,24,0,8,8,3,100,0,0
1773749871.697471,207.664,0.018,0,24,0,8,8,3,100,0,0
1773749873.699333,207.762,0.019,0,24,0,8,8,3,100,0,0
1773749875.699201,207.863,0.018,0,24,0,8,8,3,100,0,0
1773749877.699220,207.977,0.019,0,24,0,8,8,3,100,0,0
1773749879.698953,208.078,0.016,0,24,0,8,8,3,100,0,0
1773749881.698122,208.184,0.019,0,24,0,8,8,3,100,0,0
1773749883.699545,208.281,0.019,0,24,0,8,8,3,100,0,0
1773749885.698257,208.383,0.019,0,24,0,8,8,3,100,0,0
1773749887.697572,208.492,0.018,0,24,0,8,8,3,100,0,0
1773749889.698379,208.594,0.020,0,24,0,8,8,3,100,0,0
1773749891.699424,208.688,0.018,0,24,0,8,8,3,100,0,0
1773749893.698809,208.801,0.019,0,24,0,8,8,3,100,0,0
1773749895.699003,208.910,0.021,0,24,0,8,8,3,100,0,0
1773749897.698942,209.008,0.018,0,24,0,8,8,3,100,0,0
1773749899.699689,209.105,0.018,0,24,0,8,8,3,100,0,0
1773749901.699104,209.207,0.017,0,24,0,8,8,3,100,0,0
1773749903.696644,209.316,0.015,0,24,0,8,8,3,100,0,0
1773749905.696828,209.418,0.016,0,24,0,8,8,3,100,0,0
1773749907.699246,209.531,0.019,0,24,0,8,8,3,100,0,0
1773749909.697707,209.637,0.017,0,24,0,8,8,3,100,0,0
1773749911.696737,209.738,0.017,0,24,0,8,8,3,100,0,0
1773749913.699374,209.840,0.016,0,24,0,8,8,3,100,0,0
1773749915.699907,209.949,0.020,0,24,0,8,8,3,100,0,0
1773749917.699041,210.043,0.016,0,24,0,8,8,3,100,0,0
1773749919.696616,210.156,0.017,0,24,0,8,8,3,100,0,0
1773749921.698523,210.273,0.015,0,24,0,8,8,3,100,0,0
1773749923.698593,210.387,0.018,0,24,0,8,8,3,100,0,0
1773749925.699024,210.488,0.016,0,24,0,8,8,3,100,0,0
1773749927.698297,210.598,0.017,0,24,0,8,8,3,100,0,0
1773749929.696469,210.707,0.017,0,24,0,8,8,3,100,0,0
1773749931.696331,210.820,0.019,0,24,0,8,8,3,100,0,0
1773749933.698211,210.926,0.016,0,24,0,8,8,3,100,0,0
1773749935.696893,211.035,0.020,0,24,0,8,8,3,100,0,0
1773749937.698214,211.160,0.017,0,24,0,8,8,3,100,0,0
1773749939.698349,211.262,0.017,0,24,0,8,8,3,100,0,0
1773749941.698713,211.383,0.020,0,24,0,8,8,3,100,0,0
1773749943.697979,211.488,0.017,0,24,0,8,8,3,100,0,0
1773749945.698063,211.586,0.018,0,24,0,8,8,3,100,0,0
1773749947.698567,211.703,0.017,0,24,0,8,8,3,100,0,0
1773749949.698314,211.789,0.018,0,24,0,8,8,3,100,0,0
1773749951.698259,211.910,0.017,0,24,0,8,8,3,100,0,0
1773749953.696826,212.008,0.019,0,24,0,8,8,3,100,0,0
1773749955.697986,212.109,0.017,0,24,0,8,8,3,100,0,0
1773749957.696338,212.234,0.022,0,24,0,8,8,3,100,0,0
1773749959.698835,196.965,0.017,0,24,0,8,8,3,100,0,0
1773749961.703994,197.062,0.020,0,24,0,8,8,3,100,0,0
1773749963.698476,197.172,0.018,0,24,0,8,8,3,100,0,0
1773749965.699554,197.281,0.016,0,24,0,8,8,3,100,0,0
1773749967.698773,197.383,0.019,0,24,0,8,8,3,100,0,0
1773749969.699289,197.488,0.022,0,24,0,8,8,3,100,0,0
1773749971.699239,197.590,0.017,0,24,0,8,8,3,100,0,0
1773749973.698805,197.691,0.016,0,24,0,8,8,3,100,0,0
1773749975.699373,197.793,0.017,0,24,0,8,8,3,100,0,0
1773749977.698129,197.898,0.016,0,24,0,8,8,3,100,0,0
1773749979.697034,198.004,0.018,0,24,0,8,8,3,100,0,0
1773749981.698762,198.109,0.017,0,24,0,8,8,3,100,0,0
1773749983.696725,198.207,0.021,0,24,0,8,8,3,100,0,0
1773749985.698615,198.105,0.017,0,24,0,8,8,3,100,0,0
1773749987.697642,198.211,0.018,0,24,0,8,8,3,100,0,0
1773749989.696887,198.305,0.020,0,24,0,8,8,3,100,0,0
1773749991.695961,198.410,0.019,0,24,0,8,8,3,100,0,0
1773749993.698796,198.512,0.017,0,24,0,8,8,3,100,0,0
1773749995.699569,198.613,0.019,0,24,0,8,8,3,100,0,0
1773749997.697588,198.727,0.022,0,24,0,8,8,3,100,0,0
1773749999.696610,198.820,0.018,0,24,0,8,8,3,100,0,0
1773750001.699629,198.922,0.022,0,24,0,8,8,3,100,0,0
1773750003.699002,199.023,0.017,0,24,0,8,8,3,100,0,0
1773750005.697026,199.129,0.020,0,24,0,8,8,3,100,0,0
1773750007.699242,199.234,0.019,0,24,0,8,8,3,100,0,0
1773750009.698948,199.336,0.019,0,24,0,8,8,3,100,0,0
1773750011.698232,199.441,0.019,0,24,0,8,8,3,100,0,0
1773750013.699131,199.539,0.020,0,24,0,8,8,3,100,0,0
1773750015.696052,199.633,0.018,0,24,0,8,8,3,100,0,0
1773750017.697012,199.730,0.017,0,24,0,8,8,3,100,0,0
1773750019.697752,199.840,0.017,0,24,0,8,8,3,100,0,0
1773750021.699380,199.938,0.016,0,24,0,8,8,3,100,0,0
1773750023.698389,200.039,0.018,0,24,0,8,8,3,100,0,0
1773750025.699300,200.137,0.018,0,24,0,8,8,3,100,0,0
1773750027.699426,200.242,0.017,0,24,0,8,8,3,100,0,0
1773750029.698577,200.348,0.023,0,24,0,8,8,3,100,0,0
1773750031.698941,200.445,0.018,0,24,0,8,8,3,100,0,0
1773750033.698938,200.543,0.016,0,24,0,8,8,3,100,0,0
1773750035.699218,200.648,0.017,0,24,0,8,8,3,100,0,0
1773750037.699118,200.746,0.018,0,24,0,8,8,3,100,0,0
1773750039.699816,200.848,0.020,0,24,0,8,8,3,100,0,0
1773750041.699317,200.949,0.018,0,24,0,8,8,3,100,0,0
1773750043.697878,201.035,0.019,0,24,0,8,8,3,100,0,0
1773750045.698750,201.133,0.021,0,24,0,8,8,3,100,0,0
1773750047.698840,201.242,0.020,0,24,0,8,8,3,100,0,0
1773750049.699108,201.336,0.018,0,24,0,8,8,3,100,0,0
1773750051.699130,201.438,0.016,0,24,0,8,8,3,100,0,0
1773750053.697724,201.535,0.017,0,24,0,8,8,3,100,0,0
1773750055.698622,201.645,0.019,0,24,0,8,8,3,100,0,0
1773750057.699154,201.746,0.019,0,24,0,8,8,3,100,0,0
1773750059.698339,201.852,0.022,0,24,0,8,8,3,100,0,0
1773750061.698454,201.961,0.020,0,24,0,8,8,3,100,0,0
1773750063.699416,202.062,0.017,0,24,0,8,8,3,100,0,0
1773750065.698641,202.172,0.020,0,24,0,8,8,3,100,0,0
1773750067.699458,202.273,0.019,0,24,0,8,8,3,100,0,0
1773750069.698963,202.375,0.018,0,24,0,8,8,3,100,0,0
1773750071.698019,202.473,0.017,0,24,0,8,8,3,100,0,0
1773750073.698574,202.578,0.017,0,24,0,8,8,3,100,0,0
1773750075.698976,202.684,0.016,0,24,0,8,8,3,100,0,0
1773750077.698625,202.793,0.018,0,24,0,8,8,3,100,0,0
1773750079.698813,202.891,0.017,0,24,0,8,8,3,100,0,0
1773750081.699955,203.000,0.018,0,24,0,8,8,3,100,0,0
1773750083.697177,203.098,0.028,0,24,0,8,8,3,100,0,0
1773750085.698637,203.191,0.017,0,24,0,8,8,3,100,0,0
1773750087.699085,203.301,0.016,0,24,0,8,8,3,100,0,0
1773750089.698140,203.398,0.016,0,24,0,8,8,3,100,0,0
1773750091.698757,203.504,0.016,0,24,0,8,8,3,100,0,0
1773750093.698441,203.602,0.017,0,24,0,8,8,3,100,0,0
1773750095.699152,203.711,0.019,0,24,0,8,8,3,100,0,0
1773750097.699099,203.809,0.019,0,24,0,8,8,3,100,0,0
1773750099.699252,203.914,0.019,0,24,0,8,8,3,100,0,0
1773750101.698100,204.008,0.018,0,24,0,8,8,3,100,0,0
1773750103.698922,204.105,0.020,0,24,0,8,8,3,100,0,0
1773750105.697746,204.211,0.020,0,24,0,8,8,3,100,0,0
1773750107.698550,204.320,0.024,0,24,0,8,8,3,100,0,0
1773750109.698109,204.418,0.019,0,24,0,8,8,3,100,0,0
1773750111.698584,204.523,0.017,0,24,0,8,8,3,100,0,0
1773750113.699164,204.625,0.017,0,24,0,8,8,3,100,0,0
1773750115.698701,204.727,0.024,0,24,0,8,8,3,100,0,0
1773750117.699602,204.820,0.019,0,24,0,8,8,3,100,0,0
1773750119.699224,204.930,0.016,0,24,0,8,8,3,100,0,0
1773750121.698672,205.031,0.018,0,24,0,8,8,3,100,0,0
1773750123.699792,205.133,0.019,0,24,0,8,8,3,100,0,0
1773750125.699159,205.234,0.018,0,24,0,8,8,3,100,0,0
1773750127.699143,205.336,0.017,0,24,0,8,8,3,100,0,0
1773750129.699342,205.441,0.017,0,24,0,8,8,3,100,0,0
1773750131.699151,205.543,0.018,0,24,0,8,8,3,100,0,0
1773750133.699167,205.645,0.018,0,24,0,8,8,3,100,0,0
1773750135.699227,205.734,0.018,0,24,0,8,8,3,100,0,0
1773750137.696753,205.844,0.021,0,24,0,8,8,3,100,0,0
1773750139.698992,205.949,0.019,0,24,0,8,8,3,100,0,0
1773750141.699385,206.051,0.017,0,24,0,8,8,3,100,0,0
1773750143.699094,206.152,0.019,0,24,0,8,8,3,100,0,0
1773750145.699215,206.250,0.016,0,24,0,8,8,3,100,0,0
1773750147.698876,206.352,0.019,0,24,0,8,8,3,100,0,0
1773750149.696905,206.453,0.020,0,24,0,8,8,3,100,0,0
1773750151.699406,206.555,0.018,0,24,0,8,8,3,100,0,0
1773750153.699162,206.656,0.019,0,24,0,8,8,3,100,0,0
1773750155.699622,206.766,0.016,0,24,0,8,8,3,100,0,0
1773750157.698977,206.859,0.016,0,24,0,8,8,3,100,0,0
1773750159.696299,206.965,0.018,0,24,0,8,8,3,100,0,0
1773750161.699378,207.074,0.017,0,24,0,8,8,3,100,0,0
1773750163.699106,207.180,0.017,0,24,0,8,8,3,100,0,0
1773750165.699221,207.277,0.016,0,24,0,8,8,3,100,0,0
1773750167.697855,207.387,0.016,0,24,0,8,8,3,100,0,0
1773750169.698657,207.480,0.018,0,24,0,8,8,3,100,0,0
1773750171.697507,207.582,0.016,0,24,0,8,8,3,100,0,0
1773750173.699632,207.688,0.015,0,24,0,8,8,3,100,0,0
1773750175.699349,207.793,0.018,0,24,0,8,8,3,100,0,0
1773750177.699249,207.902,0.016,0,24,0,8,8,3,100,0,0
1773750179.699318,208.012,0.018,0,24,0,8,8,3,100,0,0
1773750181.699181,208.125,0.018,0,24,0,8,8,3,100,0,0
1773750183.696718,208.227,0.019,0,24,0,8,8,3,100,0,0
1773750185.698870,208.332,0.016,0,24,0,8,8,3,100,0,0
1773750187.699534,208.445,0.017,0,24,0,8,8,3,100,0,0
1773750189.698837,208.539,0.017,0,24,0,8,8,3,100,0,0
1773750191.699468,208.660,0.020,0,24,0,8,8,3,100,0,0
1773750193.698921,208.762,0.021,0,24,0,8,8,3,100,0,0
1773750195.698582,208.875,0.017,0,24,0,8,8,3,100,0,0
1773750197.696835,208.988,0.017,0,24,0,8,8,3,100,0,0
1773750199.699226,209.086,0.017,0,24,0,8,8,3,100,0,0
1773750201.699264,209.191,0.019,0,24,0,8,8,3,100,0,0
1773750203.699230,209.293,0.017,0,24,0,8,8,3,100,0,0
1773750205.698258,209.395,0.016,0,24,0,8,8,3,100,0,0
1773750207.698715,209.508,0.021,0,24,0,8,8,3,100,0,0
1773750209.699466,209.605,0.017,0,24,0,8,8,3,100,0,0
1773750211.699040,209.703,0.017,0,24,0,8,8,3,100,0,0
1773750213.699484,209.812,0.019,0,24,0,8,8,3,100,0,0
1773750215.699169,209.918,0.017,0,24,0,8,8,3,100,0,0
1773750217.699182,210.020,0.016,0,24,0,8,8,3,100,0,0
1773750219.698666,210.121,0.015,0,24,0,8,8,3,100,0,0
1773750221.699462,210.223,0.018,0,24,0,8,8,3,100,0,0
1773750223.696939,210.328,0.019,0,24,0,8,8,3,100,0,0
1773750225.699526,210.430,0.021,0,24,0,8,8,3,100,0,0
1773750227.699421,210.539,0.019,0,24,0,8,8,3,100,0,0
1773750229.699615,210.637,0.018,0,24,0,8,8,3,100,0,0
1773750231.699509,210.742,0.018,0,24,0,8,8,3,100,0,0
1773750233.699536,210.840,0.018,0,24,0,8,8,3,100,0,0
1773750235.698700,210.938,0.017,0,24,0,8,8,3,100,0,0
1773750237.699492,211.039,0.017,0,24,0,8,8,3,100,0,0
1773750239.699279,211.141,0.017,0,24,0,8,8,3,100,0,0
1773750241.699657,211.250,0.016,0,24,0,8,8,3,100,0,0
1773750243.698569,211.344,0.015,0,24,0,8,8,3,100,0,0
1773750245.697831,211.453,0.023,0,24,0,8,8,3,100,0,0
1773750247.699119,211.555,0.019,0,24,0,8,8,3,100,0,0
1773750249.699343,211.656,0.021,0,24,0,8,8,3,100,0,0
1773750251.698720,211.758,0.018,0,24,0,8,8,3,100,0,0
1773750253.696726,211.918,0.018,0,24,0,8,8,3,100,0,0
1773750255.698826,199.918,0.018,0,24,0,8,8,3,100,0,0
1773750257.699575,196.855,0.017,0,24,0,8,8,3,100,0,0
1773750259.699172,196.938,0.016,0,24,0,8,8,3,100,0,0
1773750261.698789,197.047,0.018,0,24,0,8,8,3,100,0,0
1773750263.699246,197.148,0.016,0,24,0,8,8,3,100,0,0
1773750265.699010,197.254,0.017,0,24,0,8,8,3,100,0,0
1773750267.698998,197.363,0.019,0,24,0,8,8,3,100,0,0
1773750269.698818,197.461,0.018,0,24,0,8,8,3,100,0,0
1773750271.699186,197.570,0.018,0,24,0,8,8,3,100,0,0
1773750273.697537,197.668,0.015,0,24,0,8,8,3,100,0,0
1773750275.699253,197.773,0.016,0,24,0,8,8,3,100,0,0
1773750277.699842,197.875,0.016,0,24,0,8,8,3,100,0,0
1773750279.699053,197.988,0.017,0,24,0,8,8,3,100,0,0
1773750281.699240,198.086,0.016,0,24,0,8,8,3,100,0,0
1773750283.698968,198.188,0.020,0,24,0,8,8,3,100,0,0
1773750285.699098,198.285,0.019,0,24,0,8,8,3,100,0,0
1773750287.698679,198.387,0.020,0,24,0,8,8,3,100,0,0
1773750289.697560,198.492,0.021,0,24,0,8,8,3,100,0,0
1773750291.699439,198.594,0.017,0,24,0,8,8,3,100,0,0
1773750293.698227,198.711,0.019,0,24,0,8,8,3,100,0,0
1773750295.699078,198.801,0.018,0,24,0,8,8,3,100,0,0
1773750297.697759,198.906,0.023,0,24,0,8,8,3,100,0,0
1773750299.697711,199.004,0.022,0,24,0,8,8,3,100,0,0
1773750301.696151,199.113,0.018,0,24,0,8,8,3,100,0,0
1773750303.699234,199.219,0.019,0,24,0,8,8,3,100,0,0
1773750305.699795,199.320,0.020,0,24,0,8,8,3,100,0,0
1773750307.699068,199.422,0.017,0,24,0,8,8,3,100,0,0
1773750309.699394,199.523,0.019,0,24,0,8,8,3,100,0,0
1773750311.699484,199.629,0.018,0,24,0,8,8,3,100,0,0
1773750313.698945,199.730,0.016,0,24,0,8,8,3,100,0,0
1773750315.699389,199.816,0.016,0,24,0,8,8,3,100,0,0
1773750317.698809,199.918,0.016,0,24,0,8,8,3,100,0,0
1773750319.696932,200.016,0.019,0,24,0,8,8,3,100,0,0
1773750321.699259,200.117,0.020,0,24,0,8,8,3,100,0,0
1773750323.696687,200.227,0.018,0,24,0,8,8,3,100,0,0
1773750325.699338,200.328,0.017,0,24,0,8,8,3,100,0,0
1773750327.697161,200.422,0.020,0,24,0,8,8,3,100,0,0
1773750329.698598,200.531,0.018,0,24,0,8,8,3,100,0,0
1773750331.699080,200.633,0.016,0,24,0,8,8,3,100,0,0
1773750333.699305,200.738,0.017,0,24,0,8,8,3,100,0,0
1773750335.698853,200.840,0.017,0,24,0,8,8,3,100,0,0
1773750337.699508,200.934,0.019,0,24,0,8,8,3,100,0,0
1773750339.699236,201.039,0.016,0,24,0,8,8,3,100,0,0
1773750341.699548,201.141,0.017,0,24,0,8,8,3,100,0,0
1773750343.697347,201.250,0.021,0,24,0,8,8,3,100,0,0
1773750345.697769,201.352,0.021,0,24,0,8,8,3,100,0,0
1773750347.699406,201.453,0.016,0,24,0,8,8,3,100,0,0
1773750349.699239,201.555,0.019,0,24,0,8,8,3,100,0,0
1773750351.699127,201.652,0.017,0,24,0,8,8,3,100,0,0
1773750353.697890,201.750,0.017,0,24,0,8,8,3,100,0,0
1773750355.698731,201.852,0.018,0,24,0,8,8,3,100,0,0
1773750357.699717,201.957,0.017,0,24,0,8,8,3,100,0,0
1773750359.698388,202.059,0.025,0,24,0,8,8,3,100,0,0
1773750361.699399,202.164,0.018,0,24,0,8,8,3,100,0,0
1773750363.698988,202.266,0.016,0,24,0,8,8,3,100,0,0
1773750365.698987,202.363,0.019,0,24,0,8,8,3,100,0,0
1773750367.699223,202.469,0.019,0,24,0,8,8,3,100,0,0
1773750369.699175,202.566,0.019,0,24,0,8,8,3,100,0,0
1773750371.698921,202.668,0.019,0,24,0,8,8,3,100,0,0
1773750373.698861,202.508,0.016,0,24,0,8,8,3,100,0,0
1773750375.699270,202.609,0.017,0,24,0,8,8,3,100,0,0
1773750377.699165,202.723,0.017,0,24,0,8,8,3,100,0,0
1773750379.699715,202.824,0.020,0,24,0,8,8,3,100,0,0
1773750381.699450,202.926,0.018,0,24,0,8,8,3,100,0,0
1773750383.699948,203.031,0.018,0,24,0,8,8,3,100,0,0
1773750385.698913,203.137,0.019,0,24,0,8,8,3,100,0,0
1773750387.699477,203.230,0.022,0,24,0,8,8,3,100,0,0
1773750389.699352,203.340,0.019,0,24,0,8,8,3,100,0,0
1773750391.698305,203.434,0.019,0,24,0,8,8,3,100,0,0
1773750393.699577,203.539,0.019,0,24,0,8,8,3,100,0,0
1773750395.699643,203.641,0.017,0,24,0,8,8,3,100,0,0
1773750397.699044,203.746,0.018,0,24,0,8,8,3,100,0,0
1773750399.698841,203.844,0.018,0,24,0,8,8,3,100,0,0
1773750401.699094,203.949,0.020,0,24,0,8,8,3,100,0,0
1773750403.699926,204.051,0.019,0,24,0,8,8,3,100,0,0
1773750405.699153,204.145,0.019,0,24,0,8,8,3,100,0,0
1773750407.698016,204.250,0.019,0,24,0,8,8,3,100,0,0
1773750409.699008,204.352,0.018,0,24,0,8,8,3,100,0,0
1773750411.699719,204.457,0.018,0,24,0,8,8,3,100,0,0
1773750413.699841,204.562,0.020,0,24,0,8,8,3,100,0,0
1773750415.699562,204.664,0.020,0,24,0,8,8,3,100,0,0
1773750417.699705,204.762,0.016,0,24,0,8,8,3,100,0,0
1773750419.696158,204.863,0.019,0,24,0,8,8,3,100,0,0
1773750421.698986,204.961,0.017,0,24,0,8,8,3,100,0,0
1773750423.698987,205.066,0.019,0,24,0,8,8,3,100,0,0
1773750425.699471,205.168,0.019,0,24,0,8,8,3,100,0,0
1773750427.698945,205.270,0.018,0,24,0,8,8,3,100,0,0
1773750429.698970,205.375,0.016,0,24,0,8,8,3,100,0,0
1773750431.699291,205.473,0.025,0,24,0,8,8,3,100,0,0
1773750433.699656,205.586,0.018,0,24,0,8,8,3,100,0,0
1773750435.699780,205.680,0.018,0,24,0,8,8,3,100,0,0
1773750437.696697,205.785,0.019,0,24,0,8,8,3,100,0,0
1773750439.699418,205.879,0.019,0,24,0,8,8,3,100,0,0
1773750441.699301,205.988,0.018,0,24,0,8,8,3,100,0,0
1773750443.698871,206.086,0.019,0,24,0,8,8,3,100,0,0
1773750445.699137,206.188,0.021,0,24,0,8,8,3,100,0,0
1773750447.699101,206.297,0.022,0,24,0,8,8,3,100,0,0
1773750449.698616,206.395,0.020,0,24,0,8,8,3,100,0,0
1773750451.699039,206.508,0.018,0,24,0,8,8,3,100,0,0
1773750453.698696,206.602,0.021,0,24,0,8,8,3,100,0,0
1773750455.698774,206.707,0.020,0,24,0,8,8,3,100,0,0
1773750457.697318,206.805,0.020,0,24,0,8,8,3,100,0,0
1773750459.698885,206.910,0.020,0,24,0,8,8,3,100,0,0
1773750461.699767,207.008,0.020,0,24,0,8,8,3,100,0,0
1773750463.698775,207.113,0.018,0,24,0,8,8,3,100,0,0
1773750465.696336,207.219,0.022,0,24,0,8,8,3,100,0,0
1773750467.699119,207.320,0.018,0,24,0,8,8,3,100,0,0
1773750469.696971,207.418,0.020,0,24,0,8,8,3,100,0,0
1773750471.699737,207.516,0.018,0,24,0,8,8,3,100,0,0
1773750473.699903,207.621,0.019,0,24,0,8,8,3,100,0,0
1773750475.699151,207.723,0.022,0,24,0,8,8,3,100,0,0
1773750477.699590,207.820,0.018,0,24,0,8,8,3,100,0,0
1773750479.699858,207.926,0.023,0,24,0,8,8,3,100,0,0
1773750481.699051,208.027,0.023,0,24,0,8,8,3,100,0,0
1773750483.698838,208.129,0.018,0,24,0,8,8,3,100,0,0
1773750485.699383,208.230,0.020,0,24,0,8,8,3,100,0,0
1773750487.699312,208.328,0.019,0,24,0,8,8,3,100,0,0
1773750489.699849,208.434,0.019,0,24,0,8,8,3,100,0,0
1773750491.697160,208.531,0.018,0,24,0,8,8,3,100,0,0
1773750493.697573,208.633,0.018,0,24,0,8,8,3,100,0,0
1773750495.696339,208.742,0.020,0,24,0,8,8,3,100,0,0
1773750497.699764,208.840,0.020,0,24,0,8,8,3,100,0,0
1773750499.699435,208.941,0.019,0,24,0,8,8,3,100,0,0
1773750501.699621,209.047,0.021,0,24,0,8,8,3,100,0,0
1773750503.699010,209.141,0.020,0,24,0,8,8,3,100,0,0
1773750505.699392,209.250,0.018,0,24,0,8,8,3,100,0,0
1773750507.699688,209.348,0.018,0,24,0,8,8,3,100,0,0
1773750509.697039,209.457,0.022,0,24,0,8,8,3,100,0,0
1773750511.699348,209.551,0.017,0,24,0,8,8,3,100,0,0
1773750513.699433,209.656,0.019,0,24,0,8,8,3,100,0,0
1773750515.697720,209.762,0.018,0,24,0,8,8,3,100,0,0
1773750517.699909,209.867,0.018,0,24,0,8,8,3,100,0,0
1773750519.699323,209.969,0.022,0,24,0,8,8,3,100,0,0
1773750521.699706,210.070,0.019,0,24,0,8,8,3,100,0,0
1773750523.699109,210.176,0.019,0,24,0,8,8,3,100,0,0
1773750525.698052,210.285,0.017,0,24,0,8,8,3,100,0,0
1773750527.698914,210.391,0.018,0,24,0,8,8,3,100,0,0
1773750529.697245,210.492,0.018,0,24,0,8,8,3,100,0,0
1773750531.699027,210.605,0.021,0,24,0,8,8,3,100,0,0
1773750533.699645,210.715,0.018,0,24,0,8,8,3,100,0,0
1773750535.698921,210.824,0.020,0,24,0,8,8,3,100,0,0
1773750537.698822,210.930,0.018,0,24,0,8,8,3,100,0,0
1773750539.697254,211.039,0.017,0,24,0,8,8,3,100,0,0
1773750541.698495,211.152,0.022,0,24,0,8,8,3,100,0,0
1773750543.697904,211.258,0.021,0,24,0,8,8,3,100,0,0
1773750545.698528,211.367,0.019,0,24,0,8,8,3,100,0,0
1773750547.699221,211.473,0.019,0,24,0,8,8,3,100,0,0
1773750549.698555,211.574,0.019,0,24,0,8,8,3,100,0,0
1773750551.699378,211.754,0.021,0,24,0,8,8,3,100,0,0
1773750553.697571,199.742,0.029,0,24,0,8,8,3,100,0,0
1773750555.699049,196.578,0.020,0,24,0,8,8,3,100,0,0
1773750557.699721,196.664,0.020,0,24,0,8,8,3,100,0,0
1773750559.699438,196.758,0.017,0,24,0,8,8,3,100,0,0
1773750561.698885,196.859,0.016,0,24,0,8,8,3,100,0,0
1773750563.699224,196.965,0.020,0,24,0,8,8,3,100,0,0
1773750565.696368,197.066,0.019,0,24,0,8,8,3,100,0,0
1773750567.698819,197.180,0.018,0,24,0,8,8,3,100,0,0
1773750569.698879,197.281,0.019,0,24,0,8,8,3,100,0,0
1773750571.699151,197.375,0.019,0,24,0,8,8,3,100,0,0
1773750573.698673,197.480,0.026,0,24,0,8,8,3,100,0,0
1773750575.699233,197.590,0.018,0,24,0,8,8,3,100,0,0
1773750577.698726,197.688,0.018,0,24,0,8,8,3,100,0,0
1773750579.699434,197.789,0.018,0,24,0,8,8,3,100,0,0
1773750581.699965,197.902,0.017,0,24,0,8,8,3,100,0,0
1773750583.699455,198.004,0.018,0,24,0,8,8,3,100,0,0
1773750585.699469,198.105,0.021,0,24,0,8,8,3,100,0,0
1773750587.699175,198.199,0.019,0,24,0,8,8,3,100,0,0
1773750589.699419,198.297,0.018,0,24,0,8,8,3,100,0,0
1773750591.699023,198.410,0.018,0,24,0,8,8,3,100,0,0
1773750593.699805,198.508,0.017,0,24,0,8,8,3,100,0,0
1773750595.699191,198.605,0.019,0,24,0,8,8,3,100,0,0
1773750597.698682,198.711,0.019,0,24,0,8,8,3,100,0,0
1773750599.697036,198.812,0.017,0,24,0,8,8,3,100,0,0
1773750601.698706,198.914,0.025,0,24,0,8,8,3,100,0,0
1773750603.699637,199.020,0.018,0,24,0,8,8,3,100,0,0
1773750605.698866,199.117,0.017,0,24,0,8,8,3,100,0,0
1773750607.700076,199.219,0.019,0,24,0,8,8,3,100,0,0
1773750609.699333,199.324,0.016,0,24,0,8,8,3,100,0,0
1773750611.699529,199.426,0.016,0,24,0,8,8,3,100,0,0
1773750613.700049,199.523,0.021,0,24,0,8,8,3,100,0,0
1773750615.698869,199.613,0.018,0,24,0,8,8,3,100,0,0
1773750617.699597,199.723,0.021,0,24,0,8,8,3,100,0,0
1773750619.698241,199.820,0.017,0,24,0,8,8,3,100,0,0
1773750621.699295,199.918,0.018,0,24,0,8,8,3,100,0,0
1773750623.699002,200.020,0.016,0,24,0,8,8,3,100,0,0
1773750625.698466,200.121,0.018,0,24,0,8,8,3,100,0,0
1773750627.700066,200.227,0.018,0,24,0,8,8,3,100,0,0
1773750629.699781,200.328,0.018,0,24,0,8,8,3,100,0,0
1773750631.699256,200.430,0.016,0,24,0,8,8,3,100,0,0
1773750633.699501,200.531,0.019,0,24,0,8,8,3,100,0,0
1773750635.699654,200.637,0.016,0,24,0,8,8,3,100,0,0
1773750637.698207,200.734,0.016,0,24,0,8,8,3,100,0,0
1773750639.699328,200.836,0.017,0,24,0,8,8,3,100,0,0
1773750641.699924,200.938,0.019,0,24,0,8,8,3,100,0,0
1773750643.698905,201.043,0.018,0,24,0,8,8,3,100,0,0
1773750645.698824,201.148,0.016,0,24,0,8,8,3,100,0,0
1773750647.699763,201.246,0.016,0,24,0,8,8,3,100,0,0
1773750649.699434,201.348,0.019,0,24,0,8,8,3,100,0,0
1773750651.698967,201.449,0.020,0,24,0,8,8,3,100,0,0
1773750653.698890,201.551,0.018,0,24,0,8,8,3,100,0,0
1773750655.697446,201.648,0.021,0,24,0,8,8,3,100,0,0
1773750657.699202,201.750,0.021,0,24,0,8,8,3,100,0,0
1773750659.699447,201.852,0.021,0,24,0,8,8,3,100,0,0
1773750661.698721,201.965,0.019,0,24,0,8,8,3,100,0,0
1773750663.699667,202.070,0.015,0,24,0,8,8,3,100,0,0
1773750665.699306,202.168,0.019,0,24,0,8,8,3,100,0,0
1773750667.699623,202.273,0.020,0,24,0,8,8,3,100,0,0
1773750669.699479,202.371,0.018,0,24,0,8,8,3,100,0,0
1773750671.700046,202.473,0.017,0,24,0,8,8,3,100,0,0
1773750673.698858,202.578,0.020,0,24,0,8,8,3,100,0,0
1773750675.698921,202.676,0.020,0,24,0,8,8,3,100,0,0
1773750677.699432,202.777,0.020,0,24,0,8,8,3,100,0,0
1773750679.698235,202.887,0.018,0,24,0,8,8,3,100,0,0
1773750681.699141,202.984,0.017,0,24,0,8,8,3,100,0,0
1773750683.699540,203.086,0.016,0,24,0,8,8,3,100,0,0
1773750685.699523,203.191,0.019,0,24,0,8,8,3,100,0,0
1773750687.699491,203.289,0.019,0,24,0,8,8,3,100,0,0
1773750689.699517,203.391,0.019,0,24,0,8,8,3,100,0,0
1773750691.699638,203.492,0.018,0,24,0,8,8,3,100,0,0
1773750693.699241,203.594,0.022,0,24,0,8,8,3,100,0,0
1773750695.699124,203.691,0.018,0,24,0,8,8,3,100,0,0
1773750697.700157,203.801,0.018,0,24,0,8,8,3,100,0,0
1773750699.699146,203.906,0.020,0,24,0,8,8,3,100,0,0
1773750701.699420,204.000,0.017,0,24,0,8,8,3,100,0,0
1773750703.699489,204.109,0.016,0,24,0,8,8,3,100,0,0
1773750705.699342,204.199,0.018,0,24,0,8,8,3,100,0,0
1773750707.699434,204.305,0.017,0,24,0,8,8,3,100,0,0
1773750709.699734,204.406,0.019,0,24,0,8,8,3,100,0,0
1773750711.699722,204.512,0.017,0,24,0,8,8,3,100,0,0
1773750713.699278,204.613,0.017,0,24,0,8,8,3,100,0,0
1773750715.699461,204.711,0.020,0,24,0,8,8,3,100,0,0
1773750717.699264,204.812,0.017,0,24,0,8,8,3,100,0,0
1773750719.699764,204.926,0.017,0,24,0,8,8,3,100,0,0
1773750721.698969,205.023,0.017,0,24,0,8,8,3,100,0,0
1773750723.697212,205.121,0.021,0,24,0,8,8,3,100,0,0
1773750725.699354,205.219,0.020,0,24,0,8,8,3,100,0,0
1773750727.699487,205.328,0.023,0,24,0,8,8,3,100,0,0
1773750729.699551,205.426,0.023,0,24,0,8,8,3,100,0,0
1773750731.699135,205.527,0.019,0,24,0,8,8,3,100,0,0
1773750733.700057,205.629,0.019,0,24,0,8,8,3,100,0,0
1773750735.699231,205.738,0.023,0,24,0,8,8,3,100,0,0
1773750737.699427,205.836,0.024,0,24,0,8,8,3,100,0,0
1773750739.699189,205.938,0.021,0,24,0,8,8,3,100,0,0
1773750741.699592,206.035,0.025,0,24,0,8,8,3,100,0,0
1773750743.698784,206.145,0.021,0,24,0,8,8,3,100,0,0
1773750745.699289,206.242,0.022,0,24,0,8,8,3,100,0,0
1773750747.699091,206.348,0.038,0,24,0,8,8,3,100,0,0
1773750749.699054,206.457,0.021,0,24,0,8,8,3,100,0,0
1773750751.699609,206.562,0.023,0,24,0,8,8,3,100,0,0
1773750753.699530,206.660,0.022,0,24,0,8,8,3,100,0,0
1773750755.699049,206.762,0.022,0,24,0,8,8,3,100,0,0
1773750757.699330,206.863,0.022,0,24,0,8,8,3,100,0,0
1773750759.699177,206.961,0.022,0,24,0,8,8,3,100,0,0
1773750761.698811,207.066,0.019,0,24,0,8,8,3,100,0,0
1773750763.699078,207.172,0.020,0,24,0,8,8,3,100,0,0
1773750765.696622,207.273,0.020,0,24,0,8,8,3,100,0,0
1773750767.699629,207.379,0.018,0,24,0,8,8,3,100,0,0
1773750769.698416,207.488,0.020,0,24,0,8,8,3,100,0,0
1773750771.698705,207.582,0.019,0,24,0,8,8,3,100,0,0
1773750773.699854,207.680,0.020,0,24,0,8,8,3,100,0,0
1773750775.699322,207.785,0.019,0,24,0,8,8,3,100,0,0
1773750777.699483,207.883,0.017,0,24,0,8,8,3,100,0,0
1773750779.700140,207.996,0.019,0,24,0,8,8,3,100,0,0
1773750781.700128,208.094,0.019,0,24,0,8,8,3,100,0,0
1773750783.699767,208.199,0.017,0,24,0,8,8,3,100,0,0
1773750785.699799,208.301,0.017,0,24,0,8,8,3,100,0,0
1773750787.699365,208.398,0.020,0,24,0,8,8,3,100,0,0
1773750789.697365,208.496,0.019,0,24,0,8,8,3,100,0,0
1773750791.699234,208.602,0.015,0,24,0,8,8,3,100,0,0
1773750793.700001,208.707,0.016,0,24,0,8,8,3,100,0,0
1773750795.700423,208.812,0.016,0,24,0,8,8,3,100,0,0
1773750797.699645,208.918,0.018,0,24,0,8,8,3,100,0,0
1773750799.699291,209.020,0.018,0,24,0,8,8,3,100,0,0
1773750801.699363,209.125,0.022,0,24,0,8,8,3,100,0,0
1773750803.699500,209.234,0.017,0,24,0,8,8,3,100,0,0
1773750805.699237,209.336,0.017,0,24,0,8,8,3,100,0,0
1773750807.699155,209.438,0.018,0,24,0,8,8,3,100,0,0
1773750809.699860,209.539,0.019,0,24,0,8,8,3,100,0,0
1773750811.699409,209.637,0.018,0,24,0,8,8,3,100,0,0
1773750813.698129,209.742,0.016,0,24,0,8,8,3,100,0,0
1773750815.698877,209.840,0.018,0,24,0,8,8,3,100,0,0
1773750817.697791,209.945,0.021,0,24,0,8,8,3,100,0,0
1773750819.700135,210.047,0.018,0,24,0,8,8,3,100,0,0
1773750821.699325,210.148,0.018,0,24,0,8,8,3,100,0,0
1773750823.699670,210.250,0.021,0,24,0,8,8,3,100,0,0
1773750825.700688,210.352,0.026,0,24,0,8,8,3,100,0,0
1773750827.699487,210.453,0.020,0,24,0,8,8,3,100,0,0
1773750829.700942,210.559,0.016,0,24,0,8,8,3,100,0,0
1773750831.699189,210.660,0.020,0,24,0,8,8,3,100,0,0
1773750833.698991,210.762,0.022,0,24,0,8,8,3,100,0,0
1773750835.699574,210.859,0.018,0,24,0,8,8,3,100,0,0
1773750837.699983,210.965,0.016,0,24,0,8,8,3,100,0,0
1773750839.699418,211.059,0.016,0,24,0,8,8,3,100,0,0
1773750841.698549,211.160,0.016,0,24,0,8,8,3,100,0,0
1773750843.699921,211.270,0.017,0,24,0,8,8,3,100,0,0
1773750845.699831,211.367,0.016,0,24,0,8,8,3,100,0,0
1773750847.699504,211.473,0.016,0,24,0,8,8,3,100,0,0
1773750849.699976,211.660,0.020,0,24,0,8,8,3,100,0,0
1773750851.699366,199.645,0.016,0,24,0,8,8,3,100,0,0
1773750853.698750,196.617,0.017,0,24,0,8,8,3,100,0,0
1773750855.697785,196.703,0.019,0,24,0,8,8,3,100,0,0
1773750857.700619,196.801,0.016,0,24,0,8,8,3,100,0,0
1773750859.700058,196.902,0.018,0,24,0,8,8,3,100,0,0
1773750861.699132,197.012,0.023,0,24,0,8,8,3,100,0,0
1773750863.698477,197.117,0.017,0,24,0,8,8,3,100,0,0
1773750865.699564,197.223,0.016,0,24,0,8,8,3,100,0,0
1773750867.699786,197.324,0.014,0,24,0,8,8,3,100,0,0
1773750869.698691,197.430,0.021,0,24,0,8,8,3,100,0,0
1773750871.697263,197.523,0.017,0,24,0,8,8,3,100,0,0
1773750873.699162,197.621,0.017,0,24,0,8,8,3,100,0,0
1773750875.698510,197.723,0.020,0,24,0,8,8,3,100,0,0
1773750877.699975,197.828,0.021,0,24,0,8,8,3,100,0,0
1773750879.699054,197.934,0.018,0,24,0,8,8,3,100,0,0
1773750881.699509,198.031,0.019,0,24,0,8,8,3,100,0,0
1773750883.696899,198.137,0.026,0,24,0,8,8,3,100,0,0
1773750885.699036,198.234,0.017,0,24,0,8,8,3,100,0,0
1773750887.700047,198.336,0.026,0,24,0,8,8,3,100,0,0
1773750889.699827,198.441,0.018,0,24,0,8,8,3,100,0,0
1773750891.699986,198.535,0.020,0,24,0,8,8,3,100,0,0
1773750893.699971,198.629,0.016,0,24,0,8,8,3,100,0,0
1773750895.699236,198.742,0.016,0,24,0,8,8,3,100,0,0
1773750897.699208,198.840,0.016,0,24,0,8,8,3,100,0,0
1773750899.699760,198.949,0.017,0,24,0,8,8,3,100,0,0
1773750901.699733,199.055,0.016,0,24,0,8,8,3,100,0,0
1773750903.699404,199.160,0.016,0,24,0,8,8,3,100,0,0
1773750905.699517,199.262,0.017,0,24,0,8,8,3,100,0,0
1773750907.699641,199.352,0.018,0,24,0,8,8,3,100,0,0
1773750909.699735,199.457,0.019,0,24,0,8,8,3,100,0,0
1773750911.699011,199.555,0.017,0,24,0,8,8,3,100,0,0
1773750913.699979,199.660,0.019,0,24,0,8,8,3,100,0,0
1773750915.697733,199.766,0.016,0,24,0,8,8,3,100,0,0
1773750917.699507,199.863,0.019,0,24,0,8,8,3,100,0,0
1773750919.696788,199.973,0.018,0,24,0,8,8,3,100,0,0
1773750921.699084,200.074,0.019,0,24,0,8,8,3,100,0,0
1773750923.698899,200.164,0.019,0,24,0,8,8,3,100,0,0
1773750925.699785,200.266,0.016,0,24,0,8,8,3,100,0,0
1773750927.701119,200.371,0.016,0,24,0,8,8,3,100,0,0
1773750929.699633,200.477,0.017,0,24,0,8,8,3,100,0,0
1773750931.699881,200.578,0.016,0,24,0,8,8,3,100,0,0
1773750933.699820,200.684,0.016,0,24,0,8,8,3,100,0,0
1773750935.699627,200.781,0.018,0,24,0,8,8,3,100,0,0
1773750937.699064,200.883,0.017,0,24,0,8,8,3,100,0,0
1773750939.697480,200.992,0.019,0,24,0,8,8,3,100,0,0
1773750941.699968,201.082,0.016,0,24,0,8,8,3,100,0,0
1773750943.698206,201.184,0.020,0,24,0,8,8,3,100,0,0
1773750945.699581,201.293,0.020,0,24,0,8,8,3,100,0,0
1773750947.699966,201.391,0.016,0,24,0,8,8,3,100,0,0
1773750949.698748,201.500,0.019,0,24,0,8,8,3,100,0,0
1773750951.699170,201.598,0.016,0,24,0,8,8,3,100,0,0
1773750953.699966,201.707,0.017,0,24,0,8,8,3,100,0,0
1773750955.701584,201.801,0.016,0,24,0,8,8,3,100,0,0
1773750957.696967,201.906,0.018,0,24,0,8,8,3,100,0,0
1773750959.700157,202.016,0.016,0,24,0,8,8,3,100,0,0
1773750961.699710,202.113,0.019,0,24,0,8,8,3,100,0,0
1773750963.700024,202.219,0.017,0,24,0,8,8,3,100,0,0
1773750965.699835,202.320,0.017,0,24,0,8,8,3,100,0,0
1773750967.699707,202.434,0.022,0,24,0,8,8,3,100,0,0
1773750969.699724,202.527,0.017,0,24,0,8,8,3,100,0,0
1773750971.699411,202.641,0.017,0,24,0,8,8,3,100,0,0
1773750973.699683,202.707,0.018,0,24,0,8,8,3,100,0,0
1773750975.699944,202.820,0.015,0,24,0,8,8,3,100,0,0
1773750977.697521,202.914,0.017,0,24,0,8,8,3,100,0,0
1773750979.699745,203.020,0.021,0,24,0,8,8,3,100,0,0
1773750981.699999,203.121,0.016,0,24,0,8,8,3,100,0,0
1773750983.700128,203.223,0.017,0,24,0,8,8,3,100,0,0
1773750985.699473,203.324,0.016,0,24,0,8,8,3,100,0,0
1773750987.699341,203.426,0.027,0,24,0,8,8,3,100,0,0
1773750989.699711,203.531,0.018,0,24,0,8,8,3,100,0,0
1773750991.697895,203.625,0.017,0,24,0,8,8,3,100,0,0
1773750993.697751,203.727,0.018,0,24,0,8,8,3,100,0,0
1773750995.699929,203.828,0.015,0,24,0,8,8,3,100,0,0
1773750997.700951,203.938,0.016,0,24,0,8,8,3,100,0,0
1773750999.700119,204.035,0.021,0,24,0,8,8,3,100,0,0
1773751001.697424,204.133,0.016,0,24,0,8,8,3,100,0,0
1773751003.699614,204.238,0.018,0,24,0,8,8,3,100,0,0
1773751005.700128,204.344,0.016,0,24,0,8,8,3,100,0,0
1773751007.699404,204.441,0.017,0,24,0,8,8,3,100,0,0
1773751009.699660,204.539,0.019,0,24,0,8,8,3,100,0,0
1773751011.700443,204.641,0.019,0,24,0,8,8,3,100,0,0
1773751013.699606,204.746,0.018,0,24,0,8,8,3,100,0,0
1773751015.698795,204.848,0.021,0,24,0,8,8,3,100,0,0
1773751017.699405,204.949,0.018,0,24,0,8,8,3,100,0,0
1773751019.699263,205.059,0.016,0,24,0,8,8,3,100,0,0
1773751021.699851,205.160,0.018,0,24,0,8,8,3,100,0,0
1773751023.697942,205.258,0.016,0,24,0,8,8,3,100,0,0
1773751025.698656,205.359,0.017,0,24,0,8,8,3,100,0,0
1773751027.699231,205.461,0.016,0,24,0,8,8,3,100,0,0
1773751029.699488,205.570,0.019,0,24,0,8,8,3,100,0,0
1773751031.697894,205.664,0.021,0,24,0,8,8,3,100,0,0
1773751033.699589,205.770,0.019,0,24,0,8,8,3,100,0,0
1773751035.700348,205.871,0.018,0,24,0,8,8,3,100,0,0
1773751037.697529,205.973,0.019,0,24,0,8,8,3,100,0,0
1773751039.701583,206.074,0.019,0,24,0,8,8,3,100,0,0
1773751041.699533,206.168,0.016,0,24,0,8,8,3,100,0,0
1773751043.699894,206.270,0.021,0,24,0,8,8,3,100,0,0
1773751045.699152,206.371,0.015,0,24,0,8,8,3,100,0,0
1773751047.698568,206.484,0.017,0,24,0,8,8,3,100,0,0
1773751049.699344,206.586,0.019,0,24,0,8,8,3,100,0,0
1773751051.700181,206.684,0.017,0,24,0,8,8,3,100,0,0
1773751053.701685,206.793,0.019,0,24,0,8,8,3,100,0,0
1773751055.699560,206.891,0.017,0,24,0,8,8,3,100,0,0
1773751057.699467,206.988,0.016,0,24,0,8,8,3,100,0,0
1773751059.699870,207.094,0.019,0,24,0,8,8,3,100,0,0
1773751061.699181,207.191,0.017,0,24,0,8,8,3,100,0,0
1773751063.699729,207.301,0.017,0,24,0,8,8,3,100,0,0
1773751065.698217,207.395,0.017,0,24,0,8,8,3,100,0,0
1773751067.700289,207.500,0.017,0,24,0,8,8,3,100,0,0
1773751069.699559,207.605,0.017,0,24,0,8,8,3,100,0,0
1773751071.699818,207.707,0.017,0,24,0,8,8,3,100,0,0
1773751073.699568,207.809,0.021,0,24,0,8,8,3,100,0,0
1773751075.699501,207.914,0.020,0,24,0,8,8,3,100,0,0
1773751077.699615,208.012,0.017,0,24,0,8,8,3,100,0,0
1773751079.699717,208.113,0.014,0,24,0,8,8,3,100,0,0
1773751081.700432,208.215,0.018,0,24,0,8,8,3,100,0,0
1773751083.700201,208.316,0.018,0,24,0,8,8,3,100,0,0
1773751085.699957,208.426,0.016,0,24,0,8,8,3,100,0,0
1773751087.697605,208.527,0.017,0,24,0,8,8,3,100,0,0
1773751089.698699,208.633,0.019,0,24,0,8,8,3,100,0,0
1773751091.699549,208.723,0.018,0,24,0,8,8,3,100,0,0
1773751093.699821,208.824,0.016,0,24,0,8,8,3,100,0,0
1773751095.699791,208.934,0.017,0,24,0,8,8,3,100,0,0
1773751097.699590,209.031,0.018,0,24,0,8,8,3,100,0,0
1773751099.700203,209.141,0.017,0,24,0,8,8,3,100,0,0
1773751101.699122,209.246,0.017,0,24,0,8,8,3,100,0,0
1773751103.699821,209.344,0.021,0,24,0,8,8,3,100,0,0
1773751105.700058,209.449,0.017,0,24,0,8,8,3,100,0,0
1773751107.698638,209.551,0.020,0,24,0,8,8,3,100,0,0
1773751109.698787,209.645,0.017,0,24,0,8,8,3,100,0,0
1773751111.699542,209.754,0.021,0,24,0,8,8,3,100,0,0
1773751113.699354,209.848,0.020,0,24,0,8,8,3,100,0,0
1773751115.699765,209.953,0.017,0,24,0,8,8,3,100,0,0
1773751117.697087,210.059,0.018,0,24,0,8,8,3,100,0,0
1773751119.697878,210.156,0.018,0,24,0,8,8,3,100,0,0
1773751121.699718,210.262,0.016,0,24,0,8,8,3,100,0,0
1773751123.699762,210.363,0.017,0,24,0,8,8,3,100,0,0
1773751125.700316,210.461,0.017,0,24,0,8,8,3,100,0,0
1773751127.700394,210.562,0.017,0,24,0,8,8,3,100,0,0
1773751129.699632,210.668,0.018,0,24,0,8,8,3,100,0,0
1773751131.699864,210.773,0.019,0,24,0,8,8,3,100,0,0
1773751133.699639,210.875,0.019,0,24,0,8,8,3,100,0,0
1773751135.699537,210.977,0.017,0,24,0,8,8,3,100,0,0
1773751137.701511,211.078,0.018,0,24,0,8,8,3,100,0,0
1773751139.699732,211.184,0.020,0,24,0,8,8,3,100,0,0
1773751141.697659,211.281,0.016,0,24,0,8,8,3,100,0,0
1773751143.699756,211.383,0.016,0,24,0,8,8,3,100,0,0
1773751145.699334,211.492,0.017,0,24,0,8,8,3,100,0,0
1773751147.700371,211.633,0.022,0,24,0,8,8,3,100,0,0
1773751149.699722,196.312,0.016,0,24,0,8,8,3,100,0,0
1773751151.701633,196.379,0.018,0,24,0,8,8,3,100,0,0
1773751153.700216,196.473,0.016,0,24,0,8,8,3,100,0,0
1773751155.700202,196.578,0.017,0,24,0,8,8,3,100,0,0
1773751157.699665,196.684,0.018,0,24,0,8,8,3,100,0,0
1773751159.699366,196.785,0.016,0,24,0,8,8,3,100,0,0
1773751161.699168,196.883,0.019,0,24,0,8,8,3,100,0,0
1773751163.699749,196.988,0.016,0,24,0,8,8,3,100,0,0
1773751165.701638,197.090,0.016,0,24,0,8,8,3,100,0,0
1773751167.699720,197.191,0.020,0,24,0,8,8,3,100,0,0
1773751169.700279,197.293,0.015,0,24,0,8,8,3,100,0,0
1773751171.699812,197.391,0.018,0,24,0,8,8,3,100,0,0
1773751173.700240,197.504,0.017,0,24,0,8,8,3,100,0,0
1773751175.699200,197.598,0.018,0,24,0,8,8,3,100,0,0
1773751177.697652,197.695,0.019,0,24,0,8,8,3,100,0,0
1773751179.700974,197.801,0.016,0,24,0,8,8,3,100,0,0
1773751181.699716,197.898,0.018,0,24,0,8,8,3,100,0,0
1773751183.699679,198.004,0.019,0,24,0,8,8,3,100,0,0
1773751185.699601,198.094,0.016,0,24,0,8,8,3,100,0,0
1773751187.699732,198.195,0.018,0,24,0,8,8,3,100,0,0
1773751189.700087,198.297,0.019,0,24,0,8,8,3,100,0,0
1773751191.699342,198.406,0.015,0,24,0,8,8,3,100,0,0
1773751193.698670,198.496,0.016,0,24,0,8,8,3,100,0,0
1773751195.700028,198.605,0.018,0,24,0,8,8,3,100,0,0
1773751197.699480,198.707,0.019,0,24,0,8,8,3,100,0,0
1773751199.699615,198.805,0.027,0,24,0,8,8,3,100,0,0
1773751201.699347,198.914,0.018,0,24,0,8,8,3,100,0,0
1773751203.698570,199.016,0.017,0,24,0,8,8,3,100,0,0
1773751205.699661,199.117,0.019,0,24,0,8,8,3,100,0,0
1773751207.701095,199.215,0.017,0,24,0,8,8,3,100,0,0
1773751209.698916,199.316,0.022,0,24,0,8,8,3,100,0,0
1773751211.700183,199.422,0.016,0,24,0,8,8,3,100,0,0
1773751213.698516,199.520,0.019,0,24,0,8,8,3,100,0,0
1773751215.699429,199.617,0.019,0,24,0,8,8,3,100,0,0
1773751217.699879,199.723,0.017,0,24,0,8,8,3,100,0,0
1773751219.699922,199.824,0.016,0,24,0,8,8,3,100,0,0
1773751221.700428,199.934,0.023,0,24,0,8,8,3,100,0,0
1773751223.699024,200.035,0.018,0,24,0,8,8,3,100,0,0
1773751225.699534,200.125,0.023,0,24,0,8,8,3,100,0,0
1773751227.699852,200.230,0.016,0,24,0,8,8,3,100,0,0
1773751229.700393,200.332,0.021,0,24,0,8,8,3,100,0,0
1773751231.699682,200.441,0.018,0,24,0,8,8,3,100,0,0
1773751233.697800,200.543,0.023,0,24,0,8,8,3,100,0,0
1773751235.701409,200.645,0.016,0,24,0,8,8,3,100,0,0
1773751237.697323,200.754,0.018,0,24,0,8,8,3,100,0,0
1773751239.699595,200.852,0.018,0,24,0,8,8,3,100,0,0
1773751241.699851,200.961,0.017,0,24,0,8,8,3,100,0,0
1773751243.699937,201.055,0.016,0,24,0,8,8,3,100,0,0
1773751245.700046,201.152,0.015,0,24,0,8,8,3,100,0,0
1773751247.698723,201.258,0.016,0,24,0,8,8,3,100,0,0
1773751249.700538,201.363,0.015,0,24,0,8,8,3,100,0,0
1773751251.699510,201.461,0.016,0,24,0,8,8,3,100,0,0
1773751253.699462,201.562,0.016,0,24,0,8,8,3,100,0,0
1773751255.697381,201.672,0.017,0,24,0,8,8,3,100,0,0
1773751257.699116,201.773,0.018,0,24,0,8,8,3,100,0,0
1773751259.700000,201.867,0.016,0,24,0,8,8,3,100,0,0
1773751261.700038,201.965,0.016,0,24,0,8,8,3,100,0,0
1773751263.699981,202.074,0.016,0,24,0,8,8,3,100,0,0
1773751265.699487,202.172,0.017,0,24,0,8,8,3,100,0,0
1773751267.699697,202.273,0.018,0,24,0,8,8,3,100,0,0
1773751269.699817,202.395,0.019,0,24,0,8,8,3,100,0,0
1773751271.700126,202.496,0.020,0,24,0,8,8,3,100,0,0
1773751273.699643,202.602,0.018,0,24,0,8,8,3,100,0,0
1773751275.700236,202.695,0.022,0,24,0,8,8,3,100,0,0
1773751277.701235,202.793,0.018,0,24,0,8,8,3,100,0,0
1773751279.700034,202.895,0.017,0,24,0,8,8,3,100,0,0
1773751281.700306,203.000,0.018,0,24,0,8,8,3,100,0,0
1773751283.698169,203.098,0.018,0,24,0,8,8,3,100,0,0
1773751285.699421,203.203,0.018,0,24,0,8,8,3,100,0,0
1773751287.699732,203.309,0.016,0,24,0,8,8,3,100,0,0
1773751289.698039,203.406,0.022,0,24,0,8,8,3,100,0,0
1773751291.700337,203.512,0.022,0,24,0,8,8,3,100,0,0
1773751293.700031,203.605,0.019,0,24,0,8,8,3,100,0,0
1773751295.700151,203.711,0.018,0,24,0,8,8,3,100,0,0
1773751297.697469,203.812,0.019,0,24,0,8,8,3,100,0,0
1773751299.700026,203.922,0.017,0,24,0,8,8,3,100,0,0
1773751301.700425,204.023,0.017,0,24,0,8,8,3,100,0,0
1773751303.700345,204.125,0.017,0,24,0,8,8,3,100,0,0
1773751305.700276,204.223,0.018,0,24,0,8,8,3,100,0,0
1773751307.700009,204.324,0.018,0,24,0,8,8,3,100,0,0
1773751309.699654,204.434,0.017,0,24,0,8,8,3,100,0,0
1773751311.698449,204.523,0.017,0,24,0,8,8,3,100,0,0
1773751313.699493,204.629,0.019,0,24,0,8,8,3,100,0,0
1773751315.699713,204.730,0.017,0,24,0,8,8,3,100,0,0
1773751317.699645,204.836,0.024,0,24,0,8,8,3,100,0,0
1773751319.700754,204.938,0.020,0,24,0,8,8,3,100,0,0
1773751321.699656,205.035,0.032,0,24,0,8,8,3,100,0,0
1773751323.699539,205.145,0.018,0,24,0,8,8,3,100,0,0
1773751325.697702,205.246,0.018,0,24,0,8,8,3,100,0,0
1773751327.699737,205.336,0.017,0,24,0,8,8,3,100,0,0
1773751329.699842,205.445,0.018,0,24,0,8,8,3,100,0,0
1773751331.700103,205.555,0.017,0,24,0,8,8,3,100,0,0
1773751333.700201,205.648,0.017,0,24,0,8,8,3,100,0,0
1773751335.699915,205.758,0.023,0,24,0,8,8,3,100,0,0
1773751337.698542,205.852,0.016,0,24,0,8,8,3,100,0,0
1773751339.699716,205.961,0.017,0,24,0,8,8,3,100,0,0
1773751341.699843,206.062,0.020,0,24,0,8,8,3,100,0,0
1773751343.699925,206.156,0.022,0,24,0,8,8,3,100,0,0
1773751345.699515,206.266,0.017,0,24,0,8,8,3,100,0,0
1773751347.700379,206.371,0.017,0,24,0,8,8,3,100,0,0
1773751349.697055,206.477,0.017,0,24,0,8,8,3,100,0,0
1773751351.699822,206.574,0.019,0,24,0,8,8,3,100,0,0
1773751353.697848,206.680,0.016,0,24,0,8,8,3,100,0,0
1773751355.698369,206.785,0.017,0,24,0,8,8,3,100,0,0
1773751357.699705,206.887,0.017,0,24,0,8,8,3,100,0,0
1773751359.699183,206.980,0.019,0,24,0,8,8,3,100,0,0
1773751361.700447,207.086,0.018,0,24,0,8,8,3,100,0,0
1773751363.700400,207.188,0.017,0,24,0,8,8,3,100,0,0
1773751365.699431,207.293,0.017,0,24,0,8,8,3,100,0,0
1773751367.699288,207.402,0.019,0,24,0,8,8,3,100,0,0
1773751369.699801,207.500,0.017,0,24,0,8,8,3,100,0,0
1773751371.699866,207.602,0.024,0,24,0,8,8,3,100,0,0
1773751373.698817,207.703,0.022,0,24,0,8,8,3,100,0,0
1773751375.699604,207.797,0.029,0,24,0,8,8,3,100,0,0
1773751377.697228,207.898,0.026,0,24,0,8,8,3,100,0,0
1773751379.700171,208.004,0.023,0,24,0,8,8,3,100,0,0
1773751381.707169,208.105,0.019,0,24,0,8,8,3,100,0,0
1773751383.699708,208.211,0.021,0,24,0,8,8,3,100,0,0
1773751385.699343,208.316,0.022,0,24,0,8,8,3,100,0,0
1773751387.700214,208.410,0.017,0,24,0,8,8,3,100,0,0
1773751389.699355,208.520,0.021,0,24,0,8,8,3,100,0,0
1773751391.700389,208.613,0.016,0,24,0,8,8,3,100,0,0
1773751393.699021,208.711,0.018,0,24,0,8,8,3,100,0,0
1773751395.700097,208.812,0.020,0,24,0,8,8,3,100,0,0
1773751397.699743,208.914,0.018,0,24,0,8,8,3,100,0,0
1773751399.696891,209.023,0.017,0,24,0,8,8,3,100,0,0
1773751401.700288,209.129,0.020,0,24,0,8,8,3,100,0,0
1773751403.700062,209.227,0.018,0,24,0,8,8,3,100,0,0
1773751405.709763,209.332,0.020,0,24,0,8,8,3,100,0,0
1773751407.700217,209.438,0.019,0,24,0,8,8,3,100,0,0
1773751409.697677,209.535,0.020,0,24,0,8,8,3,100,0,0
1773751411.700227,209.629,0.020,0,24,0,8,8,3,100,0,0
1773751413.699609,209.738,0.016,0,24,0,8,8,3,100,0,0
1773751415.699687,209.836,0.017,0,24,0,8,8,3,100,0,0
1773751417.700323,209.941,0.021,0,24,0,8,8,3,100,0,0
1773751419.699407,210.039,0.019,0,24,0,8,8,3,100,0,0
1773751421.699729,210.152,0.018,0,24,0,8,8,3,100,0,0
1773751423.700366,210.250,0.021,0,24,0,8,8,3,100,0,0
1773751425.699643,210.348,0.022,0,24,0,8,8,3,100,0,0
1773751427.697487,210.449,0.020,0,24,0,8,8,3,100,0,0
1773751429.700181,210.543,0.020,0,24,0,8,8,3,100,0,0
1773751431.701391,210.652,0.019,0,24,0,8,8,3,100,0,0
1773751433.700025,210.758,0.018,0,24,0,8,8,3,100,0,0
1773751435.699569,210.852,0.021,0,24,0,8,8,3,100,0,0
1773751437.700361,210.957,0.017,0,24,0,8,8,3,100,0,0
1773751439.699959,211.059,0.019,0,24,0,8,8,3,100,0,0
1773751441.698557,211.160,0.017,0,24,0,8,8,3,100,0,0
1773751443.699248,211.262,0.017,0,24,0,8,8,3,100,0,0
1773751445.700853,211.398,0.018,0,24,0,8,8,3,100,0,0
1773751447.700012,196.305,0.015,0,24,0,8,8,3,100,0,0
1773751449.699950,196.352,0.021,0,24,0,8,8,3,100,0,0
1773751451.700306,196.453,0.017,0,24,0,8,8,3,100,0,0
1773751453.698428,196.555,0.018,0,24,0,8,8,3,100,0,0
1773751455.698366,196.656,0.019,0,24,0,8,8,3,100,0,0
1773751457.699803,196.762,0.015,0,24,0,8,8,3,100,0,0
1773751459.701604,196.859,0.015,0,24,0,8,8,3,100,0,0
1773751461.699711,196.961,0.028,0,24,0,8,8,3,100,0,0
1773751463.698366,197.066,0.021,0,24,0,8,8,3,100,0,0
1773751465.699690,197.168,0.021,0,24,0,8,8,3,100,0,0
1773751467.698875,197.270,0.018,0,24,0,8,8,3,100,0,0
1773751469.700442,197.379,0.015,0,24,0,8,8,3,100,0,0
1773751471.699433,197.477,0.016,0,24,0,8,8,3,100,0,0
1773751473.698835,197.586,0.022,0,24,0,8,8,3,100,0,0
1773751475.699901,197.684,0.017,0,24,0,8,8,3,100,0,0
1773751477.699351,197.777,0.019,0,24,0,8,8,3,100,0,0
1773751479.699488,197.891,0.016,0,24,0,8,8,3,100,0,0
1773751481.698552,197.988,0.019,0,24,0,8,8,3,100,0,0
1773751483.697878,198.094,0.016,0,24,0,8,8,3,100,0,0
1773751485.699814,198.176,0.018,0,24,0,8,8,3,100,0,0
1773751487.697636,198.281,0.017,0,24,0,8,8,3,100,0,0
1773751489.700147,198.383,0.017,0,24,0,8,8,3,100,0,0
1773751491.699882,198.484,0.017,0,24,0,8,8,3,100,0,0
1773751493.698545,198.598,0.018,0,24,0,8,8,3,100,0,0
1773751495.699498,198.688,0.017,0,24,0,8,8,3,100,0,0
1773751497.698397,198.797,0.017,0,24,0,8,8,3,100,0,0
1773751499.697140,198.895,0.015,0,24,0,8,8,3,100,0,0
1773751501.700587,198.996,0.017,0,24,0,8,8,3,100,0,0
1773751503.698372,199.102,0.022,0,24,0,8,8,3,100,0,0
1773751505.699569,199.207,0.019,0,24,0,8,8,3,100,0,0
1773751507.700149,199.312,0.019,0,24,0,8,8,3,100,0,0
1773751509.697437,199.410,0.018,0,24,0,8,8,3,100,0,0
1773751511.696792,199.512,0.018,0,24,0,8,8,3,100,0,0
1773751513.699417,199.605,0.017,0,24,0,8,8,3,100,0,0
1773751515.701426,199.711,0.024,0,24,0,8,8,3,100,0,0
1773751517.699715,199.812,0.019,0,24,0,8,8,3,100,0,0
1773751519.696967,199.922,0.021,0,24,0,8,8,3,100,0,0
1773751521.697465,200.020,0.018,0,24,0,8,8,3,100,0,0
1773751523.697858,200.129,0.017,0,24,0,8,8,3,100,0,0
1773751525.699308,200.227,0.022,0,24,0,8,8,3,100,0,0
1773751527.700371,200.320,0.017,0,24,0,8,8,3,100,0,0
1773751529.699150,200.430,0.016,0,24,0,8,8,3,100,0,0
1773751531.700379,200.531,0.018,0,24,0,8,8,3,100,0,0
1773751533.700494,200.633,0.019,0,24,0,8,8,3,100,0,0
1773751535.699405,200.730,0.016,0,24,0,8,8,3,100,0,0
1773751537.699575,200.836,0.017,0,24,0,8,8,3,100,0,0
1773751539.699927,200.938,0.016,0,24,0,8,8,3,100,0,0
1773751541.699621,201.043,0.020,0,24,0,8,8,3,100,0,0
1773751543.700521,201.141,0.016,0,24,0,8,8,3,100,0,0
1773751545.700027,201.238,0.016,0,24,0,8,8,3,100,0,0
1773751547.699223,201.344,0.018,0,24,0,8,8,3,100,0,0
1773751549.700040,201.441,0.020,0,24,0,8,8,3,100,0,0
1773751551.698142,201.551,0.021,0,24,0,8,8,3,100,0,0
1773751553.699701,201.652,0.017,0,24,0,8,8,3,100,0,0
1773751555.700088,201.750,0.026,0,24,0,8,8,3,100,0,0
1773751557.698860,201.852,0.022,0,24,0,8,8,3,100,0,0
1773751559.698485,201.953,0.020,0,24,0,8,8,3,100,0,0
1773751561.699686,202.051,0.023,0,24,0,8,8,3,100,0,0
1773751563.698717,202.156,0.018,0,24,0,8,8,3,100,0,0
1773751565.699796,202.262,0.016,0,24,0,8,8,3,100,0,0
1773751567.700091,202.367,0.017,0,24,0,8,8,3,100,0,0
1773751569.699663,202.480,0.015,0,24,0,8,8,3,100,0,0
1773751571.701205,202.578,0.019,0,24,0,8,8,3,100,0,0
1773751573.700124,202.680,0.019,0,24,0,8,8,3,100,0,0
1773751575.700097,202.781,0.016,0,24,0,8,8,3,100,0,0
1773751577.696994,202.875,0.016,0,24,0,8,8,3,100,0,0
1773751579.698907,202.984,0.018,0,24,0,8,8,3,100,0,0
1773751581.699986,203.082,0.020,0,24,0,8,8,3,100,0,0
1773751583.700021,203.188,0.018,0,24,0,8,8,3,100,0,0
1773751585.700361,203.293,0.018,0,24,0,8,8,3,100,0,0
1773751587.700037,203.391,0.017,0,24,0,8,8,3,100,0,0
1773751589.699728,203.496,0.017,0,24,0,8,8,3,100,0,0
1773751591.699035,203.598,0.016,0,24,0,8,8,3,100,0,0
1773751593.699695,203.703,0.023,0,24,0,8,8,3,100,0,0
1773751595.699943,203.793,0.047,0,24,0,8,8,3,100,0,0
1773751597.700351,203.898,0.017,0,24,0,8,8,3,100,0,0
1773751599.700426,204.004,0.016,0,24,0,8,8,3,100,0,0
1773751601.700296,204.105,0.019,0,24,0,8,8,3,100,0,0
1773751603.699629,204.211,0.019,0,24,0,8,8,3,100,0,0
1773751605.700430,204.312,0.018,0,24,0,8,8,3,100,0,0
1773751607.699817,204.410,0.017,0,24,0,8,8,3,100,0,0
1773751609.699071,204.516,0.015,0,24,0,8,8,3,100,0,0
1773751611.699307,204.605,0.019,0,24,0,8,8,3,100,0,0
1773751613.700027,204.711,0.019,0,24,0,8,8,3,100,0,0
1773751615.698694,204.816,0.017,0,24,0,8,8,3,100,0,0
1773751617.700269,204.922,0.018,0,24,0,8,8,3,100,0,0
1773751619.699883,205.020,0.015,0,24,0,8,8,3,100,0,0
1773751621.699013,205.117,0.020,0,24,0,8,8,3,100,0,0
1773751623.700435,205.230,0.015,0,24,0,8,8,3,100,0,0
1773751625.699991,205.324,0.016,0,24,0,8,8,3,100,0,0
1773751627.700277,205.430,0.016,0,24,0,8,8,3,100,0,0
1773751629.698934,205.531,0.016,0,24,0,8,8,3,100,0,0
1773751631.700184,205.625,0.020,0,24,0,8,8,3,100,0,0
1773751633.698386,205.730,0.017,0,24,0,8,8,3,100,0,0
1773751635.699827,205.832,0.020,0,24,0,8,8,3,100,0,0
1773751637.699842,205.934,0.018,0,24,0,8,8,3,100,0,0
1773751639.699907,206.043,0.018,0,24,0,8,8,3,100,0,0
1773751641.699809,206.145,0.016,0,24,0,8,8,3,100,0,0
1773751643.700338,206.246,0.016,0,24,0,8,8,3,100,0,0
1773751645.699695,206.344,0.018,0,24,0,8,8,3,100,0,0
1773751647.699903,206.445,0.015,0,24,0,8,8,3,100,0,0
1773751649.699914,206.547,0.020,0,24,0,8,8,3,100,0,0
1773751651.699807,206.652,0.017,0,24,0,8,8,3,100,0,0
1773751653.699403,206.758,0.017,0,24,0,8,8,3,100,0,0
1773751655.699643,206.859,0.019,0,24,0,8,8,3,100,0,0
1773751657.699744,206.965,0.017,0,24,0,8,8,3,100,0,0
1773751659.699324,207.066,0.018,0,24,0,8,8,3,100,0,0
1773751661.697599,207.156,0.016,0,24,0,8,8,3,100,0,0
1773751663.700076,207.258,0.017,0,24,0,8,8,3,100,0,0
1773751665.699387,207.363,0.019,0,24,0,8,8,3,100,0,0
1773751667.698603,207.469,0.016,0,24,0,8,8,3,100,0,0
1773751669.700777,207.570,0.016,0,24,0,8,8,3,100,0,0
1773751671.699819,207.672,0.020,0,24,0,8,8,3,100,0,0
1773751673.699745,207.773,0.018,0,24,0,8,8,3,100,0,0
1773751675.699660,207.879,0.019,0,24,0,8,8,3,100,0,0
1773751677.699931,207.980,0.016,0,24,0,8,8,3,100,0,0
1773751679.699845,208.078,0.018,0,24,0,8,8,3,100,0,0
1773751681.700364,208.184,0.020,0,24,0,8,8,3,100,0,0
1773751683.700903,208.285,0.017,0,24,0,8,8,3,100,0,0
1773751685.699925,208.387,0.023,0,24,0,8,8,3,100,0,0
1773751687.698405,208.492,0.019,0,24,0,8,8,3,100,0,0
1773751689.699857,208.594,0.016,0,24,0,8,8,3,100,0,0
1773751691.699635,208.699,0.019,0,24,0,8,8,3,100,0,0
1773751693.699958,208.801,0.017,0,24,0,8,8,3,100,0,0
1773751695.699926,208.902,0.016,0,24,0,8,8,3,100,0,0
1773751697.699658,209.000,0.018,0,24,0,8,8,3,100,0,0
1773751699.699829,209.102,0.017,0,24,0,8,8,3,100,0,0
1773751701.698396,209.207,0.017,0,24,0,8,8,3,100,0,0
1773751703.699928,209.309,0.018,0,24,0,8,8,3,100,0,0
1773751705.699986,209.418,0.020,0,24,0,8,8,3,100,0,0
1773751707.700077,209.516,0.017,0,24,0,8,8,3,100,0,0
1773751709.699212,209.613,0.015,0,24,0,8,8,3,100,0,0
1773751711.700571,209.719,0.017,0,24,0,8,8,3,100,0,0
1773751713.700088,209.816,0.018,0,24,0,8,8,3,100,0,0
1773751715.700269,209.918,0.018,0,24,0,8,8,3,100,0,0
1773751717.699496,210.027,0.015,0,24,0,8,8,3,100,0,0
1773751719.700083,210.121,0.016,0,24,0,8,8,3,100,0,0
1773751721.699622,210.230,0.016,0,24,0,8,8,3,100,0,0
1773751723.699753,210.332,0.016,0,24,0,8,8,3,100,0,0
1773751725.700528,210.434,0.018,0,24,0,8,8,3,100,0,0
1773751727.700039,210.539,0.021,0,24,0,8,8,3,100,0,0
1773751729.699851,210.629,0.018,0,24,0,8,8,3,100,0,0
1773751731.699903,210.738,0.021,0,24,0,8,8,3,100,0,0
1773751733.697571,210.832,0.018,0,24,0,8,8,3,100,0,0
1773751735.699330,210.941,0.021,0,24,0,8,8,3,100,0,0
1773751737.699998,211.047,0.017,0,24,0,8,8,3,100,0,0
1773751739.698397,211.141,0.018,0,24,0,8,8,3,100,0,0
1773751741.699583,211.246,0.016,0,24,0,8,8,3,100,0,0
1773751743.700357,211.383,0.020,0,24,0,8,8,3,100,0,0
1773751745.700076,196.277,0.018,0,24,0,8,8,3,100,0,0
1773751747.700220,196.320,0.016,0,24,0,8,8,3,100,0,0
1773751749.700157,196.426,0.018,0,24,0,8,8,3,100,0,0
1773751751.698838,196.535,0.018,0,24,0,8,8,3,100,0,0
1773751753.701484,196.641,0.018,0,24,0,8,8,3,100,0,0
1773751755.700341,196.742,0.017,0,24,0,8,8,3,100,0,0
1773751757.700351,196.852,0.016,0,24,0,8,8,3,100,0,0
1773751759.700377,196.957,0.016,0,24,0,8,8,3,100,0,0
1773751761.699987,197.059,0.016,0,24,0,8,8,3,100,0,0
1773751763.698982,197.156,0.020,0,24,0,8,8,3,100,0,0
1773751765.699617,197.254,0.017,0,24,0,8,8,3,100,0,0
1773751767.699170,197.363,0.020,0,24,0,8,8,3,100,0,0
1773751769.697751,197.465,0.021,0,24,0,8,8,3,100,0,0
1773751771.698181,197.562,0.020,0,24,0,8,8,3,100,0,0
1773751773.699852,197.668,0.017,0,24,0,8,8,3,100,0,0
1773751775.700024,197.773,0.019,0,24,0,8,8,3,100,0,0
1773751777.700436,197.883,0.017,0,24,0,8,8,3,100,0,0
1773751779.700183,197.980,0.019,0,24,0,8,8,3,100,0,0
1773751781.703079,198.078,0.019,0,24,0,8,8,3,100,0,0
1773751783.699822,198.180,0.016,0,24,0,8,8,3,100,0,0
1773751785.700147,198.270,0.019,0,24,0,8,8,3,100,0,0
1773751787.697980,198.379,0.020,0,24,0,8,8,3,100,0,0
1773751789.700374,198.480,0.018,0,24,0,8,8,3,100,0,0
1773751791.700045,198.582,0.016,0,24,0,8,8,3,100,0,0
1773751793.699460,198.684,0.017,0,24,0,8,8,3,100,0,0
1773751795.699077,198.789,0.017,0,24,0,8,8,3,100,0,0
1773751797.700282,198.883,0.019,0,24,0,8,8,3,100,0,0
1773751799.700150,198.984,0.021,0,24,0,8,8,3,100,0,0
1773751801.699360,199.086,0.018,0,24,0,8,8,3,100,0,0
1773751803.698299,199.191,0.018,0,24,0,8,8,3,100,0,0
1773751805.699941,199.293,0.016,0,24,0,8,8,3,100,0,0
1773751807.698027,199.398,0.017,0,24,0,8,8,3,100,0,0
1773751809.700240,199.500,0.018,0,24,0,8,8,3,100,0,0
1773751811.699600,199.602,0.021,0,24,0,8,8,3,100,0,0
1773751813.700652,199.695,0.017,0,24,0,8,8,3,100,0,0
1773751815.700575,199.805,0.016,0,24,0,8,8,3,100,0,0
1773751817.700645,199.902,0.019,0,24,0,8,8,3,100,0,0
1773751819.700762,200.008,0.016,0,24,0,8,8,3,100,0,0
1773751821.700091,200.105,0.017,0,24,0,8,8,3,100,0,0
1773751823.698483,200.211,0.020,0,24,0,8,8,3,100,0,0
1773751825.703583,200.316,0.070,0,24,0,8,8,3,100,0,0
1773751827.699597,200.418,0.018,0,24,0,8,8,3,100,0,0
1773751829.700554,200.527,0.017,0,24,0,8,8,3,100,0,0
1773751831.700142,200.613,0.022,0,24,0,8,8,3,100,0,0
1773751833.697608,200.715,0.020,0,24,0,8,8,3,100,0,0
1773751835.699501,200.820,0.017,0,24,0,8,8,3,100,0,0
1773751837.700829,200.926,0.018,0,24,0,8,8,3,100,0,0
1773751839.699415,201.023,0.020,0,24,0,8,8,3,100,0,0
1773751841.697019,201.133,0.018,0,24,0,8,8,3,100,0,0
1773751843.698267,201.234,0.019,0,24,0,8,8,3,100,0,0
1773751845.698999,201.328,0.022,0,24,0,8,8,3,100,0,0
1773751847.700283,201.426,0.019,0,24,0,8,8,3,100,0,0
1773751849.698874,201.527,0.016,0,24,0,8,8,3,100,0,0
1773751851.698066,201.645,0.017,0,24,0,8,8,3,100,0,0
1773751853.700632,201.742,0.018,0,24,0,8,8,3,100,0,0
1773751855.700048,201.844,0.017,0,24,0,8,8,3,100,0,0
1773751857.698682,201.953,0.018,0,24,0,8,8,3,100,0,0
1773751859.700230,202.051,0.016,0,24,0,8,8,3,100,0,0
1773751861.700053,202.156,0.018,0,24,0,8,8,3,100,0,0
1773751863.699862,202.254,0.019,0,24,0,8,8,3,100,0,0
1773751865.702203,202.371,0.017,0,24,0,8,8,3,100,0,0
1773751867.699803,202.465,0.016,0,24,0,8,8,3,100,0,0
1773751869.700368,202.566,0.017,0,24,0,8,8,3,100,0,0
1773751871.700073,202.672,0.017,0,24,0,8,8,3,100,0,0
1773751873.699873,202.777,0.016,0,24,0,8,8,3,100,0,0
1773751875.700664,202.883,0.018,0,24,0,8,8,3,100,0,0
1773751877.699501,202.977,0.020,0,24,0,8,8,3,100,0,0
1773751879.698953,203.086,0.019,0,24,0,8,8,3,100,0,0
1773751881.700242,203.180,0.018,0,24,0,8,8,3,100,0,0
1773751883.700043,203.277,0.020,0,24,0,8,8,3,100,0,0
1773751885.700466,203.387,0.018,0,24,0,8,8,3,100,0,0
1773751887.700102,203.484,0.021,0,24,0,8,8,3,100,0,0
1773751889.700676,203.590,0.017,0,24,0,8,8,3,100,0,0
1773751891.697971,203.691,0.016,0,24,0,8,8,3,100,0,0
1773751893.700113,203.797,0.018,0,24,0,8,8,3,100,0,0
1773751895.700282,203.902,0.020,0,24,0,8,8,3,100,0,0
1773751897.699900,203.996,0.016,0,24,0,8,8,3,100,0,0
1773751899.700295,204.098,0.019,0,24,0,8,8,3,100,0,0
1773751901.699981,204.199,0.019,0,24,0,8,8,3,100,0,0
1773751903.700095,204.301,0.016,0,24,0,8,8,3,100,0,0
1773751905.700262,204.414,0.019,0,24,0,8,8,3,100,0,0
1773751907.700491,204.516,0.016,0,24,0,8,8,3,100,0,0
1773751909.700964,204.609,0.018,0,24,0,8,8,3,100,0,0
1773751911.700475,204.715,0.017,0,24,0,8,8,3,100,0,0
1773751913.700690,204.809,0.016,0,24,0,8,8,3,100,0,0
1773751915.699907,204.918,0.017,0,24,0,8,8,3,100,0,0
1773751917.698120,205.023,0.017,0,24,0,8,8,3,100,0,0
1773751919.700604,205.129,0.017,0,24,0,8,8,3,100,0,0
1773751921.701987,205.227,0.017,0,24,0,8,8,3,100,0,0
1773751923.699673,205.332,0.018,0,24,0,8,8,3,100,0,0
1773751925.700685,205.434,0.018,0,24,0,8,8,3,100,0,0
1773751927.699993,205.535,0.018,0,24,0,8,8,3,100,0,0
1773751929.700376,205.641,0.016,0,24,0,8,8,3,100,0,0
1773751931.700161,205.738,0.017,0,24,0,8,8,3,100,0,0
1773751933.699848,205.840,0.016,0,24,0,8,8,3,100,0,0
1773751935.701771,205.938,0.015,0,24,0,8,8,3,100,0,0
1773751937.700090,206.043,0.021,0,24,0,8,8,3,100,0,0
1773751939.700002,206.145,0.017,0,24,0,8,8,3,100,0,0
1773751941.700616,206.258,0.017,0,24,0,8,8,3,100,0,0
1773751943.700692,206.355,0.016,0,24,0,8,8,3,100,0,0
1773751945.700458,206.461,0.018,0,24,0,8,8,3,100,0,0
1773751947.698947,206.555,0.016,0,24,0,8,8,3,100,0,0
1773751949.700682,206.656,0.017,0,24,0,8,8,3,100,0,0
1773751951.700156,206.762,0.017,0,24,0,8,8,3,100,0,0
1773751953.700242,206.859,0.018,0,24,0,8,8,3,100,0,0
1773751955.698727,206.961,0.016,0,24,0,8,8,3,100,0,0
1773751957.700265,207.066,0.017,0,24,0,8,8,3,100,0,0
1773751959.700735,207.168,0.016,0,24,0,8,8,3,100,0,0
1773751961.697478,207.277,0.016,0,24,0,8,8,3,100,0,0
1773751963.699584,207.371,0.018,0,24,0,8,8,3,100,0,0
1773751965.700144,207.469,0.026,0,24,0,8,8,3,100,0,0
1773751967.699782,207.570,0.017,0,24,0,8,8,3,100,0,0
1773751969.699371,207.676,0.015,0,24,0,8,8,3,100,0,0
1773751971.700201,207.777,0.016,0,24,0,8,8,3,100,0,0
1773751973.699877,207.887,0.015,0,24,0,8,8,3,100,0,0
1773751975.699878,207.984,0.018,0,24,0,8,8,3,100,0,0
1773751977.700626,208.086,0.020,0,24,0,8,8,3,100,0,0
1773751979.699602,208.199,0.019,0,24,0,8,8,3,100,0,0
1773751981.700175,208.285,0.018,0,24,0,8,8,3,100,0,0
1773751983.699507,208.391,0.018,0,24,0,8,8,3,100,0,0
1773751985.700300,208.488,0.017,0,24,0,8,8,3,100,0,0
1773751987.700598,208.594,0.019,0,24,0,8,8,3,100,0,0
1773751989.700122,208.699,0.018,0,24,0,8,8,3,100,0,0
1773751991.699877,208.859,0.020,0,24,0,8,8,3,100,0,0
1773751993.700362,208.965,0.023,0,24,0,8,8,3,100,0,0
1773751995.699979,209.066,0.019,0,24,0,8,8,3,100,0,0
1773751997.699945,209.164,0.018,0,24,0,8,8,3,100,0,0
1773751999.700065,209.270,0.017,0,24,0,8,8,3,100,0,0
1773752001.700635,209.367,0.017,0,24,0,8,8,3,100,0,0
1773752003.700626,209.473,0.016,0,24,0,8,8,3,100,0,0
1773752005.700839,209.574,0.015,0,24,0,8,8,3,100,0,0
1773752007.699911,209.684,0.020,0,24,0,8,8,3,100,0,0
1773752009.700114,209.785,0.019,0,24,0,8,8,3,100,0,0
1773752011.699088,209.879,0.016,0,24,0,8,8,3,100,0,0
1773752013.697642,209.992,0.018,0,24,0,8,8,3,100,0,0
1773752015.699803,210.078,0.015,0,24,0,8,8,3,100,0,0
1773752017.697935,210.184,0.016,0,24,0,8,8,3,100,0,0
1773752019.700927,210.293,0.019,0,24,0,8,8,3,100,0,0
1773752021.699927,210.387,0.017,0,24,0,8,8,3,100,0,0
1773752023.700231,210.492,0.017,0,24,0,8,8,3,100,0,0
1773752025.699797,210.594,0.018,0,24,0,8,8,3,100,0,0
1773752027.699808,210.703,0.019,0,24,0,8,8,3,100,0,0
1773752029.699765,210.801,0.019,0,24,0,8,8,3,100,0,0
1773752031.699990,210.895,0.020,0,24,0,8,8,3,100,0,0
1773752033.700427,211.000,0.017,0,24,0,8,8,3,100,0,0
1773752035.699681,211.102,0.016,0,24,0,8,8,3,100,0,0
1773752037.700537,211.207,0.017,0,24,0,8,8,3,100,0,0
1773752039.698907,211.305,0.018,0,24,0,8,8,3,100,0,0
1773752041.697345,211.473,0.020,0,24,0,8,8,3,100,0,0
1773752043.700702,196.332,0.020,0,24,0,8,8,3,100,0,0
1773752045.700018,196.398,0.017,0,24,0,8,8,3,100,0,0
1773752047.698278,196.492,0.020,0,24,0,8,8,3,100,0,0
1773752049.700012,196.598,0.018,0,24,0,8,8,3,100,0,0
1773752051.700633,196.703,0.018,0,24,0,8,8,3,100,0,0
1773752053.700123,196.809,0.017,0,24,0,8,8,3,100,0,0
1773752055.699846,196.906,0.016,0,24,0,8,8,3,100,0,0
1773752057.697944,197.016,0.016,0,24,0,8,8,3,100,0,0
1773752059.700766,197.113,0.018,0,24,0,8,8,3,100,0,0
1773752061.701028,197.219,0.016,0,24,0,8,8,3,100,0,0
1773752063.699240,197.320,0.017,0,24,0,8,8,3,100,0,0
1773752065.698253,197.422,0.018,0,24,0,8,8,3,100,0,0
1773752067.697681,197.523,0.020,0,24,0,8,8,3,100,0,0
1773752069.700435,197.629,0.017,0,24,0,8,8,3,100,0,0
1773752071.700459,197.734,0.016,0,24,0,8,8,3,100,0,0
1773752073.700543,197.828,0.017,0,24,0,8,8,3,100,0,0
1773752075.700081,197.938,0.019,0,24,0,8,8,3,100,0,0
1773752077.700027,198.039,0.027,0,24,0,8,8,3,100,0,0
1773752079.699973,198.141,0.019,0,24,0,8,8,3,100,0,0
1773752081.700410,198.242,0.016,0,24,0,8,8,3,100,0,0
1773752083.699571,198.340,0.016,0,24,0,8,8,3,100,0,0
1773752085.700722,198.434,0.018,0,24,0,8,8,3,100,0,0
1773752087.700319,198.539,0.015,0,24,0,8,8,3,100,0,0
1773752089.700702,198.645,0.018,0,24,0,8,8,3,100,0,0
1773752091.699867,198.742,0.017,0,24,0,8,8,3,100,0,0
1773752093.700200,198.852,0.017,0,24,0,8,8,3,100,0,0
1773752095.700303,198.953,0.017,0,24,0,8,8,3,100,0,0
1773752097.697593,199.055,0.023,0,24,0,8,8,3,100,0,0
1773752099.700686,199.152,0.016,0,24,0,8,8,3,100,0,0
1773752101.700425,199.250,0.017,0,24,0,8,8,3,100,0,0
1773752103.701239,199.355,0.016,0,24,0,8,8,3,100,0,0
1773752105.699925,199.461,0.018,0,24,0,8,8,3,100,0,0
1773752107.700128,199.559,0.019,0,24,0,8,8,3,100,0,0
1773752109.700101,199.668,0.019,0,24,0,8,8,3,100,0,0
1773752111.700195,199.770,0.016,0,24,0,8,8,3,100,0,0
1773752113.700546,199.867,0.018,0,24,0,8,8,3,100,0,0
1773752115.700248,199.965,0.016,0,24,0,8,8,3,100,0,0
1773752117.700970,200.066,0.019,0,24,0,8,8,3,100,0,0
1773752119.700272,200.168,0.016,0,24,0,8,8,3,100,0,0
1773752121.700089,200.273,0.019,0,24,0,8,8,3,100,0,0
1773752123.698906,200.371,0.018,0,24,0,8,8,3,100,0,0
1773752125.700047,200.484,0.017,0,24,0,8,8,3,100,0,0
1773752127.699753,200.590,0.018,0,24,0,8,8,3,100,0,0
1773752129.700430,200.695,0.018,0,24,0,8,8,3,100,0,0
1773752131.699735,200.801,0.016,0,24,0,8,8,3,100,0,0
1773752133.700362,200.883,0.019,0,24,0,8,8,3,100,0,0
1773752135.698491,200.996,0.015,0,24,0,8,8,3,100,0,0
1773752137.699545,201.090,0.017,0,24,0,8,8,3,100,0,0
1773752139.700175,201.199,0.020,0,24,0,8,8,3,100,0,0
1773752141.700376,201.297,0.018,0,24,0,8,8,3,100,0,0
1773752143.700072,201.406,0.020,0,24,0,8,8,3,100,0,0
1773752145.700696,201.508,0.016,0,24,0,8,8,3,100,0,0
1773752147.700258,201.605,0.017,0,24,0,8,8,3,100,0,0
1773752149.699984,201.719,0.018,0,24,0,8,8,3,100,0,0
1773752151.700274,201.816,0.020,0,24,0,8,8,3,100,0,0
1773752153.700087,201.926,0.020,0,24,0,8,8,3,100,0,0
1773752155.699920,202.027,0.017,0,24,0,8,8,3,100,0,0
1773752157.700276,202.129,0.014,0,24,0,8,8,3,100,0,0
1773752159.701597,202.230,0.016,0,24,0,8,8,3,100,0,0
1773752161.700225,202.336,0.016,0,24,0,8,8,3,100,0,0
1773752163.700847,202.445,0.017,0,24,0,8,8,3,100,0,0
1773752165.700296,202.543,0.017,0,24,0,8,8,3,100,0,0
1773752167.699352,202.641,0.017,0,24,0,8,8,3,100,0,0
1773752169.699991,202.750,0.015,0,24,0,8,8,3,100,0,0
1773752171.700170,202.848,0.017,0,24,0,8,8,3,100,0,0
1773752173.702588,202.957,0.016,0,24,0,8,8,3,100,0,0
1773752175.700722,203.055,0.018,0,24,0,8,8,3,100,0,0
1773752177.700729,203.156,0.017,0,24,0,8,8,3,100,0,0
1773752179.700457,203.262,0.019,0,24,0,8,8,3,100,0,0
1773752181.700239,203.363,0.018,0,24,0,8,8,3,100,0,0
1773752183.700591,203.465,0.019,0,24,0,8,8,3,100,0,0
1773752185.698287,203.566,0.018,0,24,0,8,8,3,100,0,0
1773752187.700398,203.664,0.016,0,24,0,8,8,3,100,0,0
1773752189.699206,203.770,0.019,0,24,0,8,8,3,100,0,0
1773752191.700269,203.871,0.018,0,24,0,8,8,3,100,0,0
1773752193.700440,203.980,0.021,0,24,0,8,8,3,100,0,0
1773752195.700197,204.074,0.019,0,24,0,8,8,3,100,0,0
1773752197.700242,204.184,0.018,0,24,0,8,8,3,100,0,0
1773752199.700745,204.277,0.016,0,24,0,8,8,3,100,0,0
1773752201.701019,204.375,0.016,0,24,0,8,8,3,100,0,0
1773752203.700202,204.477,0.016,0,24,0,8,8,3,100,0,0
1773752205.700820,204.578,0.016,0,24,0,8,8,3,100,0,0
1773752207.699922,204.695,0.016,0,24,0,8,8,3,100,0,0
1773752209.700536,204.789,0.016,0,24,0,8,8,3,100,0,0
1773752211.700642,204.891,0.017,0,24,0,8,8,3,100,0,0
1773752213.699839,204.996,0.016,0,24,0,8,8,3,100,0,0
1773752215.700912,205.094,0.015,0,24,0,8,8,3,100,0,0
1773752217.700690,205.195,0.016,0,24,0,8,8,3,100,0,0
1773752219.700601,205.293,0.018,0,24,0,8,8,3,100,0,0
1773752221.700464,205.398,0.015,0,24,0,8,8,3,100,0,0
1773752223.700710,205.496,0.018,0,24,0,8,8,3,100,0,0
1773752225.700971,205.598,0.016,0,24,0,8,8,3,100,0,0
1773752227.699212,205.703,0.017,0,24,0,8,8,3,100,0,0
1773752229.702136,205.805,0.016,0,24,0,8,8,3,100,0,0
1773752231.697583,205.906,0.022,0,24,0,8,8,3,100,0,0
1773752233.700699,206.004,0.016,0,24,0,8,8,3,100,0,0
1773752235.697372,206.113,0.019,0,24,0,8,8,3,100,0,0
1773752237.700444,206.207,0.017,0,24,0,8,8,3,100,0,0
1773752239.700617,206.312,0.017,0,24,0,8,8,3,100,0,0
1773752241.699744,206.414,0.019,0,24,0,8,8,3,100,0,0
1773752243.700119,206.520,0.018,0,24,0,8,8,3,100,0,0
1773752245.699694,206.621,0.016,0,24,0,8,8,3,100,0,0
1773752247.700701,206.727,0.019,0,24,0,8,8,3,100,0,0
1773752249.700816,206.828,0.018,0,24,0,8,8,3,100,0,0
1773752251.700429,206.922,0.021,0,24,0,8,8,3,100,0,0
1773752253.700250,207.027,0.017,0,24,0,8,8,3,100,0,0
1773752255.698853,207.129,0.017,0,24,0,8,8,3,100,0,0
1773752257.700416,207.234,0.017,0,24,0,8,8,3,100,0,0
1773752259.699923,207.336,0.022,0,24,0,8,8,3,100,0,0
1773752261.700777,207.438,0.017,0,24,0,8,8,3,100,0,0
1773752263.700550,207.543,0.018,0,24,0,8,8,3,100,0,0
1773752265.699832,207.645,0.015,0,24,0,8,8,3,100,0,0
1773752267.698654,207.742,0.017,0,24,0,8,8,3,100,0,0
1773752269.700173,207.840,0.018,0,24,0,8,8,3,100,0,0
1773752271.700521,207.945,0.015,0,24,0,8,8,3,100,0,0
1773752273.700364,208.047,0.016,0,24,0,8,8,3,100,0,0
1773752275.700503,208.152,0.016,0,24,0,8,8,3,100,0,0
1773752277.700706,208.250,0.018,0,24,0,8,8,3,100,0,0
1773752279.700165,208.352,0.020,0,24,0,8,8,3,100,0,0
1773752281.698358,208.457,0.019,0,24,0,8,8,3,100,0,0
1773752283.700304,208.559,0.020,0,24,0,8,8,3,100,0,0
1773752285.700617,208.660,0.019,0,24,0,8,8,3,100,0,0
1773752287.700383,208.762,0.022,0,24,0,8,8,3,100,0,0
1773752289.699230,208.863,0.015,0,24,0,8,8,3,100,0,0
1773752291.700617,208.980,0.017,0,24,0,8,8,3,100,0,0
1773752293.700719,209.082,0.016,0,24,0,8,8,3,100,0,0
1773752295.699758,209.180,0.018,0,24,0,8,8,3,100,0,0
1773752297.700670,209.289,0.021,0,24,0,8,8,3,100,0,0
1773752299.700637,209.383,0.017,0,24,0,8,8,3,100,0,0
1773752301.700607,209.484,0.018,0,24,0,8,8,3,100,0,0
1773752303.698594,209.590,0.017,0,24,0,8,8,3,100,0,0
1773752305.699781,209.691,0.016,0,24,0,8,8,3,100,0,0
1773752307.702377,209.801,0.030,0,24,0,8,8,3,100,0,0
1773752309.700109,209.898,0.015,0,24,0,8,8,3,100,0,0
1773752311.700557,210.000,0.017,0,24,0,8,8,3,100,0,0
1773752313.700866,210.102,0.019,0,24,0,8,8,3,100,0,0
1773752315.700345,210.211,0.020,0,24,0,8,8,3,100,0,0
1773752317.700161,210.305,0.018,0,24,0,8,8,3,100,0,0
1773752319.700256,210.410,0.016,0,24,0,8,8,3,100,0,0
1773752321.700190,210.516,0.019,0,24,0,8,8,3,100,0,0
1773752323.700639,210.613,0.018,0,24,0,8,8,3,100,0,0
1773752325.700908,210.719,0.016,0,24,0,8,8,3,100,0,0
1773752327.700929,210.816,0.018,0,24,0,8,8,3,100,0,0
1773752329.698345,210.922,0.016,0,24,0,8,8,3,100,0,0
1773752331.699987,211.023,0.017,0,24,0,8,8,3,100,0,0
1773752333.700119,211.117,0.021,0,24,0,8,8,3,100,0,0
1773752335.700319,211.230,0.017,0,24,0,8,8,3,100,0,0
1773752337.700612,211.402,0.017,0,24,0,8,8,3,100,0,0
1773752339.700583,199.426,0.020,0,24,0,8,8,3,100,0,0
1773752341.701330,196.355,0.018,0,24,0,8,8,3,100,0,0
1773752343.699929,196.438,0.018,0,24,0,8,8,3,100,0,0
1773752345.700734,196.543,0.019,0,24,0,8,8,3,100,0,0
1773752347.700922,196.641,0.018,0,24,0,8,8,3,100,0,0
1773752349.698426,196.746,0.018,0,24,0,8,8,3,100,0,0
1773752351.699973,196.852,0.021,0,24,0,8,8,3,100,0,0
1773752353.697289,196.945,0.018,0,24,0,8,8,3,100,0,0
1773752355.702458,197.047,0.016,0,24,0,8,8,3,100,0,0
1773752357.700600,197.148,0.025,0,24,0,8,8,3,100,0,0
1773752359.698849,197.254,0.018,0,24,0,8,8,3,100,0,0
1773752361.699872,197.359,0.018,0,24,0,8,8,3,100,0,0
1773752363.700656,197.465,0.016,0,24,0,8,8,3,100,0,0
1773752365.700453,197.562,0.017,0,24,0,8,8,3,100,0,0
1773752367.700078,197.656,0.017,0,24,0,8,8,3,100,0,0
1773752369.701289,197.762,0.015,0,24,0,8,8,3,100,0,0
1773752371.700254,197.863,0.020,0,24,0,8,8,3,100,0,0
1773752373.700195,197.969,0.016,0,24,0,8,8,3,100,0,0
1773752375.699955,198.070,0.016,0,24,0,8,8,3,100,0,0
1773752377.698529,198.172,0.019,0,24,0,8,8,3,100,0,0
1773752379.700133,198.273,0.019,0,24,0,8,8,3,100,0,0
1773752381.700477,198.379,0.016,0,24,0,8,8,3,100,0,0
1773752383.700579,198.473,0.020,0,24,0,8,8,3,100,0,0
1773752385.700478,198.566,0.019,0,24,0,8,8,3,100,0,0
1773752387.700788,198.672,0.020,0,24,0,8,8,3,100,0,0
1773752389.700325,198.766,0.016,0,24,0,8,8,3,100,0,0
1773752391.700791,198.879,0.016,0,24,0,8,8,3,100,0,0
1773752393.700970,198.980,0.018,0,24,0,8,8,3,100,0,0
1773752395.700282,199.078,0.019,0,24,0,8,8,3,100,0,0
1773752397.700861,199.184,0.018,0,24,0,8,8,3,100,0,0
1773752399.699419,199.285,0.018,0,24,0,8,8,3,100,0,0
1773752401.700518,199.379,0.015,0,24,0,8,8,3,100,0,0
1773752403.699748,199.488,0.017,0,24,0,8,8,3,100,0,0
1773752405.699985,199.586,0.019,0,24,0,8,8,3,100,0,0
1773752407.700169,199.688,0.017,0,24,0,8,8,3,100,0,0
1773752409.700126,199.797,0.017,0,24,0,8,8,3,100,0,0
1773752411.701067,199.891,0.018,0,24,0,8,8,3,100,0,0
1773752413.700122,199.996,0.017,0,24,0,8,8,3,100,0,0
1773752415.699340,200.098,0.021,0,24,0,8,8,3,100,0,0
1773752417.700610,200.195,0.017,0,24,0,8,8,3,100,0,0
1773752419.700713,200.297,0.016,0,24,0,8,8,3,100,0,0
1773752421.697881,200.398,0.017,0,24,0,8,8,3,100,0,0
1773752423.700351,200.504,0.020,0,24,0,8,8,3,100,0,0
1773752425.700029,200.605,0.016,0,24,0,8,8,3,100,0,0
1773752427.698686,200.707,0.017,0,24,0,8,8,3,100,0,0
1773752429.700656,200.809,0.017,0,24,0,8,8,3,100,0,0
1773752431.699924,200.918,0.018,0,24,0,8,8,3,100,0,0
1773752433.699301,201.020,0.016,0,24,0,8,8,3,100,0,0
1773752435.700180,201.117,0.018,0,24,0,8,8,3,100,0,0
1773752437.699835,201.219,0.024,0,24,0,8,8,3,100,0,0
1773752439.701187,201.316,0.020,0,24,0,8,8,3,100,0,0
1773752441.700864,201.426,0.018,0,24,0,8,8,3,100,0,0
1773752443.700527,201.520,0.017,0,24,0,8,8,3,100,0,0
1773752445.700664,201.629,0.017,0,24,0,8,8,3,100,0,0
1773752447.700361,201.730,0.018,0,24,0,8,8,3,100,0,0
1773752449.700601,201.836,0.019,0,24,0,8,8,3,100,0,0
1773752451.700089,201.938,0.020,0,24,0,8,8,3,100,0,0
1773752453.700711,202.031,0.023,0,24,0,8,8,3,100,0,0
1773752455.700527,202.141,0.019,0,24,0,8,8,3,100,0,0
1773752457.700275,202.238,0.019,0,24,0,8,8,3,100,0,0
1773752459.700320,202.340,0.017,0,24,0,8,8,3,100,0,0
1773752461.697988,202.453,0.017,0,24,0,8,8,3,100,0,0
1773752463.700309,202.559,0.022,0,24,0,8,8,3,100,0,0
1773752465.700490,202.660,0.018,0,24,0,8,8,3,100,0,0
1773752467.701041,202.762,0.017,0,24,0,8,8,3,100,0,0
1773752469.699901,202.859,0.017,0,24,0,8,8,3,100,0,0
1773752471.701132,202.965,0.017,0,24,0,8,8,3,100,0,0
1773752473.701087,203.070,0.018,0,24,0,8,8,3,100,0,0
1773752475.700840,203.164,0.018,0,24,0,8,8,3,100,0,0
1773752477.700210,203.273,0.017,0,24,0,8,8,3,100,0,0
1773752479.700862,203.375,0.017,0,24,0,8,8,3,100,0,0
1773752481.700022,203.477,0.017,0,24,0,8,8,3,100,0,0
1773752483.700246,203.582,0.019,0,24,0,8,8,3,100,0,0
1773752485.699920,203.684,0.016,0,24,0,8,8,3,100,0,0
1773752487.700450,203.781,0.016,0,24,0,8,8,3,100,0,0
1773752489.700732,203.887,0.016,0,24,0,8,8,3,100,0,0
1773752491.699045,203.984,0.022,0,24,0,8,8,3,100,0,0
1773752493.700692,204.094,0.019,0,24,0,8,8,3,100,0,0
1773752495.702728,204.199,0.018,0,24,0,8,8,3,100,0,0
1773752497.699801,204.293,0.021,0,24,0,8,8,3,100,0,0
1773752499.700032,204.402,0.017,0,24,0,8,8,3,100,0,0
1773752501.700456,204.496,0.017,0,24,0,8,8,3,100,0,0
1773752503.699758,204.602,0.031,0,24,0,8,8,3,100,0,0
1773752505.700978,204.707,0.019,0,24,0,8,8,3,100,0,0
1773752507.700451,204.805,0.016,0,24,0,8,8,3,100,0,0
1773752509.702044,204.906,0.016,0,24,0,8,8,3,100,0,0
1773752511.700146,205.008,0.022,0,24,0,8,8,3,100,0,0
1773752513.700037,205.109,0.020,0,24,0,8,8,3,100,0,0
1773752515.699979,205.211,0.017,0,24,0,8,8,3,100,0,0
1773752517.699621,205.320,0.022,0,24,0,8,8,3,100,0,0
1773752519.699154,205.410,0.017,0,24,0,8,8,3,100,0,0
1773752521.700323,205.520,0.019,0,24,0,8,8,3,100,0,0
1773752523.700967,205.621,0.018,0,24,0,8,8,3,100,0,0
1773752525.701059,205.723,0.022,0,24,0,8,8,3,100,0,0
1773752527.700422,205.828,0.018,0,24,0,8,8,3,100,0,0
1773752529.700854,205.922,0.019,0,24,0,8,8,3,100,0,0
1773752531.700248,206.031,0.020,0,24,0,8,8,3,100,0,0
1773752533.699727,206.129,0.015,0,24,0,8,8,3,100,0,0
1773752535.697582,206.230,0.035,0,24,0,8,8,3,100,0,0
1773752537.700304,206.336,0.019,0,24,0,8,8,3,100,0,0
1773752539.699229,206.441,0.019,0,24,0,8,8,3,100,0,0
1773752541.698143,206.539,0.020,0,24,0,8,8,3,100,0,0
1773752543.698788,206.645,0.020,0,24,0,8,8,3,100,0,0
1773752545.699783,206.746,0.020,0,24,0,8,8,3,100,0,0
1773752547.700734,206.844,0.023,0,24,0,8,8,3,100,0,0
1773752549.700517,206.949,0.021,0,24,0,8,8,3,100,0,0
1773752551.699979,207.047,0.027,0,24,0,8,8,3,100,0,0
1773752553.699335,207.148,0.027,0,24,0,8,8,3,100,0,0
1773752555.699838,207.250,0.017,0,24,0,8,8,3,100,0,0
1773752557.699496,207.359,0.018,0,24,0,8,8,3,100,0,0
1773752559.699098,207.457,0.017,0,24,0,8,8,3,100,0,0
1773752561.700707,207.562,0.027,0,24,0,8,8,3,100,0,0
1773752563.700509,207.668,0.016,0,24,0,8,8,3,100,0,0
1773752565.710078,207.762,0.018,0,24,0,8,8,3,100,0,0
1773752567.698829,207.867,0.019,0,24,0,8,8,3,100,0,0
1773752569.700790,207.965,0.019,0,24,0,8,8,3,100,0,0
1773752571.700248,208.070,0.019,0,24,0,8,8,3,100,0,0
1773752573.699714,208.168,0.019,0,24,0,8,8,3,100,0,0
1773752575.701518,208.277,0.022,0,24,0,8,8,3,100,0,0
1773752577.700399,208.371,0.017,0,24,0,8,8,3,100,0,0
1773752579.700447,208.477,0.020,0,24,0,8,8,3,100,0,0
1773752581.698926,208.582,0.017,0,24,0,8,8,3,100,0,0
1773752583.699713,208.680,0.017,0,24,0,8,8,3,100,0,0
1773752585.700128,208.785,0.018,0,24,0,8,8,3,100,0,0
1773752587.700104,208.883,0.023,0,24,0,8,8,3,100,0,0
1773752589.703818,208.988,0.018,0,24,0,8,8,3,100,0,0
1773752591.700166,209.086,0.029,0,24,0,8,8,3,100,0,0
1773752593.700264,209.195,0.023,0,24,0,8,8,3,100,0,0
1773752595.700372,209.293,0.018,0,24,0,8,8,3,100,0,0
1773752597.700519,209.395,0.017,0,24,0,8,8,3,100,0,0
1773752599.699946,209.496,0.018,0,24,0,8,8,3,100,0,0
1773752601.698889,209.590,0.020,0,24,0,8,8,3,100,0,0
1773752603.701778,209.691,0.020,0,24,0,8,8,3,100,0,0
1773752605.699725,209.793,0.021,0,24,0,8,8,3,100,0,0
1773752607.700011,209.898,0.015,0,24,0,8,8,3,100,0,0
1773752609.700281,210.004,0.019,0,24,0,8,8,3,100,0,0
1773752611.700403,210.105,0.018,0,24,0,8,8,3,100,0,0
1773752613.699269,210.211,0.017,0,24,0,8,8,3,100,0,0
1773752615.700294,210.309,0.015,0,24,0,8,8,3,100,0,0
1773752617.701015,210.406,0.020,0,24,0,8,8,3,100,0,0
1773752619.700595,210.504,0.018,0,24,0,8,8,3,100,0,0
1773752621.700227,210.605,0.018,0,24,0,8,8,3,100,0,0
1773752623.700037,210.715,0.016,0,24,0,8,8,3,100,0,0
1773752625.699999,210.812,0.015,0,24,0,8,8,3,100,0,0
1773752627.698869,210.914,0.017,0,24,0,8,8,3,100,0,0
1773752629.700525,211.016,0.017,0,24,0,8,8,3,100,0,0
1773752631.699633,211.117,0.017,0,24,0,8,8,3,100,0,0
1773752633.700657,211.227,0.017,0,24,0,8,8,3,100,0,0
1773752635.700633,211.387,0.020,0,24,0,8,8,3,100,0,0
1773752637.700459,199.367,0.017,0,24,0,8,8,3,100,0,0
1773752639.700240,196.344,0.021,0,24,0,8,8,3,100,0,0
1773752641.700084,196.441,0.018,0,24,0,8,8,3,100,0,0
1773752643.700571,196.539,0.035,0,24,0,8,8,3,100,0,0
1773752645.700761,196.641,0.018,0,24,0,8,8,3,100,0,0
1773752647.699990,196.746,0.018,0,24,0,8,8,3,100,0,0
1773752649.699989,196.848,0.019,0,24,0,8,8,3,100,0,0
1773752651.697695,196.953,0.019,0,24,0,8,8,3,100,0,0
1773752653.700073,197.051,0.017,0,24,0,8,8,3,100,0,0
1773752655.700192,197.160,0.019,0,24,0,8,8,3,100,0,0
1773752657.699690,197.266,0.017,0,24,0,8,8,3,100,0,0
1773752659.699438,197.367,0.020,0,24,0,8,8,3,100,0,0
1773752661.698055,197.465,0.018,0,24,0,8,8,3,100,0,0
1773752663.700605,197.570,0.017,0,24,0,8,8,3,100,0,0
1773752665.699994,197.676,0.020,0,24,0,8,8,3,100,0,0
1773752667.701119,197.777,0.017,0,24,0,8,8,3,100,0,0
1773752669.700937,197.867,0.017,0,24,0,8,8,3,100,0,0
1773752671.701232,197.977,0.017,0,24,0,8,8,3,100,0,0
1773752673.701179,198.078,0.020,0,24,0,8,8,3,100,0,0
1773752675.699597,198.180,0.019,0,24,0,8,8,3,100,0,0
1773752677.701042,198.281,0.021,0,24,0,8,8,3,100,0,0
1773752679.701069,198.379,0.019,0,24,0,8,8,3,100,0,0
1773752681.697773,198.488,0.019,0,24,0,8,8,3,100,0,0
1773752683.698702,198.590,0.019,0,24,0,8,8,3,100,0,0
1773752685.700320,198.680,0.018,0,24,0,8,8,3,100,0,0
1773752687.701455,198.781,0.015,0,24,0,8,8,3,100,0,0
1773752689.700217,198.887,0.020,0,24,0,8,8,3,100,0,0
1773752691.698895,198.980,0.020,0,24,0,8,8,3,100,0,0
1773752693.698298,199.090,0.017,0,24,0,8,8,3,100,0,0
1773752695.700936,199.188,0.018,0,24,0,8,8,3,100,0,0
1773752697.700482,199.293,0.018,0,24,0,8,8,3,100,0,0
1773752699.700222,199.391,0.020,0,24,0,8,8,3,100,0,0
1773752701.702219,199.500,0.019,0,24,0,8,8,3,100,0,0
1773752703.700731,199.590,0.017,0,24,0,8,8,3,100,0,0
1773752705.700808,199.695,0.016,0,24,0,8,8,3,100,0,0
1773752707.698908,199.797,0.018,0,24,0,8,8,3,100,0,0
1773752709.701287,199.902,0.020,0,24,0,8,8,3,100,0,0
1773752711.700379,200.004,0.018,0,24,0,8,8,3,100,0,0
1773752713.700634,200.113,0.020,0,24,0,8,8,3,100,0,0
1773752715.700787,200.211,0.017,0,24,0,8,8,3,100,0,0
1773752717.700354,200.312,0.153,0,24,0,8,8,3,100,0,0
1773752719.700293,200.414,0.023,0,24,0,8,8,3,100,0,0
1773752721.700493,200.516,0.019,0,24,0,8,8,3,100,0,0
1773752723.700374,200.613,0.018,0,24,0,8,8,3,100,0,0
1773752725.699440,200.719,0.022,0,24,0,8,8,3,100,0,0
1773752727.700550,200.824,0.045,0,24,0,8,8,3,100,0,0
1773752729.701852,200.926,0.021,0,24,0,8,8,3,100,0,0
1773752731.699092,201.027,0.021,0,24,0,8,8,3,100,0,0
1773752733.698324,201.129,0.020,0,24,0,8,8,3,100,0,0
1773752735.698494,201.234,0.019,0,24,0,8,8,3,100,0,0
1773752737.699526,201.332,0.020,0,24,0,8,8,3,100,0,0
1773752739.698685,201.430,0.020,0,24,0,8,8,3,100,0,0
1773752741.698536,201.531,0.018,0,24,0,8,8,3,100,0,0
1773752743.700615,201.633,0.017,0,24,0,8,8,3,100,0,0
1773752745.700612,201.746,0.022,0,24,0,8,8,3,100,0,0
1773752747.698551,201.852,0.037,0,24,0,8,8,3,100,0,0
1773752749.700756,201.949,0.018,0,24,0,8,8,3,100,0,0
1773752751.700415,202.055,0.019,0,24,0,8,8,3,100,0,0
1773752753.700768,202.152,0.020,0,24,0,8,8,3,100,0,0
1773752755.700748,202.258,0.018,0,24,0,8,8,3,100,0,0
1773752757.701398,202.352,0.017,0,24,0,8,8,3,100,0,0
1773752759.700374,202.457,0.018,0,24,0,8,8,3,100,0,0
1773752761.700656,202.559,0.018,0,24,0,8,8,3,100,0,0
1773752763.700529,202.660,0.017,0,24,0,8,8,3,100,0,0
1773752765.700649,202.766,0.020,0,24,0,8,8,3,100,0,0
1773752767.700460,202.863,0.016,0,24,0,8,8,3,100,0,0
1773752769.700689,202.961,0.015,0,24,0,8,8,3,100,0,0
1773752771.703733,203.066,0.017,0,24,0,8,8,3,100,0,0
1773752773.700401,203.168,0.021,0,24,0,8,8,3,100,0,0
1773752775.700063,203.270,0.018,0,24,0,8,8,3,100,0,0
1773752777.700666,203.375,0.017,0,24,0,8,8,3,100,0,0
1773752779.698085,203.473,0.017,0,24,0,8,8,3,100,0,0
1773752781.700274,203.582,0.018,0,24,0,8,8,3,100,0,0
1773752783.700650,203.680,0.018,0,24,0,8,8,3,100,0,0
1773752785.700513,203.781,0.019,0,24,0,8,8,3,100,0,0
1773752787.701042,203.879,0.020,0,24,0,8,8,3,100,0,0
1773752789.700729,203.984,0.022,0,24,0,8,8,3,100,0,0
1773752791.700289,204.082,0.024,0,24,0,8,8,3,100,0,0
1773752793.699247,204.188,0.022,0,24,0,8,8,3,100,0,0
1773752795.698734,204.289,0.019,0,24,0,8,8,3,100,0,0
1773752797.701039,204.391,0.019,0,24,0,8,8,3,100,0,0
1773752799.700503,204.492,0.018,0,24,0,8,8,3,100,0,0
1773752801.700792,204.602,0.020,0,24,0,8,8,3,100,0,0
1773752803.700625,204.695,0.017,0,24,0,8,8,3,100,0,0
1773752805.701138,204.801,0.017,0,24,0,8,8,3,100,0,0
1773752807.698678,204.898,0.020,0,24,0,8,8,3,100,0,0
1773752809.700743,205.004,0.020,0,24,0,8,8,3,100,0,0
1773752811.700816,205.105,0.023,0,24,0,8,8,3,100,0,0
1773752813.700982,205.211,0.017,0,24,0,8,8,3,100,0,0
1773752815.700257,205.312,0.017,0,24,0,8,8,3,100,0,0
1773752817.698407,205.418,0.017,0,24,0,8,8,3,100,0,0
1773752819.698909,205.516,0.016,0,24,0,8,8,3,100,0,0
1773752821.700064,205.609,0.017,0,24,0,8,8,3,100,0,0
1773752823.700977,205.715,0.018,0,24,0,8,8,3,100,0,0
1773752825.700906,205.816,0.016,0,24,0,8,8,3,100,0,0
1773752827.700813,205.922,0.020,0,24,0,8,8,3,100,0,0
1773752829.700989,206.020,0.017,0,24,0,8,8,3,100,0,0
1773752831.699354,206.125,0.023,0,24,0,8,8,3,100,0,0
1773752833.700572,206.227,0.018,0,24,0,8,8,3,100,0,0
1773752835.700199,206.332,0.017,0,24,0,8,8,3,100,0,0
1773752837.700935,206.434,0.015,0,24,0,8,8,3,100,0,0
1773752839.700889,206.535,0.016,0,24,0,8,8,3,100,0,0
1773752841.701865,206.637,0.017,0,24,0,8,8,3,100,0,0
1773752843.700748,206.742,0.019,0,24,0,8,8,3,100,0,0
1773752845.700401,206.836,0.020,0,24,0,8,8,3,100,0,0
1773752847.700097,206.941,0.022,0,24,0,8,8,3,100,0,0
1773752849.698014,207.047,0.018,0,24,0,8,8,3,100,0,0
1773752851.700667,207.145,0.017,0,24,0,8,8,3,100,0,0
1773752853.700668,207.242,0.019,0,24,0,8,8,3,100,0,0
1773752855.702399,207.348,0.017,0,24,0,8,8,3,100,0,0
1773752857.700613,207.453,0.018,0,24,0,8,8,3,100,0,0
1773752859.700439,207.547,0.017,0,24,0,8,8,3,100,0,0
1773752861.700351,207.656,0.016,0,24,0,8,8,3,100,0,0
1773752863.700650,207.754,0.018,0,24,0,8,8,3,100,0,0
1773752865.700260,207.855,0.017,0,24,0,8,8,3,100,0,0
1773752867.699033,207.965,0.017,0,24,0,8,8,3,100,0,0
1773752869.701252,208.062,0.018,0,24,0,8,8,3,100,0,0
1773752871.701402,208.156,0.018,0,24,0,8,8,3,100,0,0
1773752873.700423,208.262,0.018,0,24,0,8,8,3,100,0,0
1773752875.700729,208.363,0.015,0,24,0,8,8,3,100,0,0
1773752877.700205,208.469,0.017,0,24,0,8,8,3,100,0,0
1773752879.698723,208.566,0.015,0,24,0,8,8,3,100,0,0
1773752881.700102,208.672,0.016,0,24,0,8,8,3,100,0,0
1773752883.700395,208.773,0.018,0,24,0,8,8,3,100,0,0
1773752885.701032,208.875,0.017,0,24,0,8,8,3,100,0,0
1773752887.700067,208.977,0.018,0,24,0,8,8,3,100,0,0
1773752889.699554,209.078,0.017,0,24,0,8,8,3,100,0,0
1773752891.700190,209.184,0.016,0,24,0,8,8,3,100,0,0
1773752893.699944,209.285,0.018,0,24,0,8,8,3,100,0,0
1773752895.700494,209.387,0.018,0,24,0,8,8,3,100,0,0
1773752897.701371,209.488,0.018,0,24,0,8,8,3,100,0,0
1773752899.700849,209.586,0.017,0,24,0,8,8,3,100,0,0
1773752901.698116,209.699,0.016,0,24,0,8,8,3,100,0,0
1773752903.699465,209.801,0.017,0,24,0,8,8,3,100,0,0
1773752905.700820,209.891,0.015,0,24,0,8,8,3,100,0,0
1773752907.700039,209.996,0.018,0,24,0,8,8,3,100,0,0
1773752909.700390,210.102,0.015,0,24,0,8,8,3,100,0,0
1773752911.701755,210.199,0.014,0,24,0,8,8,3,100,0,0
1773752913.700731,210.301,0.027,0,24,0,8,8,3,100,0,0
1773752915.700601,210.402,0.016,0,24,0,8,8,3,100,0,0
1773752917.700688,210.520,0.018,0,24,0,8,8,3,100,0,0
1773752919.701364,210.617,0.017,0,24,0,8,8,3,100,0,0
1773752921.698946,210.715,0.017,0,24,0,8,8,3,100,0,0
1773752923.701032,210.816,0.024,0,24,0,8,8,3,100,0,0
1773752925.703201,210.914,0.020,0,24,0,8,8,3,100,0,0
1773752927.700559,211.020,0.017,0,24,0,8,8,3,100,0,0
1773752929.701043,211.121,0.017,0,24,0,8,8,3,100,0,0
1773752931.700587,211.223,0.019,0,24,0,8,8,3,100,0,0
1773752933.700187,211.395,0.019,0,24,0,8,8,3,100,0,0
1773752935.700951,199.281,0.015,0,24,0,8,8,3,100,0,0
1773752937.700984,196.277,0.018,0,24,0,8,8,3,100,0,0
1773752939.702070,196.375,0.016,0,24,0,8,8,3,100,0,0
1773752941.709655,196.480,0.024,0,24,0,8,8,3,100,0,0
1773752943.700829,196.586,0.018,0,24,0,8,8,3,100,0,0
1773752945.700608,196.688,0.017,0,24,0,8,8,3,100,0,0
1773752947.700889,196.793,0.018,0,24,0,8,8,3,100,0,0
1773752949.700737,196.895,0.017,0,24,0,8,8,3,100,0,0
1773752951.700616,197.000,0.022,0,24,0,8,8,3,100,0,0
1773752953.700028,197.102,0.026,0,24,0,8,8,3,100,0,0
1773752955.699985,197.199,0.018,0,24,0,8,8,3,100,0,0
1773752957.700253,197.301,0.018,0,24,0,8,8,3,100,0,0
1773752959.700644,197.402,0.019,0,24,0,8,8,3,100,0,0
1773752961.701217,197.500,0.022,0,24,0,8,8,3,100,0,0
1773752963.698930,197.605,0.018,0,24,0,8,8,3,100,0,0
1773752965.701141,197.707,0.019,0,24,0,8,8,3,100,0,0
1773752967.701181,197.809,0.015,0,24,0,8,8,3,100,0,0
1773752969.698101,197.918,0.023,0,24,0,8,8,3,100,0,0
1773752971.699075,198.008,0.019,0,24,0,8,8,3,100,0,0
1773752973.700961,198.109,0.017,0,24,0,8,8,3,100,0,0
1773752975.700066,198.219,0.017,0,24,0,8,8,3,100,0,0
1773752977.700137,198.312,0.016,0,24,0,8,8,3,100,0,0
1773752979.700724,198.422,0.016,0,24,0,8,8,3,100,0,0
1773752981.699235,198.527,0.015,0,24,0,8,8,3,100,0,0
1773752983.701008,198.625,0.016,0,24,0,8,8,3,100,0,0
1773752985.700863,198.715,0.025,0,24,0,8,8,3,100,0,0
1773752987.700368,198.816,0.018,0,24,0,8,8,3,100,0,0
1773752989.697563,198.910,0.016,0,24,0,8,8,3,100,0,0
1773752991.700723,199.012,0.016,0,24,0,8,8,3,100,0,0
1773752993.700834,199.113,0.015,0,24,0,8,8,3,100,0,0
1773752995.701284,199.219,0.022,0,24,0,8,8,3,100,0,0
1773752997.700154,199.328,0.024,0,24,0,8,8,3,100,0,0
1773752999.700553,199.430,0.017,0,24,0,8,8,3,100,0,0
1773753001.698421,199.531,0.018,0,24,0,8,8,3,100,0,0
1773753003.700705,199.633,0.019,0,24,0,8,8,3,100,0,0
1773753005.700365,199.727,0.022,0,24,0,8,8,3,100,0,0
1773753007.700782,199.836,0.020,0,24,0,8,8,3,100,0,0
1773753009.698064,199.930,0.015,0,24,0,8,8,3,100,0,0
1773753011.700210,200.039,0.021,0,24,0,8,8,3,100,0,0
1773753013.700939,200.145,0.021,0,24,0,8,8,3,100,0,0
1773753015.698348,200.238,0.018,0,24,0,8,8,3,100,0,0
1773753017.700589,200.344,0.019,0,24,0,8,8,3,100,0,0
1773753019.700694,200.453,0.018,0,24,0,8,8,3,100,0,0
1773753021.700817,200.551,0.015,0,24,0,8,8,3,100,0,0
1773753023.700771,200.652,0.020,0,24,0,8,8,3,100,0,0
1773753025.700898,200.758,0.057,0,24,0,8,8,3,100,0,0
1773753027.700861,200.863,0.017,0,24,0,8,8,3,100,0,0
1773753029.700310,200.957,0.052,0,24,0,8,8,3,100,0,0
1773753031.699369,201.062,0.018,0,24,0,8,8,3,100,0,0
1773753033.699870,201.164,0.109,0,24,0,8,8,3,100,0,0
1773753035.698928,201.266,0.025,0,24,0,8,8,3,100,0,0
1773753037.702135,201.375,0.016,0,24,0,8,8,3,100,0,0
1773753039.698009,201.469,0.017,0,24,0,8,8,3,100,0,0
1773753041.700564,201.574,0.018,0,24,0,8,8,3,100,0,0
1773753043.700713,201.684,0.017,0,24,0,8,8,3,100,0,0
1773753045.700540,201.781,0.018,0,24,0,8,8,3,100,0,0
1773753047.700313,201.887,0.017,0,24,0,8,8,3,100,0,0
1773753049.699239,201.984,0.019,0,24,0,8,8,3,100,0,0
1773753051.701456,202.094,0.019,0,24,0,8,8,3,100,0,0
1773753053.700644,202.203,0.017,0,24,0,8,8,3,100,0,0
1773753055.701112,202.301,0.046,0,24,0,8,8,3,100,0,0
1773753057.700928,202.406,0.018,0,24,0,8,8,3,100,0,0
1773753059.700673,202.504,0.020,0,24,0,8,8,3,100,0,0
1773753061.701436,202.613,0.022,0,24,0,8,8,3,100,0,0
1773753063.700320,202.711,0.019,0,24,0,8,8,3,100,0,0
1773753065.701527,202.816,0.015,0,24,0,8,8,3,100,0,0
1773753067.700325,202.914,0.017,0,24,0,8,8,3,100,0,0
1773753069.700386,203.016,0.018,0,24,0,8,8,3,100,0,0
1773753071.701180,203.125,0.019,0,24,0,8,8,3,100,0,0
1773753073.700578,203.223,0.016,0,24,0,8,8,3,100,0,0
1773753075.699090,203.320,0.018,0,24,0,8,8,3,100,0,0
1773753077.698503,203.430,0.018,0,24,0,8,8,3,100,0,0
1773753079.702493,203.527,0.016,0,24,0,8,8,3,100,0,0
1773753081.697752,203.633,0.019,0,24,0,8,8,3,100,0,0
1773753083.700169,203.738,0.018,0,24,0,8,8,3,100,0,0
1773753085.700905,203.832,0.019,0,24,0,8,8,3,100,0,0
1773753087.697855,203.945,0.016,0,24,0,8,8,3,100,0,0
1773753089.701504,204.035,0.015,0,24,0,8,8,3,100,0,0
1773753091.701251,204.141,0.017,0,24,0,8,8,3,100,0,0
1773753093.698927,204.238,0.020,0,24,0,8,8,3,100,0,0
1773753095.700433,204.340,0.018,0,24,0,8,8,3,100,0,0
1773753097.701023,204.453,0.019,0,24,0,8,8,3,100,0,0
1773753099.700476,204.547,0.021,0,24,0,8,8,3,100,0,0
1773753101.700475,204.648,0.017,0,24,0,8,8,3,100,0,0
1773753103.701202,204.754,0.017,0,24,0,8,8,3,100,0,0
1773753105.700844,204.852,0.017,0,24,0,8,8,3,100,0,0
1773753107.702904,204.957,0.017,0,24,0,8,8,3,100,0,0
1773753109.701067,205.059,0.017,0,24,0,8,8,3,100,0,0
1773753111.701103,205.160,0.016,0,24,0,8,8,3,100,0,0
1773753113.701047,205.258,0.018,0,24,0,8,8,3,100,0,0
1773753115.700692,205.363,0.021,0,24,0,8,8,3,100,0,0
1773753117.701137,205.469,0.017,0,24,0,8,8,3,100,0,0
1773753119.700366,205.566,0.016,0,24,0,8,8,3,100,0,0
1773753121.698984,205.676,0.021,0,24,0,8,8,3,100,0,0
1773753123.701042,205.762,0.019,0,24,0,8,8,3,100,0,0
1773753125.700966,205.871,0.022,0,24,0,8,8,3,100,0,0
1773753127.701282,205.969,0.032,0,24,0,8,8,3,100,0,0
1773753129.699165,206.078,0.019,0,24,0,8,8,3,100,0,0
1773753131.700422,206.184,0.019,0,24,0,8,8,3,100,0,0
1773753133.699123,206.301,0.019,0,24,0,8,8,3,100,0,0
1773753135.698480,206.406,0.017,0,24,0,8,8,3,100,0,0
1773753137.697977,206.512,0.022,0,24,0,8,8,3,100,0,0
1773753139.699733,206.602,0.019,0,24,0,8,8,3,100,0,0
1773753141.700226,206.707,0.017,0,24,0,8,8,3,100,0,0
1773753143.700033,206.805,0.016,0,24,0,8,8,3,100,0,0
1773753145.700700,206.918,0.019,0,24,0,8,8,3,100,0,0
1773753147.698539,207.016,0.017,0,24,0,8,8,3,100,0,0
1773753149.701415,207.113,0.017,0,24,0,8,8,3,100,0,0
1773753151.700346,207.223,0.019,0,24,0,8,8,3,100,0,0
1773753153.698860,207.320,0.025,0,24,0,8,8,3,100,0,0
1773753155.699705,207.418,0.023,0,24,0,8,8,3,100,0,0
1773753157.699978,207.520,0.019,0,24,0,8,8,3,100,0,0
1773753159.701216,207.629,0.018,0,24,0,8,8,3,100,0,0
1773753161.701089,207.727,0.019,0,24,0,8,8,3,100,0,0
1773753163.701712,207.832,0.015,0,24,0,8,8,3,100,0,0
1773753165.701007,207.930,0.016,0,24,0,8,8,3,100,0,0
1773753167.700739,208.031,0.016,0,24,0,8,8,3,100,0,0
1773753169.700611,208.137,0.018,0,24,0,8,8,3,100,0,0
1773753171.700526,208.242,0.026,0,24,0,8,8,3,100,0,0
1773753173.698993,208.340,0.017,0,24,0,8,8,3,100,0,0
1773753175.699759,208.441,0.017,0,24,0,8,8,3,100,0,0
1773753177.702059,208.539,0.017,0,24,0,8,8,3,100,0,0
1773753179.700771,208.652,0.016,0,24,0,8,8,3,100,0,0
1773753181.700765,208.750,0.019,0,24,0,8,8,3,100,0,0
1773753183.700922,208.852,0.017,0,24,0,8,8,3,100,0,0
1773753185.700834,208.957,0.018,0,24,0,8,8,3,100,0,0
1773753187.700760,209.059,0.016,0,24,0,8,8,3,100,0,0
1773753189.701393,209.160,0.016,0,24,0,8,8,3,100,0,0
1773753191.702332,209.258,0.020,0,24,0,8,8,3,100,0,0
1773753193.699880,209.359,0.029,0,24,0,8,8,3,100,0,0
1773753195.700377,209.469,0.037,0,24,0,8,8,3,100,0,0
1773753197.700566,209.574,0.023,0,24,0,8,8,3,100,0,0
1773753199.698847,209.676,0.020,0,24,0,8,8,3,100,0,0
1773753201.700803,209.777,0.033,0,24,0,8,8,3,100,0,0
1773753203.700610,209.875,0.020,0,24,0,8,8,3,100,0,0
1773753205.700377,209.977,0.019,0,24,0,8,8,3,100,0,0
1773753207.698745,210.074,0.024,0,24,0,8,8,3,100,0,0
1773753209.699092,210.184,0.021,0,24,0,8,8,3,100,0,0
1773753211.698009,210.281,0.021,0,24,0,8,8,3,100,0,0
1773753213.701057,210.383,0.018,0,24,0,8,8,3,100,0,0
1773753215.699681,210.488,0.018,0,24,0,8,8,3,100,0,0
1773753217.699850,210.594,0.028,0,24,0,8,8,3,100,0,0
1773753219.701026,210.691,0.028,0,24,0,8,8,3,100,0,0
1773753221.700569,210.793,0.016,0,24,0,8,8,3,100,0,0
1773753223.699876,210.902,0.023,0,24,0,8,8,3,100,0,0
1773753225.700548,210.996,0.027,0,24,0,8,8,3,100,0,0
1773753227.701101,211.105,0.020,0,24,0,8,8,3,100,0,0
1773753229.700459,211.199,0.015,0,24,0,8,8,3,100,0,0
1773753231.701483,211.363,0.024,0,24,0,8,8,3,100,0,0
1773753233.699212,199.344,0.019,0,24,0,8,8,3,100,0,0
1773753235.698284,196.316,0.022,0,24,0,8,8,3,100,0,0
1773753237.700814,196.414,0.019,0,24,0,8,8,3,100,0,0
1773753239.700420,196.516,0.016,0,24,0,8,8,3,100,0,0
1773753241.707382,196.613,0.023,0,24,0,8,8,3,100,0,0
1773753243.699016,196.715,0.020,0,24,0,8,8,3,100,0,0
1773753245.700680,196.820,0.020,0,24,0,8,8,3,100,0,0
1773753247.698557,196.926,0.023,0,24,0,8,8,3,100,0,0
1773753249.700883,197.027,0.020,0,24,0,8,8,3,100,0,0
1773753251.700858,197.133,0.021,0,24,0,8,8,3,100,0,0
1773753253.701910,197.242,0.036,0,24,0,8,8,3,100,0,0
1773753255.701088,197.344,0.018,0,24,0,8,8,3,100,0,0
1773753257.700117,197.441,0.021,0,24,0,8,8,3,100,0,0
1773753259.700057,197.547,0.023,0,24,0,8,8,3,100,0,0
1773753261.698087,197.648,0.017,0,24,0,8,8,3,100,0,0
1773753263.700121,197.746,0.021,0,24,0,8,8,3,100,0,0
1773753265.701010,197.848,0.019,0,24,0,8,8,3,100,0,0
1773753267.700436,197.953,0.019,0,24,0,8,8,3,100,0,0
1773753269.700973,198.055,0.021,0,24,0,8,8,3,100,0,0
1773753271.700830,198.156,0.017,0,24,0,8,8,3,100,0,0
1773753273.700594,198.258,0.019,0,24,0,8,8,3,100,0,0
1773753275.699038,198.355,0.018,0,24,0,8,8,3,100,0,0
1773753277.699454,198.461,0.020,0,24,0,8,8,3,100,0,0
1773753279.700778,198.559,0.019,0,24,0,8,8,3,100,0,0
1773753281.700528,198.668,0.019,0,24,0,8,8,3,100,0,0
1773753283.700627,198.766,0.019,0,24,0,8,8,3,100,0,0
1773753285.700700,198.863,0.018,0,24,0,8,8,3,100,0,0
1773753287.700547,198.965,0.019,0,24,0,8,8,3,100,0,0
1773753289.699823,199.066,0.018,0,24,0,8,8,3,100,0,0
1773753291.700553,199.164,0.031,0,24,0,8,8,3,100,0,0
1773753293.700343,199.266,0.023,0,24,0,8,8,3,100,0,0
1773753295.700760,199.367,0.061,0,24,0,8,8,3,100,0,0
1773753297.700528,199.473,0.023,0,24,0,8,8,3,100,0,0
1773753299.700820,199.570,0.020,0,24,0,8,8,3,100,0,0
1773753301.700900,199.676,0.022,0,24,0,8,8,3,100,0,0
1773753303.700910,199.777,0.019,0,24,0,8,8,3,100,0,0
1773753305.701083,199.879,0.017,0,24,0,8,8,3,100,0,0
1773753307.700272,199.977,0.033,0,24,0,8,8,3,100,0,0
1773753309.700337,200.078,0.021,0,24,0,8,8,3,100,0,0
1773753311.700820,200.184,0.018,0,24,0,8,8,3,100,0,0
1773753313.700031,200.285,0.025,0,24,0,8,8,3,100,0,0
1773753315.701194,200.387,0.019,0,24,0,8,8,3,100,0,0
1773753317.705495,200.492,0.025,0,24,0,8,8,3,100,0,0
1773753319.700257,200.590,0.023,0,24,0,8,8,3,100,0,0
1773753321.701491,200.695,0.019,0,24,0,8,8,3,100,0,0
1773753323.699357,200.797,0.019,0,24,0,8,8,3,100,0,0
1773753325.700135,200.898,0.022,0,24,0,8,8,3,100,0,0
1773753327.700354,201.000,0.017,0,24,0,8,8,3,100,0,0
1773753329.698183,201.105,0.019,0,24,0,8,8,3,100,0,0
1773753331.701808,201.199,0.023,0,24,0,8,8,3,100,0,0
1773753333.698943,201.309,0.021,0,24,0,8,8,3,100,0,0
1773753335.700170,201.406,0.021,0,24,0,8,8,3,100,0,0
1773753337.700663,201.508,0.020,0,24,0,8,8,3,100,0,0
1773753339.700904,201.617,0.017,0,24,0,8,8,3,100,0,0
1773753341.699923,201.715,0.015,0,24,0,8,8,3,100,0,0
1773753343.700327,201.816,0.021,0,24,0,8,8,3,100,0,0
1773753345.701194,201.918,0.023,0,24,0,8,8,3,100,0,0
1773753347.700458,202.020,0.022,0,24,0,8,8,3,100,0,0
1773753349.699503,202.133,0.021,0,24,0,8,8,3,100,0,0
1773753351.700360,202.234,0.022,0,24,0,8,8,3,100,0,0
1773753353.700313,202.344,0.018,0,24,0,8,8,3,100,0,0
1773753355.700204,202.449,0.023,0,24,0,8,8,3,100,0,0
1773753357.700712,202.547,0.020,0,24,0,8,8,3,100,0,0
1773753359.701011,202.645,0.019,0,24,0,8,8,3,100,0,0
1773753361.700541,202.746,0.021,0,24,0,8,8,3,100,0,0
1773753363.700841,202.852,0.017,0,24,0,8,8,3,100,0,0
1773753365.701222,202.953,0.018,0,24,0,8,8,3,100,0,0
1773753367.699136,203.055,0.021,0,24,0,8,8,3,100,0,0
1773753369.699252,203.160,0.022,0,24,0,8,8,3,100,0,0
1773753371.699157,203.258,0.016,0,24,0,8,8,3,100,0,0
1773753373.700005,203.359,0.021,0,24,0,8,8,3,100,0,0
1773753375.700241,203.457,0.024,0,24,0,8,8,3,100,0,0
1773753377.699190,203.559,0.022,0,24,0,8,8,3,100,0,0
1773753379.700694,203.664,0.022,0,24,0,8,8,3,100,0,0
1773753381.697967,203.766,0.018,0,24,0,8,8,3,100,0,0
1773753383.700773,203.875,0.022,0,24,0,8,8,3,100,0,0
1773753385.701227,203.973,0.018,0,24,0,8,8,3,100,0,0
1773753387.702524,204.074,0.017,0,24,0,8,8,3,100,0,0
1773753389.700820,204.176,0.018,0,24,0,8,8,3,100,0,0
1773753391.700751,204.273,0.021,0,24,0,8,8,3,100,0,0
1773753393.701496,204.375,0.019,0,24,0,8,8,3,100,0,0
1773753395.700709,204.477,0.031,0,24,0,8,8,3,100,0,0
1773753397.700352,204.582,0.024,0,24,0,8,8,3,100,0,0
1773753399.700022,204.688,0.024,0,24,0,8,8,3,100,0,0
1773753401.702715,204.789,0.024,0,24,0,8,8,3,100,0,0
1773753403.700735,204.891,0.016,0,24,0,8,8,3,100,0,0
1773753405.700861,204.996,0.021,0,24,0,8,8,3,100,0,0
1773753407.701026,205.086,0.023,0,24,0,8,8,3,100,0,0
1773753409.699817,205.188,0.019,0,24,0,8,8,3,100,0,0
1773753411.700469,205.289,0.023,0,24,0,8,8,3,100,0,0
1773753413.701065,205.395,0.016,0,24,0,8,8,3,100,0,0
1773753415.701685,205.500,0.020,0,24,0,8,8,3,100,0,0
1773753417.700763,205.598,0.020,0,24,0,8,8,3,100,0,0
1773753419.700727,205.703,0.014,0,24,0,8,8,3,100,0,0
1773753421.700684,205.809,0.019,0,24,0,8,8,3,100,0,0
1773753423.698613,205.910,0.031,0,24,0,8,8,3,100,0,0
1773753425.701067,206.008,0.017,0,24,0,8,8,3,100,0,0
1773753427.698558,206.109,0.022,0,24,0,8,8,3,100,0,0
1773753429.701238,206.215,0.016,0,24,0,8,8,3,100,0,0
1773753431.701018,206.336,0.020,0,24,0,8,8,3,100,0,0
1773753433.701230,206.434,0.018,0,24,0,8,8,3,100,0,0
1773753435.700903,206.535,0.017,0,24,0,8,8,3,100,0,0
1773753437.709008,206.641,0.028,0,24,0,8,8,3,100,0,0
1773753439.697844,206.746,0.015,0,24,0,8,8,3,100,0,0
1773753441.701150,206.836,0.014,0,24,0,8,8,3,100,0,0
1773753443.700665,206.941,0.066,0,24,0,8,8,3,100,0,0
1773753445.701036,207.043,0.020,0,24,0,8,8,3,100,0,0
1773753447.700402,207.148,0.016,0,24,0,8,8,3,100,0,0
1773753449.699216,207.250,0.019,0,24,0,8,8,3,100,0,0
1773753451.700918,207.352,0.016,0,24,0,8,8,3,100,0,0
1773753453.698469,207.453,0.021,0,24,0,8,8,3,100,0,0
1773753455.700943,207.555,0.020,0,24,0,8,8,3,100,0,0
1773753457.700596,207.660,0.020,0,24,0,8,8,3,100,0,0
1773753459.700722,207.758,0.018,0,24,0,8,8,3,100,0,0
1773753461.700185,207.859,0.022,0,24,0,8,8,3,100,0,0
1773753463.701124,207.957,0.017,0,24,0,8,8,3,100,0,0
1773753465.699227,208.062,0.028,0,24,0,8,8,3,100,0,0
1773753467.700939,208.164,0.018,0,24,0,8,8,3,100,0,0
1773753469.700946,208.270,0.018,0,24,0,8,8,3,100,0,0
1773753471.701239,208.367,0.015,0,24,0,8,8,3,100,0,0
1773753473.700953,208.469,0.016,0,24,0,8,8,3,100,0,0
1773753475.700583,208.570,0.017,0,24,0,8,8,3,100,0,0
1773753477.700752,208.672,0.020,0,24,0,8,8,3,100,0,0
1773753479.701118,208.777,0.018,0,24,0,8,8,3,100,0,0
1773753481.700971,208.879,0.014,0,24,0,8,8,3,100,0,0
1773753483.701264,208.977,0.016,0,24,0,8,8,3,100,0,0
1773753485.702420,209.078,0.013,0,24,0,8,8,3,100,0,0
1773753487.700456,209.184,0.023,0,24,0,8,8,3,100,0,0
1773753489.699289,209.285,0.027,0,24,0,8,8,3,100,0,0
1773753491.702473,209.379,0.026,0,24,0,8,8,3,100,0,0
1773753493.700394,209.484,0.019,0,24,0,8,8,3,100,0,0
1773753495.701067,209.586,0.015,0,24,0,8,8,3,100,0,0
1773753497.700690,209.688,0.019,0,24,0,8,8,3,100,0,0
1773753499.701162,209.793,0.017,0,24,0,8,8,3,100,0,0
1773753501.700200,209.902,0.021,0,24,0,8,8,3,100,0,0
1773753503.701233,210.004,0.016,0,24,0,8,8,3,100,0,0
1773753505.700813,210.105,0.020,0,24,0,8,8,3,100,0,0
1773753507.698946,210.211,0.016,0,24,0,8,8,3,100,0,0
1773753509.698443,210.305,0.020,0,24,0,8,8,3,100,0,0
1773753511.698796,210.406,0.018,0,24,0,8,8,3,100,0,0
1773753513.700738,210.512,0.017,0,24,0,8,8,3,100,0,0
1773753515.700448,210.613,0.017,0,24,0,8,8,3,100,0,0
1773753517.701292,210.711,0.015,0,24,0,8,8,3,100,0,0
1773753519.700552,210.816,0.032,0,24,0,8,8,3,100,0,0
1773753521.698527,210.922,0.021,0,24,0,8,8,3,100,0,0
1773753523.700670,211.027,0.017,0,24,0,8,8,3,100,0,0
1773753525.697945,211.121,0.014,0,24,0,8,8,3,100,0,0
1773753527.697856,211.227,0.021,0,24,0,8,8,3,100,0,0
1773753529.700814,211.395,0.021,0,24,0,8,8,3,100,0,0
1773753531.700597,196.277,0.020,0,24,0,8,8,3,100,0,0
1773753533.700582,196.332,0.017,0,24,0,8,8,3,100,0,0
1773753535.700903,196.434,0.020,0,24,0,8,8,3,100,0,0
1773753537.700682,196.543,0.015,0,24,0,8,8,3,100,0,0
1773753539.700565,196.652,0.016,0,24,0,8,8,3,100,0,0
1773753541.701171,196.750,0.019,0,24,0,8,8,3,100,0,0
1773753543.701050,196.844,0.015,0,24,0,8,8,3,100,0,0
1773753545.701107,196.953,0.014,0,24,0,8,8,3,100,0,0
1773753547.700447,197.055,0.018,0,24,0,8,8,3,100,0,0
1773753549.699980,197.164,0.015,0,24,0,8,8,3,100,0,0
1773753551.703578,197.262,0.020,0,24,0,8,8,3,100,0,0
1773753553.700661,197.371,0.020,0,24,0,8,8,3,100,0,0
1773753555.701491,197.477,0.015,0,24,0,8,8,3,100,0,0
1773753557.700471,197.574,0.027,0,24,0,8,8,3,100,0,0
1773753559.701444,197.676,0.020,0,24,0,8,8,3,100,0,0
1773753561.698421,197.777,0.019,0,24,0,8,8,3,100,0,0
1773753563.701082,197.883,0.024,0,24,0,8,8,3,100,0,0
1773753565.701158,197.980,0.022,0,24,0,8,8,3,100,0,0
1773753567.700964,198.086,0.059,0,24,0,8,8,3,100,0,0
1773753569.700166,198.188,0.020,0,24,0,8,8,3,100,0,0
1773753571.700647,198.289,0.018,0,24,0,8,8,3,100,0,0
1773753573.700367,198.398,0.022,0,24,0,8,8,3,100,0,0
1773753575.700895,198.492,0.019,0,24,0,8,8,3,100,0,0
1773753577.702573,198.586,0.017,0,24,0,8,8,3,100,0,0
1773753579.700173,198.691,0.021,0,24,0,8,8,3,100,0,0
1773753581.700204,198.797,0.015,0,24,0,8,8,3,100,0,0
1773753583.701178,198.898,0.017,0,24,0,8,8,3,100,0,0
1773753585.701053,198.988,0.023,0,24,0,8,8,3,100,0,0
1773753587.699826,199.094,0.017,0,24,0,8,8,3,100,0,0
1773753589.700576,199.195,0.014,0,24,0,8,8,3,100,0,0
1773753591.698634,199.297,0.022,0,24,0,8,8,3,100,0,0
1773753593.700591,199.398,0.033,0,24,0,8,8,3,100,0,0
1773753595.701644,199.496,0.021,0,24,0,8,8,3,100,0,0
1773753597.703805,199.598,0.033,0,24,0,8,8,3,100,0,0
1773753599.700702,199.703,0.021,0,24,0,8,8,3,100,0,0
1773753601.698608,199.805,0.017,0,24,0,8,8,3,100,0,0
1773753603.700684,199.910,0.017,0,24,0,8,8,3,100,0,0
1773753605.699805,200.008,0.036,0,24,0,8,8,3,100,0,0
1773753607.699705,200.117,0.019,0,24,0,8,8,3,100,0,0
1773753609.700934,200.207,0.021,0,24,0,8,8,3,100,0,0
1773753611.700920,200.309,0.027,0,24,0,8,8,3,100,0,0
1773753613.699576,200.414,0.016,0,24,0,8,8,3,100,0,0
1773753615.700435,200.516,0.013,0,24,0,8,8,3,100,0,0
1773753617.705791,200.629,2.632,0,24,0,8,8,3,100,0,0
1773753619.700912,200.719,0.069,0,24,0,8,8,3,100,0,0
1773753621.700522,200.824,0.023,0,24,0,8,8,3,100,0,0
1773753623.700457,200.922,0.016,0,24,0,8,8,3,100,0,0
1773753625.701253,201.027,0.016,0,24,0,8,8,3,100,0,0
1773753627.701186,201.125,0.019,0,24,0,8,8,3,100,0,0
1773753629.700931,201.227,0.017,0,24,0,8,8,3,100,0,0
1773753631.701133,201.328,0.015,0,24,0,8,8,3,100,0,0
1773753633.700849,201.434,0.018,0,24,0,8,8,3,100,0,0
1773753635.701006,201.539,0.015,0,24,0,8,8,3,100,0,0
1773753637.700226,201.645,0.014,0,24,0,8,8,3,100,0,0
1773753639.700788,201.746,0.018,0,24,0,8,8,3,100,0,0
1773753641.706511,201.848,0.029,0,24,0,8,8,3,100,0,0
1773753643.716922,201.949,0.024,0,24,0,8,8,3,100,0,0
1773753645.701424,202.047,0.020,0,24,0,8,8,3,100,0,0
1773753647.701405,202.156,0.020,0,24,0,8,8,3,100,0,0
1773753649.701140,202.254,0.020,0,24,0,8,8,3,100,0,0
1773753651.701174,202.371,0.025,0,24,0,8,8,3,100,0,0
1773753653.700345,202.477,0.017,0,24,0,8,8,3,100,0,0
1773753655.701305,202.574,0.015,0,24,0,8,8,3,100,0,0
1773753657.700712,202.676,0.015,0,24,0,8,8,3,100,0,0
1773753659.701353,202.770,0.013,0,24,0,8,8,3,100,0,0
1773753661.699590,202.871,0.016,0,24,0,8,8,3,100,0,0
1773753663.700841,202.977,0.019,0,24,0,8,8,3,100,0,0
1773753665.698731,203.078,0.015,0,24,0,8,8,3,100,0,0
1773753667.700104,203.184,0.017,0,24,0,8,8,3,100,0,0
1773753669.700857,203.285,0.015,0,24,0,8,8,3,100,0,0
1773753671.700385,203.391,0.016,0,24,0,8,8,3,100,0,0
1773753673.701017,203.492,0.018,0,24,0,8,8,3,100,0,0
1773753675.699618,203.598,0.015,0,24,0,8,8,3,100,0,0
1773753677.698354,203.691,0.015,0,24,0,8,8,3,100,0,0
1773753679.698052,203.793,0.014,0,24,0,8,8,3,100,0,0
1773753681.700701,203.902,0.016,0,24,0,8,8,3,100,0,0
1773753683.700315,203.996,0.032,0,24,0,8,8,3,100,0,0
1773753685.701030,204.109,0.024,0,24,0,8,8,3,100,0,0
1773753687.700644,204.215,0.019,0,24,0,8,8,3,100,0,0
1773753689.720611,204.312,0.015,0,24,0,8,8,3,100,0,0
1773753691.701080,204.418,0.066,0,24,0,8,8,3,100,0,0
1773753693.700504,204.516,0.024,0,24,0,8,8,3,100,0,0
1773753695.700072,204.609,0.023,0,24,0,8,8,3,100,0,0
1773753697.701031,204.715,0.017,0,24,0,8,8,3,100,0,0
1773753699.700516,204.816,0.036,0,24,0,8,8,3,100,0,0
1773753701.700525,204.922,0.014,0,24,0,8,8,3,100,0,0
1773753703.701705,205.023,0.030,0,24,0,8,8,3,100,0,0
1773753705.700680,205.125,0.018,0,24,0,8,8,3,100,0,0
1773753707.700327,205.227,0.016,0,24,0,8,8,3,100,0,0
1773753709.701520,205.324,0.019,0,24,0,8,8,3,100,0,0
1773753711.701865,205.434,0.016,0,24,0,8,8,3,100,0,0
1773753713.701106,205.527,0.016,0,24,0,8,8,3,100,0,0
1773753715.701312,205.633,0.015,0,24,0,8,8,3,100,0,0
1773753717.701998,205.738,0.015,0,24,0,8,8,3,100,0,0
1773753719.698517,205.840,0.015,0,24,0,8,8,3,100,0,0
1773753721.701627,205.945,0.013,0,24,0,8,8,3,100,0,0
1773753723.699707,206.043,0.014,0,24,0,8,8,3,100,0,0
1773753725.701377,206.152,0.019,0,24,0,8,8,3,100,0,0
1773753727.700938,206.250,0.021,0,24,0,8,8,3,100,0,0
1773753729.699672,206.355,0.017,0,24,0,8,8,3,100,0,0
1773753731.698933,206.453,0.016,0,24,0,8,8,3,100,0,0
1773753733.698616,206.559,0.019,0,24,0,8,8,3,100,0,0
1773753735.701546,206.664,0.017,0,24,0,8,8,3,100,0,0
1773753737.698845,206.762,0.017,0,24,0,8,8,3,100,0,0
1773753739.701207,206.867,0.018,0,24,0,8,8,3,100,0,0
1773753741.701043,206.965,0.016,0,24,0,8,8,3,100,0,0
1773753743.700761,207.066,0.015,0,24,0,8,8,3,100,0,0
1773753745.701233,207.172,0.019,0,24,0,8,8,3,100,0,0
1773753747.698895,207.266,0.031,0,24,0,8,8,3,100,0,0
1773753749.700707,207.367,0.020,0,24,0,8,8,3,100,0,0
1773753751.700285,207.473,0.021,0,24,0,8,8,3,100,0,0
1773753753.698238,207.574,0.018,0,24,0,8,8,3,100,0,0
1773753755.699561,207.684,0.031,0,24,0,8,8,3,100,0,0
1773753757.714064,207.781,0.043,0,24,0,8,8,3,100,0,0
1773753759.699237,207.875,0.021,0,24,0,8,8,3,100,0,0
1773753761.700574,207.977,0.035,0,24,0,8,8,3,100,0,0
1773753763.701037,208.082,0.021,0,24,0,8,8,3,100,0,0
1773753765.700645,208.188,0.021,0,24,0,8,8,3,100,0,0
1773753767.698546,208.285,0.018,0,24,0,8,8,3,100,0,0
1773753769.700760,208.387,0.017,0,24,0,8,8,3,100,0,0
1773753771.700913,208.492,0.013,0,24,0,8,8,3,100,0,0
1773753773.701082,208.594,0.016,0,24,0,8,8,3,100,0,0
1773753775.701019,208.695,0.018,0,24,0,8,8,3,100,0,0
1773753777.698378,208.793,0.013,0,24,0,8,8,3,100,0,0
1773753779.700994,208.902,0.016,0,24,0,8,8,3,100,0,0
1773753781.701146,209.000,0.015,0,24,0,8,8,3,100,0,0
1773753783.698798,209.105,0.015,0,24,0,8,8,3,100,0,0
1773753786.966309,199.309,0.014,0,24,0,8,8,3,100,0,0
1773753787.699255,199.230,0.014,0,24,0,8,8,3,100,0,0
1773753789.700969,195.965,0.014,0,24,0,8,8,3,100,0,0
1773753791.700882,195.965,0.014,0,24,0,8,8,3,100,0,0
1773753793.700244,195.965,0.014,0,24,0,8,8,3,100,0,0
1773753795.701349,195.965,0.014,0,24,0,8,8,3,100,0,0
1773753797.698667,195.965,0.014,0,24,0,8,8,3,100,0,0
1773753799.700819,195.965,0.014,0,24,0,8,8,3,100,0,0
1773753801.700819,195.965,0.014,0,24,0,8,8,3,100,0,0
1773753803.701266,195.965,0.014,0,24,0,8,8,3,100,0,0
1773753805.698993,195.965,0.014,0,24,0,8,8,3,100,0,0
1773753807.701135,195.965,0.014,0,24,0,8,8,3,100,0,0
1773753809.700361,195.965,0.014,0,24,0,8,8,3,100,0,0
1773753811.700907,195.965,0.014,0,24,0,8,8,3,100,0,0
1773753813.699683,195.965,0.014,0,24,0,8,8,3,100,0,0
1773753815.701054,195.965,0.014,0,24,0,8,8,3,100,0,0
1773753817.700243,195.965,0.014,0,24,0,8,8,3,100,0,0
1773753819.699296,195.965,0.014,0,24,0,8,8,3,100,0,0
1773753821.700764,195.965,0.014,0,24,0,8,8,3,100,0,0
1773753823.701708,195.965,0.014,0,24,0,8,8,3,100,0,0
1773753825.701115,195.953,0.014,0,24,0,8,8,3,100,0,0
1773753827.701115,195.953,0.014,0,24,0,8,8,3,100,0,0
1773753830.003861,196.121,0.014,0,24,0,8,8,3,100,0,0
1773753831.701205,196.242,0.020,0,24,0,8,8,3,100,0,0
1773753833.700755,196.242,0.024,0,24,0,8,8,3,100,0,0
1773753835.701505,196.250,0.025,0,24,0,8,8,3,100,0,0
1773753837.701536,196.020,0.022,0,24,0,8,8,3,100,0,0
1773753839.701192,196.020,0.031,0,24,0,8,8,3,100,0,0
1773753841.701324,196.023,0.026,0,24,0,8,8,3,100,0,0
1773753843.699178,196.023,0.024,0,24,0,8,8,3,100,0,0
1773753845.700798,196.023,0.030,0,24,0,8,8,3,100,0,0
1773753847.701571,196.027,0.020,0,24,0,8,8,3,100,0,0
1773753849.698683,196.027,0.021,0,24,0,8,8,3,100,0,0
1773753851.700585,196.027,0.027,0,24,0,8,8,3,100,0,0
1773753853.699904,196.027,0.021,0,24,0,8,8,3,100,0,0
1773753855.700794,196.027,0.017,0,24,0,8,8,3,100,0,0
1773753857.700668,196.027,0.025,0,24,0,8,8,3,100,0,0
1773753859.699084,196.027,0.022,0,24,0,8,8,3,100,0,0
1773753861.700865,196.027,0.025,0,24,0,8,8,3,100,0,0
1773753863.700747,196.027,0.022,0,24,0,8,8,3,100,0,0
1773753865.701298,196.027,0.022,0,24,0,8,8,3,100,0,0
1773753867.701369,196.027,0.021,0,24,0,8,8,3,100,0,0
1773753869.700527,196.027,0.022,0,24,0,8,8,3,100,0,0
1773753871.700313,196.027,0.018,0,24,0,8,8,3,100,0,0
1773753873.700955,196.027,0.022,0,24,0,8,8,3,100,0,0
1773753875.701095,196.027,0.088,0,24,0,8,8,3,100,0,0
1773753877.701304,196.027,0.024,0,24,0,8,8,3,100,0,0
1773753879.700814,196.027,0.022,0,24,0,8,8,3,100,0,0
1773753881.701276,196.027,0.021,0,24,0,8,8,3,100,0,0
1773753883.699147,196.027,0.021,0,24,0,8,8,3,100,0,0
1773753885.701427,196.012,0.022,0,24,0,8,8,3,100,0,0
1773753887.701482,196.012,0.025,0,24,0,8,8,3,100,0,0
1773753889.701770,196.012,0.018,0,24,0,8,8,3,100,0,0
1773753891.700637,196.012,0.021,0,24,0,8,8,3,100,0,0
1773753893.701264,196.012,0.021,0,24,0,8,8,3,100,0,0
1773753895.700799,196.012,0.022,0,24,0,8,8,3,100,0,0
1773753897.699788,196.012,0.018,0,24,0,8,8,3,100,0,0
1773753899.702225,196.012,0.020,0,24,0,8,8,3,100,0,0
1773753901.699569,196.012,0.026,0,24,0,8,8,3,100,0,0
1773753903.701712,196.012,0.025,0,24,0,8,8,3,100,0,0
1773753905.701129,196.047,0.022,0,24,0,8,8,3,100,0,0
1773753907.698528,196.047,0.022,0,24,0,8,8,3,100,0,0
1773753909.700852,196.047,0.019,0,24,0,8,8,3,100,0,0
1773753911.701264,196.047,0.018,0,24,0,8,8,3,100,0,0
1773753913.700414,196.047,0.026,0,24,0,8,8,3,100,0,0
1773753915.700679,196.047,0.019,0,24,0,8,8,3,100,0,0
1773753917.701323,196.047,0.018,0,24,0,8,8,3,100,0,0
1773753919.698720,196.047,0.021,0,24,0,8,8,3,100,0,0
1773753921.700838,196.047,0.018,0,24,0,8,8,3,100,0,0
1773753923.700779,196.047,0.020,0,24,0,8,8,3,100,0,0
1773753925.699527,196.047,0.021,0,24,0,8,8,3,100,0,0
1773753927.698954,196.047,0.021,0,24,0,8,8,3,100,0,0
1773753929.701038,196.047,0.026,0,24,0,8,8,3,100,0,0
1773753931.700301,196.047,0.027,0,24,0,8,8,3,100,0,0
1773753933.701017,196.070,0.024,0,24,0,8,8,3,100,0,0
1773753935.700949,196.070,0.018,0,24,0,8,8,3,100,0,0
1773753937.698130,196.070,0.020,0,24,0,8,8,3,100,0,0
1773753939.701123,196.070,0.020,0,24,0,8,8,3,100,0,0
1773753941.701078,196.070,0.016,0,24,0,8,8,3,100,0,0
1773753943.700590,196.070,0.024,0,24,0,8,8,3,100,0,0
1773753945.701451,196.070,0.024,0,24,0,8,8,3,100,0,0
1773753947.709176,196.070,0.031,0,24,0,8,8,3,100,0,0
1773753949.699137,196.070,0.025,0,24,0,8,8,3,100,0,0
1773753951.701200,196.070,0.020,0,24,0,8,8,3,100,0,0
1773753953.701388,196.070,0.020,0,24,0,8,8,3,100,0,0
1773753955.701922,196.070,0.027,0,24,0,8,8,3,100,0,0
1773753957.698544,196.070,0.022,0,24,0,8,8,3,100,0,0
1773753959.700844,196.070,0.028,0,24,0,8,8,3,100,0,0
1773753961.701972,196.070,0.026,0,24,0,8,8,3,100,0,0
1773753963.703710,196.070,0.018,0,24,0,8,8,3,100,0,0
1773753965.700905,196.070,0.020,0,24,0,8,8,3,100,0,0
1773753967.700567,196.070,0.022,0,24,0,8,8,3,100,0,0
1773753969.700558,196.070,0.022,0,24,0,8,8,3,100,0,0
1773753971.712234,196.070,0.029,0,24,0,8,8,3,100,0,0
1773753973.701172,196.070,0.019,0,24,0,8,8,3,100,0,0
1773753975.701255,196.070,0.018,0,24,0,8,8,3,100,0,0
1773753977.701917,196.070,0.022,0,24,0,8,8,3,100,0,0
1773753979.698566,196.070,0.017,0,24,0,8,8,3,100,0,0
1773753981.700471,196.070,0.019,0,24,0,8,8,3,100,0,0
1773753983.700306,196.070,0.020,0,24,0,8,8,3,100,0,0
1773753985.702145,196.070,0.020,0,24,0,8,8,3,100,0,0
1773753987.698599,196.070,0.017,0,24,0,8,8,3,100,0,0
1773753989.701921,196.070,0.021,0,24,0,8,8,3,100,0,0
1773753991.702352,196.070,0.022,0,24,0,8,8,3,100,0,0
1773753993.700966,196.070,0.020,0,24,0,8,8,3,100,0,0
1773753995.701337,196.070,0.018,0,24,0,8,8,3,100,0,0
1773753997.701424,196.070,0.019,0,24,0,8,8,3,100,0,0
1773753999.700466,196.070,0.025,0,24,0,8,8,3,100,0,0
1773754001.701305,196.070,0.022,0,24,0,8,8,3,100,0,0
1773754003.700623,196.070,0.025,0,24,0,8,8,3,100,0,0
1773754005.701223,196.070,0.023,0,24,0,8,8,3,100,0,0
1773754007.698372,196.070,0.019,0,24,0,8,8,3,100,0,0
1773754009.700919,196.070,0.021,0,24,0,8,8,3,100,0,0
1773754011.700020,196.070,0.018,0,24,0,8,8,3,100,0,0
1773754013.701046,196.070,0.017,0,24,0,8,8,3,100,0,0
1773754015.699013,196.070,0.018,0,24,0,8,8,3,100,0,0
1773754017.701412,196.070,0.018,0,24,0,8,8,3,100,0,0
1773754019.698372,196.070,0.020,0,24,0,8,8,3,100,0,0
1773754021.701212,196.070,0.016,0,24,0,8,8,3,100,0,0
1773754023.699996,196.070,0.019,0,24,0,8,8,3,100,0,0
1773754025.740717,196.070,0.021,0,24,0,8,8,3,100,0,0
1773754027.701120,196.070,0.020,0,24,0,8,8,3,100,0,0
1773754029.699863,196.070,0.021,0,24,0,8,8,3,100,0,0
1773754031.701087,196.070,0.019,0,24,0,8,8,3,100,0,0
1773754033.701617,196.070,0.018,0,24,0,8,8,3,100,0,0
1773754035.700886,196.070,0.019,0,24,0,8,8,3,100,0,0
1773754037.701901,196.070,0.016,0,24,0,8,8,3,100,0,0
1773754039.700860,196.070,0.017,0,24,0,8,8,3,100,0,0
1773754041.698544,196.070,0.016,0,24,0,8,8,3,100,0,0
1773754043.701544,196.070,0.015,0,24,0,8,8,3,100,0,0
1773754045.700740,196.070,0.014,0,24,0,8,8,3,100,0,0
1773754047.701035,196.070,0.018,0,24,0,8,8,3,100,0,0
1773754049.701204,196.070,0.016,0,24,0,8,8,3,100,0,0
1773754051.701699,196.070,0.018,0,24,0,8,8,3,100,0,0
1773754053.699124,196.070,0.019,0,24,0,8,8,3,100,0,0
1773754055.701838,196.070,0.021,0,24,0,8,8,3,100,0,0
1773754057.701288,196.070,0.018,0,24,0,8,8,3,100,0,0
1773754059.701591,196.070,0.017,0,24,0,8,8,3,100,0,0
1773754061.701245,196.070,0.019,0,24,0,8,8,3,100,0,0
1773754063.700803,196.070,0.023,0,24,0,8,8,3,100,0,0
1773754065.701846,196.070,0.024,0,24,0,8,8,3,100,0,0
1773754067.701253,196.070,0.019,0,24,0,8,8,3,100,0,0
1773754069.698812,196.070,0.017,0,24,0,8,8,3,100,0,0
1773754071.700949,196.070,0.027,0,24,0,8,8,3,100,0,0
1773754073.701875,196.070,0.019,0,24,0,8,8,3,100,0,0
1773754075.699144,196.070,0.024,0,24,0,8,8,3,100,0,0
1773754077.700531,196.070,0.021,0,24,0,8,8,3,100,0,0
1773754079.704155,196.070,0.017,0,24,0,8,8,3,100,0,0
1773754081.700932,196.070,0.019,0,24,0,8,8,3,100,0,0
1773754083.701101,196.070,0.022,0,24,0,8,8,3,100,0,0
1773754085.701449,196.070,0.017,0,24,0,8,8,3,100,0,0
1773754087.701340,196.070,0.020,0,24,0,8,8,3,100,0,0
1773754089.699647,196.070,0.021,0,24,0,8,8,3,100,0,0
1773754091.701076,196.070,0.017,0,24,0,8,8,3,100,0,0
1773754093.698661,196.070,0.024,0,24,0,8,8,3,100,0,0
1773754095.701098,196.070,0.023,0,24,0,8,8,3,100,0,0
1773754097.701674,196.070,0.020,0,24,0,8,8,3,100,0,0
1773754099.701461,196.070,0.017,0,24,0,8,8,3,100,0,0
1773754101.700983,196.070,0.018,0,24,0,8,8,3,100,0,0
1773754103.698660,196.070,0.020,0,24,0,8,8,3,100,0,0
1773754105.700932,196.070,0.019,0,24,0,8,8,3,100,0,0
1773754107.701297,196.070,0.022,0,24,0,8,8,3,100,0,0
1773754109.701025,196.070,0.020,0,24,0,8,8,3,100,0,0
1773754111.699348,196.070,0.017,0,24,0,8,8,3,100,0,0
1773754113.699923,196.070,0.021,0,24,0,8,8,3,100,0,0
1773754115.700362,196.070,0.019,0,24,0,8,8,3,100,0,0
1773754117.701568,196.070,0.019,0,24,0,8,8,3,100,0,0
1773754119.700543,196.070,0.019,0,24,0,8,8,3,100,0,0
1773754121.701100,196.070,0.019,0,24,0,8,8,3,100,0,0
1773754123.699620,196.070,0.017,0,24,0,8,8,3,100,0,0
1773754125.700552,196.070,0.023,0,24,0,8,8,3,100,0,0
1773754127.700130,196.070,0.034,0,24,0,8,8,3,100,0,0
1773754129.699599,196.070,0.022,0,24,0,8,8,3,100,0,0
1773754131.700977,196.070,0.017,0,24,0,8,8,3,100,0,0
1773754133.699310,196.070,0.019,0,24,0,8,8,3,100,0,0
1773754135.701412,196.070,0.021,0,24,0,8,8,3,100,0,0
1773754137.700591,196.070,0.019,0,24,0,8,8,3,100,0,0
1773754139.701326,196.070,0.021,0,24,0,8,8,3,100,0,0
1773754141.701025,196.070,0.023,0,24,0,8,8,3,100,0,0
1773754143.701096,196.070,0.019,0,24,0,8,8,3,100,0,0
1773754145.701250,196.070,0.020,0,24,0,8,8,3,100,0,0
1773754147.699607,196.070,0.027,0,24,0,8,8,3,100,0,0
1773754149.702157,196.070,0.040,0,24,0,8,8,3,100,0,0
1773754151.701373,196.070,0.020,0,24,0,8,8,3,100,0,0
1773754153.700600,196.070,0.020,0,24,0,8,8,3,100,0,0
1773754155.698785,196.070,0.023,0,24,0,8,8,3,100,0,0
1773754157.701442,196.070,0.020,0,24,0,8,8,3,100,0,0
1773754159.700585,196.070,0.022,0,24,0,8,8,3,100,0,0
1773754161.701356,196.070,0.017,0,24,0,8,8,3,100,0,0
1773754163.700722,196.070,0.018,0,24,0,8,8,3,100,0,0
1773754165.700468,196.070,0.022,0,24,0,8,8,3,100,0,0
1773754167.700949,196.070,0.019,0,24,0,8,8,3,100,0,0
1773754169.700888,196.070,0.018,0,24,0,8,8,3,100,0,0
1773754171.700928,196.070,0.021,0,24,0,8,8,3,100,0,0
1773754173.700227,196.070,0.019,0,24,0,8,8,3,100,0,0
1773754175.698623,196.070,0.019,0,24,0,8,8,3,100,0,0
1773754177.703654,196.070,0.018,0,24,0,8,8,3,100,0,0
1773754179.701297,196.070,0.021,0,24,0,8,8,3,100,0,0
1773754181.700947,196.070,0.021,0,24,0,8,8,3,100,0,0
1773754183.700917,196.070,0.022,0,24,0,8,8,3,100,0,0
1773754185.700613,196.070,0.020,0,24,0,8,8,3,100,0,0
1773754187.700206,196.070,0.023,0,24,0,8,8,3,100,0,0
1773754189.700778,196.070,0.022,0,24,0,8,8,3,100,0,0
1773754191.701543,196.070,0.021,0,24,0,8,8,3,100,0,0
1773754193.701043,196.070,0.023,0,24,0,8,8,3,100,0,0
1773754195.698044,196.070,0.015,0,24,0,8,8,3,100,0,0
1773754197.701266,196.070,0.016,0,24,0,8,8,3,100,0,0
1773754199.702756,196.070,0.018,0,24,0,8,8,3,100,0,0
1773754201.700720,196.070,0.019,0,24,0,8,8,3,100,0,0
1773754203.701291,196.070,0.018,0,24,0,8,8,3,100,0,0
1773754205.699283,196.070,0.022,0,24,0,8,8,3,100,0,0
1773754207.701067,196.070,0.019,0,24,0,8,8,3,100,0,0
1773754209.701396,196.070,0.017,0,24,0,8,8,3,100,0,0
1773754211.699154,196.070,0.025,0,24,0,8,8,3,100,0,0
1773754213.701205,196.070,0.040,0,24,0,8,8,3,100,0,0
1773754215.699604,196.070,0.020,0,24,0,8,8,3,100,0,0
1773754217.699687,196.070,0.018,0,24,0,8,8,3,100,0,0
1773754219.703400,196.070,0.036,0,24,0,8,8,3,100,0,0
1773754221.700763,196.070,0.026,0,24,0,8,8,3,100,0,0
1773754223.700640,196.070,0.018,0,24,0,8,8,3,100,0,0
1773754225.701714,196.070,0.019,0,24,0,8,8,3,100,0,0
1773754227.699257,196.070,0.020,0,24,0,8,8,3,100,0,0
1773754229.701342,196.070,0.017,0,24,0,8,8,3,100,0,0
1773754231.698106,196.070,0.020,0,24,0,8,8,3,100,0,0
1773754233.701742,196.070,0.021,0,24,0,8,8,3,100,0,0
1773754235.701540,196.070,0.017,0,24,0,8,8,3,100,0,0
1773754237.701432,196.070,0.027,0,24,0,8,8,3,100,0,0
1773754239.700601,196.070,0.022,0,24,0,8,8,3,100,0,0
1773754241.700783,196.070,0.019,0,24,0,8,8,3,100,0,0
1773754243.701468,196.070,0.017,0,24,0,8,8,3,100,0,0
1773754245.699969,196.070,0.026,0,24,0,8,8,3,100,0,0
1773754247.702832,196.070,0.032,0,24,0,8,8,3,100,0,0
1773754249.701012,196.070,0.019,0,24,0,8,8,3,100,0,0
1773754251.700869,196.070,0.019,0,24,0,8,8,3,100,0,0
1773754253.700788,196.070,0.021,0,24,0,8,8,3,100,0,0
1773754255.700962,196.070,0.026,0,24,0,8,8,3,100,0,0
1773754257.701409,196.070,0.017,0,24,0,8,8,3,100,0,0
1773754259.698941,196.070,0.024,0,24,0,8,8,3,100,0,0
1773754261.700958,196.070,0.024,0,24,0,8,8,3,100,0,0
1773754263.701129,196.070,0.021,0,24,0,8,8,3,100,0,0
1773754265.701355,196.070,0.019,0,24,0,8,8,3,100,0,0
1773754267.701358,196.070,0.020,0,24,0,8,8,3,100,0,0
1773754269.701156,196.070,0.021,0,24,0,8,8,3,100,0,0
1773754271.701073,196.070,0.019,0,24,0,8,8,3,100,0,0
1773754273.701544,196.070,0.020,0,24,0,8,8,3,100,0,0
1773754275.701180,196.070,0.025,0,24,0,8,8,3,100,0,0
1773754277.701010,196.070,0.019,0,24,0,8,8,3,100,0,0
1773754279.701402,196.070,0.031,0,24,0,8,8,3,100,0,0
1773754281.701775,196.070,0.019,0,24,0,8,8,3,100,0,0
1773754283.701623,196.070,0.020,0,24,0,8,8,3,100,0,0
1773754285.700912,196.070,0.021,0,24,0,8,8,3,100,0,0
1773754287.700715,196.070,0.025,0,24,0,8,8,3,100,0,0
1773754289.701096,196.070,0.019,0,24,0,8,8,3,100,0,0
1773754291.701321,196.070,0.024,0,24,0,8,8,3,100,0,0
1773754293.701739,196.070,0.018,0,24,0,8,8,3,100,0,0
1773754295.701685,196.070,0.018,0,24,0,8,8,3,100,0,0
1773754297.699474,196.070,0.023,0,24,0,8,8,3,100,0,0
1773754299.700566,196.070,0.022,0,24,0,8,8,3,100,0,0
1773754301.700529,196.070,0.016,0,24,0,8,8,3,100,0,0
1773754303.701431,196.070,0.019,0,24,0,8,8,3,100,0,0
1773754305.700830,196.070,0.019,0,24,0,8,8,3,100,0,0
1773754307.700843,196.070,0.019,0,24,0,8,8,3,100,0,0
1773754309.699238,196.070,0.022,0,24,0,8,8,3,100,0,0
1773754311.699458,196.070,0.018,0,24,0,8,8,3,100,0,0
1773754313.701144,196.070,0.018,0,24,0,8,8,3,100,0,0
1773754315.700975,196.070,0.040,0,24,0,8,8,3,100,0,0
1773754317.701516,196.070,0.017,0,24,0,8,8,3,100,0,0
1773754319.701094,196.070,0.023,0,24,0,8,8,3,100,0,0
1773754321.701302,196.070,0.020,0,24,0,8,8,3,100,0,0
1773754323.701510,196.070,0.020,0,24,0,8,8,3,100,0,0
1773754325.701761,196.070,0.019,0,24,0,8,8,3,100,0,0
1773754327.714731,196.070,0.020,0,24,0,8,8,3,100,0,0
1773754329.699074,196.070,0.025,0,24,0,8,8,3,100,0,0
1773754331.700731,196.070,0.020,0,24,0,8,8,3,100,0,0
1773754333.699472,196.070,0.028,0,24,0,8,8,3,100,0,0
1773754335.701489,196.070,0.020,0,24,0,8,8,3,100,0,0
1773754337.698228,196.070,0.022,0,24,0,8,8,3,100,0,0
1773754339.700528,196.070,0.037,0,24,0,8,8,3,100,0,0
1773754341.701543,196.070,0.018,0,24,0,8,8,3,100,0,0
1773754343.701284,196.070,0.020,0,24,0,8,8,3,100,0,0
1773754345.699334,196.070,0.032,0,24,0,8,8,3,100,0,0
1773754347.700853,196.070,0.021,0,24,0,8,8,3,100,0,0
1773754349.701279,196.070,0.037,0,24,0,8,8,3,100,0,0
1773754351.700182,196.070,0.019,0,24,0,8,8,3,100,0,0
1773754353.698697,196.070,0.020,0,24,0,8,8,3,100,0,0
1773754355.698682,196.070,0.025,0,24,0,8,8,3,100,0,0
1773754357.699578,196.070,0.028,0,24,0,8,8,3,100,0,0
1773754359.701763,196.070,0.020,0,24,0,8,8,3,100,0,0
1773754361.701236,196.070,0.025,0,24,0,8,8,3,100,0,0
1773754363.698827,196.070,0.021,0,24,0,8,8,3,100,0,0
1773754365.701554,196.070,0.020,0,24,0,8,8,3,100,0,0
1773754367.701215,196.070,0.024,0,24,0,8,8,3,100,0,0
1773754369.699098,196.070,0.020,0,24,0,8,8,3,100,0,0
1773754371.699318,196.070,0.071,0,24,0,8,8,3,100,0,0
1773754373.700716,196.070,0.027,0,24,0,8,8,3,100,0,0
1773754375.700643,196.070,0.021,0,24,0,8,8,3,100,0,0
1773754377.700188,196.070,0.020,0,24,0,8,8,3,100,0,0
1773754379.699176,196.070,0.041,0,24,0,8,8,3,100,0,0
1773754381.700654,196.070,0.022,0,24,0,8,8,3,100,0,0
1773754383.701269,196.070,0.021,0,24,0,8,8,3,100,0,0
1773754385.701624,196.070,0.018,0,24,0,8,8,3,100,0,0
1773754387.701697,196.070,0.020,0,24,0,8,8,3,100,0,0
1773754389.701198,196.070,0.021,0,24,0,8,8,3,100,0,0
1773754391.701725,196.070,0.024,0,24,0,8,8,3,100,0,0
1773754393.702240,196.070,0.118,0,24,0,8,8,3,100,0,0
1773754395.699584,196.070,0.021,0,24,0,8,8,3,100,0,0
1773754397.701135,196.070,0.018,0,24,0,8,8,3,100,0,0
1773754399.700402,196.070,0.020,0,24,0,8,8,3,100,0,0
1773754401.702036,196.070,0.021,0,24,0,8,8,3,100,0,0
1773754403.701339,196.070,0.022,0,24,0,8,8,3,100,0,0
1773754405.699750,196.070,0.025,0,24,0,8,8,3,100,0,0
1773754407.701140,196.070,0.023,0,24,0,8,8,3,100,0,0
1773754409.699450,196.070,0.021,0,24,0,8,8,3,100,0,0
1773754411.700532,196.070,0.023,0,24,0,8,8,3,100,0,0
1773754413.702498,196.070,0.024,0,24,0,8,8,3,100,0,0
1773754415.699882,196.070,0.036,0,24,0,8,8,3,100,0,0
1773754417.700093,196.070,0.033,0,24,0,8,8,3,100,0,0
1773754419.701611,196.070,0.021,0,24,0,8,8,3,100,0,0
1773754421.701071,196.070,0.020,0,24,0,8,8,3,100,0,0
1773754423.700281,196.070,0.022,0,24,0,8,8,3,100,0,0
1773754425.701708,196.070,0.016,0,24,0,8,8,3,100,0,0
1773754427.699723,196.070,0.023,0,24,0,8,8,3,100,0,0
1773754429.701549,196.070,0.103,0,24,0,8,8,3,100,0,0
1773754431.699224,196.070,0.031,0,24,0,8,8,3,100,0,0
1773754433.701524,196.070,0.032,0,24,0,8,8,3,100,0,0
1773754435.701337,196.070,0.031,0,24,0,8,8,3,100,0,0
1773754437.701295,196.070,0.034,0,24,0,8,8,3,100,0,0
1773754439.701389,196.070,0.020,0,24,0,8,8,3,100,0,0
1773754441.701257,196.070,0.020,0,24,0,8,8,3,100,0,0
1773754443.699334,196.070,0.019,0,24,0,8,8,3,100,0,0
1773754445.700651,196.070,0.028,0,24,0,8,8,3,100,0,0
1773754447.699037,196.070,0.025,0,24,0,8,8,3,100,0,0
1773754449.701317,196.070,0.034,0,24,0,8,8,3,100,0,0
1773754451.701152,196.070,0.022,0,24,0,8,8,3,100,0,0
1773754453.700524,196.070,0.030,0,24,0,8,8,3,100,0,0
1773754455.700987,196.070,0.025,0,24,0,8,8,3,100,0,0
1773754457.701998,196.070,0.023,0,24,0,8,8,3,100,0,0
1773754459.701267,196.070,0.025,0,24,0,8,8,3,100,0,0
1773754461.701566,196.070,0.022,0,24,0,8,8,3,100,0,0
1773754463.701916,196.070,0.026,0,24,0,8,8,3,100,0,0
1773754465.701439,196.070,0.018,0,24,0,8,8,3,100,0,0
1773754467.700990,196.070,0.020,0,24,0,8,8,3,100,0,0
1773754469.698883,196.070,0.018,0,24,0,8,8,3,100,0,0
1773754471.700517,196.070,0.042,0,24,0,8,8,3,100,0,0
1773754473.700658,196.070,0.041,0,24,0,8,8,3,100,0,0
1773754475.701498,196.070,0.027,0,24,0,8,8,3,100,0,0
1773754477.702290,196.070,0.041,0,24,0,8,8,3,100,0,0
1773754479.699315,196.070,0.022,0,24,0,8,8,3,100,0,0
1773754481.699316,196.070,0.054,0,24,0,8,8,3,100,0,0
1773754483.701536,196.070,0.022,0,24,0,8,8,3,100,0,0
1773754485.701774,196.070,0.016,0,24,0,8,8,3,100,0,0
1773754487.698585,196.070,0.023,0,24,0,8,8,3,100,0,0
1773754489.701837,196.070,0.056,0,24,0,8,8,3,100,0,0
1773754491.700441,196.070,0.022,0,24,0,8,8,3,100,0,0
1773754493.701102,196.070,0.032,0,24,0,8,8,3,100,0,0
1773754495.701842,196.070,0.021,0,24,0,8,8,3,100,0,0
1773754497.700977,196.070,0.019,0,24,0,8,8,3,100,0,0
1773754499.701586,196.070,0.020,0,24,0,8,8,3,100,0,0
1773754501.702518,196.070,0.028,0,24,0,8,8,3,100,0,0
1773754503.701383,196.070,0.028,0,24,0,8,8,3,100,0,0
1773754505.701060,196.070,0.028,0,24,0,8,8,3,100,0,0
1773754507.701102,196.070,0.021,0,24,0,8,8,3,100,0,0
1773754509.701434,196.070,0.020,0,24,0,8,8,3,100,0,0
1773754511.701483,196.070,0.028,0,24,0,8,8,3,100,0,0
1773754513.700936,196.070,0.029,0,24,0,8,8,3,100,0,0
1773754515.700503,196.070,0.042,0,24,0,8,8,3,100,0,0
1773754517.701548,196.070,0.019,0,24,0,8,8,3,100,0,0
1773754519.701627,196.070,0.017,0,24,0,8,8,3,100,0,0
1773754521.700777,196.070,0.019,0,24,0,8,8,3,100,0,0
1773754523.700378,196.070,0.021,0,24,0,8,8,3,100,0,0
1773754525.701622,196.070,0.019,0,24,0,8,8,3,100,0,0
1773754527.701254,196.070,0.023,0,24,0,8,8,3,100,0,0
1773754529.700986,196.070,0.021,0,24,0,8,8,3,100,0,0
1773754531.701148,196.070,0.022,0,24,0,8,8,3,100,0,0
1773754533.699295,196.070,0.024,0,24,0,8,8,3,100,0,0
1773754535.701335,196.070,0.021,0,24,0,8,8,3,100,0,0
1773754537.701009,196.070,0.017,0,24,0,8,8,3,100,0,0
1773754539.701214,196.070,0.021,0,24,0,8,8,3,100,0,0
1773754541.701111,196.070,0.035,0,24,0,8,8,3,100,0,0
1773754543.701972,196.070,0.019,0,24,0,8,8,3,100,0,0
1773754545.701031,196.070,0.018,0,24,0,8,8,3,100,0,0
1773754547.698553,196.070,0.019,0,24,0,8,8,3,100,0,0
1773754549.702308,196.070,0.025,0,24,0,8,8,3,100,0,0
1773754551.701118,196.070,0.020,0,24,0,8,8,3,100,0,0
1773754553.701231,196.070,0.020,0,24,0,8,8,3,100,0,0
1773754555.701000,196.070,0.022,0,24,0,8,8,3,100,0,0
1773754557.701703,196.070,0.018,0,24,0,8,8,3,100,0,0
1773754559.702811,196.070,0.028,0,24,0,8,8,3,100,0,0
1773754561.701350,196.070,0.020,0,24,0,8,8,3,100,0,0
1773754563.699489,196.070,0.020,0,24,0,8,8,3,100,0,0
1773754565.699281,196.070,0.020,0,24,0,8,8,3,100,0,0
1773754567.699989,196.070,0.028,0,24,0,8,8,3,100,0,0
1773754569.701230,196.070,0.022,0,24,0,8,8,3,100,0,0
1773754571.700980,196.070,0.022,0,24,0,8,8,3,100,0,0
1773754573.700897,196.070,0.020,0,24,0,8,8,3,100,0,0
1773754575.701578,196.070,0.022,0,24,0,8,8,3,100,0,0
1773754577.701438,196.070,0.028,0,24,0,8,8,3,100,0,0
1773754579.701237,196.070,0.022,0,24,0,8,8,3,100,0,0
1773754581.700170,196.070,0.024,0,24,0,8,8,3,100,0,0
1773754583.700658,196.070,0.026,0,24,0,8,8,3,100,0,0
1773754585.700941,196.070,0.023,0,24,0,8,8,3,100,0,0
1773754587.701500,196.070,0.022,0,24,0,8,8,3,100,0,0
1773754589.700354,196.070,0.015,0,24,0,8,8,3,100,0,0
1773754591.701099,196.070,0.022,0,24,0,8,8,3,100,0,0
1773754593.698599,196.070,0.023,0,24,0,8,8,3,100,0,0
1773754595.698771,196.070,0.021,0,24,0,8,8,3,100,0,0
1773754597.700839,196.070,0.022,0,24,0,8,8,3,100,0,0
1773754599.701040,196.070,0.023,0,24,0,8,8,3,100,0,0
1773754601.701007,196.070,0.021,0,24,0,8,8,3,100,0,0
1773754603.701425,196.070,0.033,0,24,0,8,8,3,100,0,0
1773754605.701199,196.070,0.034,0,24,0,8,8,3,100,0,0
1773754607.700775,196.070,0.021,0,24,0,8,8,3,100,0,0
1773754609.700698,196.070,0.021,0,24,0,8,8,3,100,0,0
1773754611.700839,196.070,0.019,0,24,0,8,8,3,100,0,0
1773754613.698317,196.070,0.017,0,24,0,8,8,3,100,0,0
1773754615.702039,196.070,0.018,0,24,0,8,8,3,100,0,0
1773754617.701235,196.070,0.021,0,24,0,8,8,3,100,0,0
1773754619.701073,196.070,0.028,0,24,0,8,8,3,100,0,0
1773754621.701472,196.070,0.020,0,24,0,8,8,3,100,0,0
1773754623.701100,196.070,0.017,0,24,0,8,8,3,100,0,0
1773754625.700882,196.070,0.020,0,24,0,8,8,3,100,0,0
1773754627.700845,196.070,0.019,0,24,0,8,8,3,100,0,0
1773754629.700125,196.070,0.017,0,24,0,8,8,3,100,0,0
1773754631.701849,196.070,0.024,0,24,0,8,8,3,100,0,0
1773754633.701063,196.070,0.024,0,24,0,8,8,3,100,0,0
1773754635.698650,196.070,0.019,0,24,0,8,8,3,100,0,0
1773754637.701209,196.070,0.024,0,24,0,8,8,3,100,0,0
1773754639.700156,196.070,0.018,0,24,0,8,8,3,100,0,0
1773754641.701123,196.070,0.021,0,24,0,8,8,3,100,0,0
1773754643.700918,196.070,0.017,0,24,0,8,8,3,100,0,0
1773754645.701385,196.070,0.019,0,24,0,8,8,3,100,0,0
1773754647.704227,196.070,0.017,0,24,0,8,8,3,100,0,0
1773754649.701670,196.070,0.018,0,24,0,8,8,3,100,0,0
1773754651.701484,196.070,0.020,0,24,0,8,8,3,100,0,0
1773754653.701505,196.070,0.020,0,24,0,8,8,3,100,0,0
1773754655.701794,196.070,0.021,0,24,0,8,8,3,100,0,0
1773754657.701416,196.070,0.019,0,24,0,8,8,3,100,0,0
1773754659.701227,196.070,0.024,0,24,0,8,8,3,100,0,0
1773754661.701122,196.070,0.021,0,24,0,8,8,3,100,0,0
1773754663.701260,196.070,0.021,0,24,0,8,8,3,100,0,0
1773754665.701968,196.070,0.019,0,24,0,8,8,3,100,0,0
1773754667.701484,196.070,0.042,0,24,0,8,8,3,100,0,0
1773754669.701831,196.070,0.018,0,24,0,8,8,3,100,0,0
1773754671.701258,196.070,0.030,0,24,0,8,8,3,100,0,0
1773754673.700392,196.070,0.021,0,24,0,8,8,3,100,0,0
1773754675.700130,196.070,0.018,0,24,0,8,8,3,100,0,0
1773754677.700747,196.070,0.019,0,24,0,8,8,3,100,0,0
1773754679.701576,196.070,0.016,0,24,0,8,8,3,100,0,0
1773754681.700840,196.070,0.018,0,24,0,8,8,3,100,0,0
1773754683.699449,196.070,0.022,0,24,0,8,8,3,100,0,0
1773754685.701670,196.070,0.017,0,24,0,8,8,3,100,0,0
1773754687.701392,196.070,0.019,0,24,0,8,8,3,100,0,0
1773754689.700938,196.070,0.020,0,24,0,8,8,3,100,0,0
1773754691.701341,196.070,0.028,0,24,0,8,8,3,100,0,0
1773754693.699837,196.070,0.019,0,24,0,8,8,3,100,0,0
1773754695.701912,196.070,0.018,0,24,0,8,8,3,100,0,0
1773754697.700061,196.090,0.017,0,24,0,8,8,3,100,0,0
1773754699.698983,196.094,0.017,0,24,0,8,8,3,100,0,0
1773754701.701449,196.152,0.021,0,24,0,8,8,3,100,0,0
1773754703.702961,196.195,0.026,0,24,0,8,8,3,100,0,0
1773754705.700709,196.301,0.018,0,24,0,8,8,3,100,0,0
1773754707.701091,196.410,0.020,0,24,0,8,8,3,100,0,0
1773754709.701536,196.508,0.021,0,24,0,8,8,3,100,0,0
1773754711.701104,196.617,0.019,0,24,0,8,8,3,100,0,0
1773754713.698925,196.715,0.020,0,24,0,8,8,3,100,0,0
1773754715.701848,196.184,0.021,0,24,0,8,8,3,100,0,0
1773754717.701671,196.188,0.020,0,24,0,8,8,3,100,0,0
1773754719.701972,196.188,0.019,0,24,0,8,8,3,100,0,0
1773754721.701638,196.188,0.017,0,24,0,8,8,3,100,0,0
1773754723.701543,196.188,0.020,0,24,0,8,8,3,100,0,0
1773754725.700014,196.117,0.020,0,24,0,8,8,3,100,0,0
1773754727.708641,196.117,0.023,0,24,0,8,8,3,100,0,0
1773754729.700855,196.117,0.030,0,24,0,8,8,3,100,0,0
1773754731.701648,196.117,0.017,0,24,0,8,8,3,100,0,0
1773754733.701541,196.117,0.018,0,24,0,8,8,3,100,0,0
1773754735.701918,196.117,0.016,0,24,0,8,8,3,100,0,0
1773754737.701583,196.117,0.022,0,24,0,8,8,3,100,0,0
1773754739.702015,196.117,0.019,0,24,0,8,8,3,100,0,0
1773754741.701538,196.117,0.019,0,24,0,8,8,3,100,0,0
1773754743.701877,196.117,0.015,0,24,0,8,8,3,100,0,0
1773754745.702056,196.121,0.017,0,24,0,8,8,3,100,0,0
1773754747.699739,196.121,0.018,0,24,0,8,8,3,100,0,0
1773754749.699104,196.121,0.019,0,24,0,8,8,3,100,0,0
1773755595.478717,150.250,0.000,0,24,0,8,8,3,100,0,0
1773755597.467435,150.176,0.000,0,24,0,8,8,3,100,0,0
1773755599.469907,150.176,0.000,0,24,0,8,8,3,100,0,0
1773755601.466201,150.176,0.000,0,24,0,8,8,3,100,0,0
1773755603.469167,150.176,0.000,0,24,0,8,8,3,100,0,0
1773755605.468085,150.176,0.000,0,24,0,8,8,3,100,0,0
1773755607.468850,150.180,0.000,0,24,0,8,8,3,100,0,0
1773755609.468739,150.180,0.000,0,24,0,8,8,3,100,0,0
1773755611.467402,150.184,0.000,0,24,0,8,8,3,100,0,0
1773755613.469340,150.184,0.000,0,24,0,8,8,3,100,0,0
1773755615.465901,150.188,0.000,0,24,0,8,8,3,100,0,0
1773755617.467114,150.188,0.000,0,24,0,8,8,3,100,0,0
1773755619.465414,150.188,0.000,0,24,0,8,8,3,100,0,0
1773755621.464995,149.934,0.000,0,24,0,8,8,3,100,0,0
1773755623.468441,149.938,0.000,0,24,0,8,8,3,100,0,0
1773755625.468760,149.938,0.000,0,24,0,8,8,3,100,0,0
1773755627.468951,150.070,0.000,0,24,0,8,8,3,100,0,0
1773755629.466158,178.668,0.000,0,24,0,8,8,3,100,0,0
1773755631.465043,188.363,0.022,0,24,0,4,4,3,300,0,1
1773755633.465993,188.371,0.014,0,24,0,8,8,3,100,0,0
1773755635.468728,188.480,0.014,0,24,0,8,8,3,100,0,0
1773755637.468071,188.641,0.027,0,24,0,8,8,3,100,0,0
1773755639.465942,188.660,0.016,0,24,0,8,8,3,100,0,0
1773755641.465554,188.668,0.018,0,24,0,8,8,3,100,0,0
1773755643.468341,188.684,0.015,0,24,0,8,8,3,100,0,0
1773755645.468449,188.695,0.015,0,24,0,8,8,3,100,0,0
1773755647.466436,188.730,0.026,0,24,0,8,8,3,100,0,0
1773755649.467932,188.781,0.015,0,24,0,8,8,3,100,0,0
1773755651.465568,188.742,0.015,0,24,0,8,8,3,100,0,0
1773755653.468749,188.750,0.049,0,24,0,8,8,3,100,0,0
1773755655.464715,188.750,0.017,0,24,0,8,8,3,100,0,0
1773755657.466079,188.750,0.015,0,24,0,8,8,3,100,0,0
1773755659.464462,188.754,0.014,0,24,0,8,8,3,100,0,0
1773755661.467141,188.746,0.020,0,24,0,8,8,3,100,0,0
1773755663.464665,188.746,0.017,0,24,0,8,8,3,100,0,0
1773755665.468580,188.754,0.019,0,24,0,8,8,3,100,0,0
1773755667.464396,188.754,0.017,0,24,0,8,8,3,100,0,0
1773755669.468680,188.754,0.016,0,24,0,8,8,3,100,0,0
1773755671.465570,188.777,0.020,0,24,0,8,8,3,100,0,0
1773755673.466876,188.820,0.016,0,24,0,8,8,3,100,0,0
1773755675.465757,188.855,0.014,0,24,0,8,8,3,100,0,0
1773755677.465127,188.855,0.016,0,24,0,8,8,3,100,0,0
1773755679.466016,188.855,0.014,0,24,0,8,8,3,100,0,0
1773755681.466013,188.824,0.017,0,24,0,8,8,3,100,0,0
1773755683.468816,188.844,0.015,0,24,0,8,8,3,100,0,0
1773755685.467297,188.840,0.015,0,24,0,8,8,3,100,0,0
1773755687.465488,188.840,0.016,0,24,0,8,8,3,100,0,0
1773755689.465202,188.840,0.017,0,24,0,8,8,3,100,0,0
1773755691.468217,188.852,0.015,0,24,0,8,8,3,100,0,0
1773755693.466219,188.852,0.015,0,24,0,8,8,3,100,0,0
1773755695.469066,188.852,0.013,0,24,0,8,8,3,100,0,0
1773755697.467163,188.852,0.017,0,24,0,8,8,3,100,0,0
1773755699.464963,188.859,0.016,0,24,0,8,8,3,100,0,0
1773755701.466315,188.863,0.017,0,24,0,8,8,3,100,0,0
1773755703.467965,188.863,0.017,0,24,0,8,8,3,100,0,0
1773755705.464545,188.863,0.016,0,24,0,8,8,3,100,0,0
1773755707.466469,188.867,0.021,0,24,0,8,8,3,100,0,0
1773755709.466199,188.867,0.014,0,24,0,8,8,3,100,0,0
1773755711.468115,188.871,0.013,0,24,0,8,8,3,100,0,0
1773755713.465823,188.875,0.015,0,24,0,8,8,3,100,0,0
1773755715.464583,188.875,0.017,0,24,0,8,8,3,100,0,0
1773755717.464584,188.871,0.014,0,24,0,8,8,3,100,0,0
1773755719.469194,188.871,0.017,0,24,0,8,8,3,100,0,0
1773755721.467911,188.871,0.016,0,24,0,8,8,3,100,0,0
1773755723.465193,188.875,0.016,0,24,0,8,8,3,100,0,0
1773755725.469053,188.875,0.018,0,24,0,8,8,3,100,0,0
1773755727.467819,188.875,0.018,0,24,0,8,8,3,100,0,0
1773755729.465546,188.883,0.021,0,24,0,8,8,3,100,0,0
1773755731.464882,188.891,0.015,0,24,0,8,8,3,100,0,0
1773755733.468905,188.891,0.012,0,24,0,8,8,3,100,0,0
1773755735.464929,188.891,0.013,0,24,0,8,8,3,100,0,0
1773755737.467571,188.891,0.021,0,24,0,8,8,3,100,0,0
1773755739.466923,188.891,0.014,0,24,0,8,8,3,100,0,0
1773755741.465515,188.910,0.013,0,24,0,8,8,3,100,0,0
1773755743.468579,188.914,0.013,0,24,0,8,8,3,100,0,0
1773755745.468764,188.914,0.012,0,24,0,8,8,3,100,0,0
1773755747.468582,188.914,0.013,0,24,0,8,8,3,100,0,0
1773755749.468533,188.914,0.012,0,24,0,8,8,3,100,0,0
1773755751.465598,188.914,0.011,0,24,0,8,8,3,100,0,0
1773755753.468040,188.914,0.011,0,24,0,8,8,3,100,0,0
1773755755.468704,188.918,0.013,0,24,0,8,8,3,100,0,0
1773755757.467075,188.918,0.014,0,24,0,8,8,3,100,0,0
1773755759.465079,188.918,0.013,0,24,0,8,8,3,100,0,0
1773755761.465412,188.918,0.014,0,24,0,8,8,3,100,0,0
1773755763.467662,188.918,0.016,0,24,0,8,8,3,100,0,0
1773755765.464793,193.465,0.014,0,24,0,8,8,3,100,0,0
1773755767.684782,193.480,0.012,0,24,0,8,8,3,100,0,0
1773755769.468329,194.066,0.013,0,24,0,8,8,3,100,0,0
1773755771.466757,194.262,0.012,0,24,0,8,8,3,100,0,0
1773755773.466146,195.051,0.013,0,24,0,8,8,3,100,0,0
1773755775.979021,195.754,0.014,0,24,0,8,8,3,100,0,0
1773755777.465382,193.711,0.014,0,24,0,8,8,3,100,0,0
1773755779.467456,193.711,0.014,0,24,0,8,8,3,100,0,0
1773755781.468117,193.711,0.014,0,24,0,8,8,3,100,0,0
1773755783.464402,193.711,0.014,0,24,0,8,8,3,100,0,0
1773755785.467569,193.996,0.015,0,24,0,8,8,3,100,0,0
1773755787.464499,194.004,0.014,0,24,0,8,8,3,100,0,0
1773755789.465295,193.879,0.016,0,24,0,8,8,3,100,0,0
1773755791.465392,193.887,0.015,0,24,0,8,8,3,100,0,0
1773755793.467021,193.887,0.015,0,24,0,8,8,3,100,0,0
1773755795.468004,193.887,0.016,0,24,0,8,8,3,100,0,0
1773755797.465093,193.887,0.015,0,24,0,8,8,3,100,0,0
1773755799.464773,193.887,0.014,0,24,0,8,8,3,100,0,0
1773755801.465025,193.887,0.017,0,24,0,8,8,3,100,0,0
1773755803.468130,193.887,0.014,0,24,0,8,8,3,100,0,0
1773755805.465737,193.887,0.016,0,24,0,8,8,3,100,0,0
1773755807.465327,193.887,0.019,0,24,0,8,8,3,100,0,0
1773755809.465200,193.922,0.019,0,24,0,8,8,3,100,0,0
1773755811.464423,193.922,0.023,0,24,0,8,8,3,100,0,0
1773755813.466231,193.922,0.016,0,24,0,8,8,3,100,0,0
1773755815.464799,193.926,0.021,0,24,0,8,8,3,100,0,0
1773755817.466701,193.938,0.015,0,24,0,8,8,3,100,0,0
1773755819.467583,193.949,0.016,0,24,0,8,8,3,100,0,0
1773755821.465399,193.949,0.018,0,24,0,8,8,3,100,0,0
1773755823.465028,193.949,0.019,0,24,0,8,8,3,100,0,0
1773755825.465274,193.949,0.017,0,24,0,8,8,3,100,0,0
1773755827.466931,193.949,0.026,0,24,0,8,8,3,100,0,0
1773755829.464759,194.082,0.019,0,24,0,8,8,3,100,0,0
1773755831.465978,193.938,0.019,0,24,0,8,8,3,100,0,0
1773755833.467800,194.035,0.018,0,24,0,8,8,3,100,0,0
1773755835.468392,194.047,0.021,0,24,0,8,8,3,100,0,0
1773755837.470672,194.047,0.015,0,24,0,8,8,3,100,0,0
1773755839.466152,194.047,0.018,0,24,0,8,8,3,100,0,0
1773755841.465513,194.047,0.022,0,24,0,8,8,3,100,0,0
1773755843.468280,194.047,0.019,0,24,0,8,8,3,100,0,0
1773755845.466843,193.949,0.020,0,24,0,8,8,3,100,0,0
1773758406.295765,149.430,0.000,0,24,0,8,8,3,100,0,0
1773758408.278645,149.430,0.000,0,24,0,8,8,3,100,0,0
1773758410.278674,149.430,0.000,0,24,0,8,8,3,100,0,0
1773758412.278555,149.430,0.000,0,24,0,8,8,3,100,0,0
1773758414.279030,149.430,0.000,0,24,0,8,8,3,100,0,0
1773758416.279307,149.430,0.000,0,24,0,8,8,3,100,0,0
1773758418.278398,149.430,0.000,0,24,0,8,8,3,100,0,0
1773758420.279429,149.430,0.000,0,24,0,8,8,3,100,0,0
1773758422.278522,149.434,0.000,0,24,0,8,8,3,100,0,0
1773758424.278723,149.434,0.000,0,24,0,8,8,3,100,0,0
1773758426.279729,149.434,0.000,0,24,0,8,8,3,100,0,0
1773758428.280167,149.434,0.000,0,24,0,8,8,3,100,0,0
1773758430.280081,149.438,0.000,0,24,0,8,8,3,100,0,0
1773758432.279574,149.184,0.000,0,24,0,8,8,3,100,0,0
1773758434.278595,149.188,0.000,0,24,0,8,8,3,100,0,0
1773758436.278046,149.188,0.000,0,24,0,8,8,3,100,0,0
1773758438.278823,149.188,0.000,0,24,0,8,8,3,100,0,0
1773758440.278370,149.188,0.000,0,24,0,8,8,3,100,0,0
1773758442.279493,149.191,0.000,0,24,0,8,8,3,100,0,0
1773758444.278547,149.191,0.000,0,24,0,8,8,3,100,0,0
1773758446.278363,149.191,0.000,0,24,0,8,8,3,100,0,0
1773758448.284999,149.191,0.000,0,24,0,8,8,3,100,0,0
1773758450.278660,149.191,0.000,0,24,0,8,8,3,100,0,0
1773758452.278295,149.191,0.000,0,24,0,8,8,3,100,0,0
1773758454.278653,149.191,0.000,0,24,0,8,8,3,100,0,0
1773758456.281174,149.191,0.000,0,24,0,8,8,3,100,0,0
1773758458.278625,149.191,0.000,0,24,0,8,8,3,100,0,0
1773758460.278860,149.191,0.000,0,24,0,8,8,3,100,0,0
1773758462.278364,149.137,0.000,0,24,0,8,8,3,100,0,0
1773758464.278282,149.137,0.000,0,24,0,8,8,3,100,0,0
1773758466.278826,149.137,0.000,0,24,0,8,8,3,100,0,0
1773758468.278673,149.137,0.000,0,24,0,8,8,3,100,0,0
1773758470.279341,149.137,0.000,0,24,0,8,8,3,100,0,0
1773758472.279572,149.137,0.000,0,24,0,8,8,3,100,0,0
1773758474.278480,149.137,0.000,0,24,0,8,8,3,100,0,0
1773760477.526947,149.566,0.000,0,24,0,8,8,3,100,0,0
1773760479.512870,149.480,0.000,0,24,0,8,8,3,100,0,0
1773760481.513371,149.480,0.000,0,24,0,8,8,3,100,0,0
1773760483.512764,149.480,0.000,0,24,0,8,8,3,100,0,0
1773760485.512845,149.480,0.000,0,24,0,8,8,3,100,0,0
1773760487.514077,149.480,0.000,0,24,0,8,8,3,100,0,0
1773760489.514188,149.480,0.000,0,24,0,8,8,3,100,0,0
1773760491.512754,149.480,0.000,0,24,0,8,8,3,100,0,0
1773760493.514409,149.484,0.000,0,24,0,8,8,3,100,0,0
1773760495.516965,149.484,0.000,0,24,0,8,8,3,100,0,0
1773760497.512398,149.484,0.000,0,24,0,8,8,3,100,0,0
1773760499.513023,149.484,0.000,0,24,0,8,8,3,100,0,0
1773760501.517604,149.484,0.000,0,24,0,8,8,3,100,0,0
1773760503.517095,149.227,0.000,0,24,0,8,8,3,100,0,0
1773760505.512885,149.230,0.000,0,24,0,8,8,3,100,0,0
1773760507.514709,149.230,0.000,0,24,0,8,8,3,100,0,0
1773760509.513661,149.230,0.000,0,24,0,8,8,3,100,0,0
1773760511.516126,149.230,0.000,0,24,0,8,8,3,100,0,0
1773760513.512812,149.234,0.000,0,24,0,8,8,3,100,0,0
1773760515.514033,149.234,0.000,0,24,0,8,8,3,100,0,0
1773760517.512899,149.238,0.000,0,24,0,8,8,3,100,0,0
1773760519.513335,149.238,0.000,0,24,0,8,8,3,100,0,0
1773760521.514810,149.238,0.000,0,24,0,8,8,3,100,0,0
1773760523.513343,149.238,0.000,0,24,0,8,8,3,100,0,0
1773760525.513279,149.238,0.000,0,24,0,8,8,3,100,0,0
1773760527.512858,149.238,0.000,0,24,0,8,8,3,100,0,0
1773760529.514906,149.238,0.000,0,24,0,8,8,3,100,0,0
1773760531.513487,149.180,0.000,0,24,0,8,8,3,100,0,0
1773760533.515085,149.184,0.000,0,24,0,8,8,3,100,0,0
1773760535.513034,149.184,0.000,0,24,0,8,8,3,100,0,0
1773760537.514609,149.184,0.000,0,24,0,8,8,3,100,0,0
1773760539.513770,149.184,0.000,0,24,0,8,8,3,100,0,0
1773760541.513307,149.184,0.000,0,24,0,8,8,3,100,0,0
1773760543.512625,149.184,0.000,0,24,0,8,8,3,100,0,0
1773760545.512758,149.184,0.000,0,24,0,8,8,3,100,0,0
1773760547.514591,149.184,0.000,0,24,0,8,8,3,100,0,0
1773760549.515048,149.184,0.000,0,24,0,8,8,3,100,0,0
1773760551.515337,149.184,0.000,0,24,0,8,8,3,100,0,0
1773760553.514937,149.188,0.000,0,24,0,8,8,3,100,0,0
1773760555.516509,149.191,0.000,0,24,0,8,8,3,100,0,0
1773760557.513765,149.191,0.000,0,24,0,8,8,3,100,0,0
1773760559.517676,149.191,0.000,0,24,0,8,8,3,100,0,0
1773760561.512862,149.191,0.000,0,24,0,8,8,3,100,0,0
1773760563.513494,149.191,0.000,0,24,0,8,8,3,100,0,0
1773760565.514743,149.191,0.000,0,24,0,8,8,3,100,0,0
1773760792.713622,149.465,0.000,0,24,0,8,8,3,100,0,0
1773760794.705465,149.465,0.000,0,24,0,8,8,3,100,0,0
1773760796.705479,149.465,0.000,0,24,0,8,8,3,100,0,0
1773760798.700455,149.465,0.000,0,24,0,8,8,3,100,0,0
1773760800.703107,149.465,0.000,0,24,0,8,8,3,100,0,0
1773760802.706226,149.465,0.000,0,24,0,8,8,3,100,0,0
1773760804.702617,149.465,0.000,0,24,0,8,8,3,100,0,0
1773760806.701662,149.465,0.000,0,24,0,8,8,3,100,0,0
1773760808.702496,149.469,0.000,0,24,0,8,8,3,100,0,0
1773760810.704077,149.469,0.000,0,24,0,8,8,3,100,0,0
1773760812.705405,149.473,0.000,0,24,0,8,8,3,100,0,0
1773760814.705761,149.473,0.000,0,24,0,8,8,3,100,0,0
1773760816.704490,149.473,0.000,0,24,0,8,8,3,100,0,0
1773760818.700891,149.219,0.000,0,24,0,8,8,3,100,0,0
1773760820.705083,149.223,0.000,0,24,0,8,8,3,100,0,0
1773760822.704138,149.223,0.000,0,24,0,8,8,3,100,0,0
1773760824.703540,149.223,0.000,0,24,0,8,8,3,100,0,0
1773760826.707121,149.223,0.000,0,24,0,8,8,3,100,0,0
1773760828.704200,149.227,0.000,0,24,0,8,8,3,100,0,0
1773760830.704396,149.227,0.000,0,24,0,8,8,3,100,0,0
1773760832.704558,149.230,0.000,0,24,0,8,8,3,100,0,0
1773760834.703532,149.230,0.000,0,24,0,8,8,3,100,0,0
1773760836.699758,149.230,0.000,0,24,0,8,8,3,100,0,0
1773760838.704221,149.230,0.000,0,24,0,8,8,3,100,0,0
1773760840.702051,149.230,0.000,0,24,0,8,8,3,100,0,0
1773760842.704455,149.230,0.000,0,24,0,8,8,3,100,0,0
1773760844.699510,149.230,0.000,0,24,0,8,8,3,100,0,0
1773760846.699514,149.230,0.000,0,24,0,8,8,3,100,0,0
1773760848.705948,149.195,0.000,0,24,0,8,8,3,100,0,0
1773760850.704059,149.195,0.000,0,24,0,8,8,3,100,0,0
1773760852.704753,149.195,0.000,0,24,0,8,8,3,100,0,0
1773760854.702116,149.195,0.000,0,24,0,8,8,3,100,0,0
1773760856.704207,149.195,0.000,0,24,0,8,8,3,100,0,0
1773760858.700987,149.195,0.000,0,24,0,8,8,3,100,0,0
1773760860.703175,149.195,0.000,0,24,0,8,8,3,100,0,0
1773760862.703756,149.195,0.000,0,24,0,8,8,3,100,0,0
1773760864.699924,149.195,0.000,0,24,0,8,8,3,100,0,0
1773760866.700004,149.195,0.000,0,24,0,8,8,3,100,0,0
1773760868.706476,149.199,0.000,0,24,0,8,8,3,100,0,0
1773760870.702624,149.199,0.000,0,24,0,8,8,3,100,0,0
1773760872.705177,149.199,0.000,0,24,0,8,8,3,100,0,0
1773760874.705408,149.199,0.000,0,24,0,8,8,3,100,0,0
1773760876.704849,149.199,0.000,0,24,0,8,8,3,100,0,0
1773760878.705451,149.184,0.000,0,24,0,8,8,3,100,0,0
1773760880.701086,149.184,0.000,0,24,0,8,8,3,100,0,0
1773760882.706112,149.184,0.000,0,24,0,8,8,3,100,0,0
1773760884.702432,149.188,0.000,0,24,0,8,8,3,100,0,0
1773760886.705474,149.188,0.000,0,24,0,8,8,3,100,0,0
1773760888.703115,149.191,0.000,0,24,0,8,8,3,100,0,0
1773760890.703970,149.191,0.000,0,24,0,8,8,3,100,0,0
1773760892.700763,149.191,0.000,0,24,0,8,8,3,100,0,0
1773760894.705355,149.191,0.000,0,24,0,8,8,3,100,0,0
1773760896.708017,149.191,0.000,0,24,0,8,8,3,100,0,0
1773760898.700217,149.191,0.000,0,24,0,8,8,3,100,0,0
1773760900.704817,149.191,0.000,0,24,0,8,8,3,100,0,0
1773760902.706241,149.191,0.000,0,24,0,8,8,3,100,0,0
1773760904.704920,149.191,0.000,0,24,0,8,8,3,100,0,0
1773760906.703001,149.191,0.000,0,24,0,8,8,3,100,0,0
1773760908.702792,149.195,0.000,0,24,0,8,8,3,100,0,0
1773760910.706592,149.195,0.000,0,24,0,8,8,3,100,0,0
1773760912.705283,149.207,0.000,0,24,0,8,8,3,100,0,0
1773760914.706517,149.207,0.000,0,24,0,8,8,3,100,0,0
1773760916.703063,149.207,0.000,0,24,0,8,8,3,100,0,0
1773760918.701274,149.207,0.000,0,24,0,8,8,3,100,0,0
1773760920.704908,149.207,0.000,0,24,0,8,8,3,100,0,0
1773760922.705392,149.207,0.000,0,24,0,8,8,3,100,0,0
1773760924.705683,149.207,0.000,0,24,0,8,8,3,100,0,0
1773760926.701468,149.207,0.000,0,24,0,8,8,3,100,0,0
1773760928.704843,149.211,0.000,0,24,0,8,8,3,100,0,0
1773760930.705654,149.211,0.000,0,24,0,8,8,3,100,0,0
1773760932.702265,149.211,0.000,0,24,0,8,8,3,100,0,0
1773760934.705438,149.211,0.000,0,24,0,8,8,3,100,0,0
1773760936.706238,149.211,0.000,0,24,0,8,8,3,100,0,0
1773760938.703181,149.211,0.000,0,24,0,8,8,3,100,0,0
1773760940.701838,149.211,0.000,0,24,0,8,8,3,100,0,0
1773760942.706663,149.215,0.000,0,24,0,8,8,3,100,0,0
1773760944.702149,149.215,0.000,0,24,0,8,8,3,100,0,0
1773760946.705896,149.215,0.000,0,24,0,8,8,3,100,0,0
1773760948.705233,149.223,0.000,0,24,0,8,8,3,100,0,0
1773760950.699593,149.223,0.000,0,24,0,8,8,3,100,0,0
1773760952.705911,149.223,0.000,0,24,0,8,8,3,100,0,0
1773760954.700189,149.223,0.000,0,24,0,8,8,3,100,0,0
1773760956.699946,149.223,0.000,0,24,0,8,8,3,100,0,0
1773760958.705445,149.223,0.000,0,24,0,8,8,3,100,0,0
1773760960.702610,149.227,0.000,0,24,0,8,8,3,100,0,0
1773760962.702398,149.227,0.000,0,24,0,8,8,3,100,0,0
1773760964.699973,149.227,0.000,0,24,0,8,8,3,100,0,0
1773760966.705736,149.227,0.000,0,24,0,8,8,3,100,0,0
1773760968.705070,149.219,0.000,0,24,0,8,8,3,100,0,0
1773760970.705267,149.219,0.000,0,24,0,8,8,3,100,0,0
1773760972.702657,149.219,0.000,0,24,0,8,8,3,100,0,0
1773760974.704831,149.219,0.000,0,24,0,8,8,3,100,0,0
1773760976.705031,149.219,0.000,0,24,0,8,8,3,100,0,0
1773760978.705039,149.219,0.000,0,24,0,8,8,3,100,0,0
1773760980.705625,149.219,0.000,0,24,0,8,8,3,100,0,0
1773760982.705545,149.219,0.000,0,24,0,8,8,3,100,0,0
1773760984.705071,149.219,0.000,0,24,0,8,8,3,100,0,0
1773760986.704949,149.219,0.000,0,24,0,8,8,3,100,0,0
1773760988.702805,149.223,0.000,0,24,0,8,8,3,100,0,0
1773760990.705464,149.223,0.000,0,24,0,8,8,3,100,0,0
1773760992.704912,149.223,0.000,0,24,0,8,8,3,100,0,0
1773760994.700652,149.223,0.000,0,24,0,8,8,3,100,0,0
1773760996.706468,149.223,0.000,0,24,0,8,8,3,100,0,0
1773760998.704954,149.223,0.000,0,24,0,8,8,3,100,0,0
1773761000.705672,149.223,0.000,0,24,0,8,8,3,100,0,0
1773761002.706383,149.223,0.000,0,24,0,8,8,3,100,0,0
1773761004.701883,149.223,0.000,0,24,0,8,8,3,100,0,0
1773761006.701720,149.223,0.000,0,24,0,8,8,3,100,0,0
1773761008.706503,149.227,0.000,0,24,0,8,8,3,100,0,0
1773761010.702805,149.230,0.000,0,24,0,8,8,3,100,0,0
1773761012.706134,149.230,0.000,0,24,0,8,8,3,100,0,0
1773761014.706312,149.230,0.000,0,24,0,8,8,3,100,0,0
1773761016.705001,149.230,0.000,0,24,0,8,8,3,100,0,0
1773761018.701379,149.230,0.000,0,24,0,8,8,3,100,0,0
1773761020.705555,149.230,0.000,0,24,0,8,8,3,100,0,0
1773761022.703834,149.230,0.000,0,24,0,8,8,3,100,0,0
1773761024.702023,149.230,0.000,0,24,0,8,8,3,100,0,0
1773761026.705051,149.230,0.000,0,24,0,8,8,3,100,0,0
1773761028.704927,149.234,0.000,0,24,0,8,8,3,100,0,0
1773761030.706971,149.234,0.000,0,24,0,8,8,3,100,0,0
1773761032.705609,149.234,0.000,0,24,0,8,8,3,100,0,0
1773761034.705011,149.234,0.000,0,24,0,8,8,3,100,0,0
1773761036.701385,149.234,0.000,0,24,0,8,8,3,100,0,0
1773761038.700641,149.234,0.000,0,24,0,8,8,3,100,0,0
1773761040.705269,149.234,0.000,0,24,0,8,8,3,100,0,0
1773761042.705192,149.234,0.000,0,24,0,8,8,3,100,0,0
1773761044.705011,149.234,0.000,0,24,0,8,8,3,100,0,0
1773761046.705193,149.234,0.000,0,24,0,8,8,3,100,0,0
1773761048.705434,149.238,0.000,0,24,0,8,8,3,100,0,0
1773761050.704335,149.238,0.000,0,24,0,8,8,3,100,0,0
1773761052.705992,149.238,0.000,0,24,0,8,8,3,100,0,0
1773761054.704987,149.238,0.000,0,24,0,8,8,3,100,0,0
1773761056.704996,149.238,0.000,0,24,0,8,8,3,100,0,0
1773761058.700461,149.238,0.000,0,24,0,8,8,3,100,0,0
1773761060.701090,149.238,0.000,0,24,0,8,8,3,100,0,0
1773761062.702442,149.238,0.000,0,24,0,8,8,3,100,0,0
1773761064.705943,149.238,0.000,0,24,0,8,8,3,100,0,0
1773761066.702862,149.238,0.000,0,24,0,8,8,3,100,0,0
1773761068.700966,149.242,0.000,0,24,0,8,8,3,100,0,0
1773761070.701930,149.242,0.000,0,24,0,8,8,3,100,0,0
1773761072.702332,149.242,0.000,0,24,0,8,8,3,100,0,0
1773761074.706201,149.242,0.000,0,24,0,8,8,3,100,0,0
1773761076.699927,149.242,0.000,0,24,0,8,8,3,100,0,0
1773761078.721292,149.242,0.000,0,24,0,8,8,3,100,0,0
1773761331.085270,150.664,0.000,0,24,0,8,8,3,100,0,0
1773761333.076578,150.578,0.000,0,24,0,8,8,3,100,0,0
1773761335.075549,150.578,0.000,0,24,0,8,8,3,100,0,0
1773761337.076830,150.578,0.000,0,24,0,8,8,3,100,0,0
1773761339.076304,150.578,0.000,0,24,0,8,8,3,100,0,0
1773761341.076627,150.578,0.000,0,24,0,8,8,3,100,0,0
1773761343.077593,150.578,0.000,0,24,0,8,8,3,100,0,0
1773761345.077038,150.578,0.000,0,24,0,8,8,3,100,0,0
1773761347.076202,150.582,0.000,0,24,0,8,8,3,100,0,0
1773761349.075473,150.582,0.000,0,24,0,8,8,3,100,0,0
1773761351.075380,150.586,0.000,0,24,0,8,8,3,100,0,0
1773761353.076790,150.586,0.000,0,24,0,8,8,3,100,0,0
1773761355.075163,150.586,0.000,0,24,0,8,8,3,100,0,0
1773761357.077189,150.332,0.000,0,24,0,8,8,3,100,0,0
1773761359.076627,150.336,0.000,0,24,0,8,8,3,100,0,0
1773761361.076436,150.336,0.000,0,24,0,8,8,3,100,0,0
1773761363.076471,150.336,0.000,0,24,0,8,8,3,100,0,0
1773761365.076164,150.336,0.000,0,24,0,8,8,3,100,0,0
1773761367.075228,150.340,0.000,0,24,0,8,8,3,100,0,0
1773761369.076936,150.344,0.000,0,24,0,8,8,3,100,0,0
1773761371.076660,150.344,0.000,0,24,0,8,8,3,100,0,0
1773761373.076209,150.344,0.000,0,24,0,8,8,3,100,0,0
1773761375.076677,150.344,0.000,0,24,0,8,8,3,100,0,0
1773761377.076955,150.344,0.000,0,24,0,8,8,3,100,0,0
1773761379.076296,150.344,0.000,0,24,0,8,8,3,100,0,0
1773761381.077932,150.344,0.000,0,24,0,8,8,3,100,0,0
1773761383.076481,150.344,0.000,0,24,0,8,8,3,100,0,0
1773761385.076694,150.344,0.000,0,24,0,8,8,3,100,0,0
1773761387.076838,150.289,0.000,0,24,0,8,8,3,100,0,0
1773761389.075064,150.289,0.000,0,24,0,8,8,3,100,0,0
1773761391.075329,150.289,0.000,0,24,0,8,8,3,100,0,0
1773761393.077145,150.289,0.000,0,24,0,8,8,3,100,0,0
1773761395.077721,150.289,0.000,0,24,0,8,8,3,100,0,0
1773761397.076951,150.289,0.000,0,24,0,8,8,3,100,0,0
1773761399.076590,150.289,0.000,0,24,0,8,8,3,100,0,0
1773761401.075656,150.289,0.000,0,24,0,8,8,3,100,0,0
1773761403.076950,150.289,0.000,0,24,0,8,8,3,100,0,0
1773761405.077068,150.289,0.000,0,24,0,8,8,3,100,0,0
1773761407.075453,150.293,0.000,0,24,0,8,8,3,100,0,0
1773761409.077910,150.293,0.000,0,24,0,8,8,3,100,0,0
1773761411.076577,150.293,0.000,0,24,0,8,8,3,100,0,0
1773761413.077052,150.293,0.000,0,24,0,8,8,3,100,0,0
1773761415.077247,150.297,0.000,0,24,0,8,8,3,100,0,0
1773761417.076611,150.297,0.000,0,24,0,8,8,3,100,0,0
1773761419.076701,150.297,0.000,0,24,0,8,8,3,100,0,0
1773761421.075936,150.297,0.000,0,24,0,8,8,3,100,0,0
1773761423.076406,150.301,0.000,0,24,0,8,8,3,100,0,0
1773761425.076614,150.301,0.000,0,24,0,8,8,3,100,0,0
1773761427.076871,150.305,0.000,0,24,0,8,8,3,100,0,0
1773761429.076195,150.305,0.000,0,24,0,8,8,3,100,0,0
1773761431.076354,150.305,0.000,0,24,0,8,8,3,100,0,0
1773761433.075872,150.305,0.000,0,24,0,8,8,3,100,0,0
1773761435.077044,150.305,0.000,0,24,0,8,8,3,100,0,0
1773761437.075971,150.305,0.000,0,24,0,8,8,3,100,0,0
1773761439.075361,150.305,0.000,0,24,0,8,8,3,100,0,0
1773761441.076717,150.305,0.000,0,24,0,8,8,3,100,0,0
1773761443.075413,150.305,0.000,0,24,0,8,8,3,100,0,0
1773761445.076450,150.305,0.000,0,24,0,8,8,3,100,0,0
1773761447.076738,150.309,0.000,0,24,0,8,8,3,100,0,0
1773761449.076625,150.305,0.000,0,24,0,8,8,3,100,0,0
1773761451.075101,150.305,0.000,0,24,0,8,8,3,100,0,0
1773761453.076282,150.305,0.000,0,24,0,8,8,3,100,0,0
1773761455.076965,150.305,0.000,0,24,0,8,8,3,100,0,0
1773761457.075683,150.305,0.000,0,24,0,8,8,3,100,0,0
1773761459.076966,150.305,0.000,0,24,0,8,8,3,100,0,0
1773762462.603737,149.445,0.000,0,24,0,8,8,3,100,0,0
1773762599.382696,150.516,0.000,0,24,0,8,8,3,100,0,0
1773762619.306470,149.562,0.000,0,24,0,8,8,3,100,0,0
1773762621.295754,149.562,0.000,0,24,0,8,8,3,100,0,0
1773762623.296407,149.562,0.000,0,24,0,8,8,3,100,0,0
1773762625.295894,149.562,0.000,0,24,0,8,8,3,100,0,0
1773762627.296722,149.562,0.000,0,24,0,8,8,3,100,0,0
1773762629.295528,149.562,0.000,0,24,0,8,8,3,100,0,0
1773762631.296351,149.562,0.000,0,24,0,8,8,3,100,0,0
1773762633.295652,149.562,0.000,0,24,0,8,8,3,100,0,0
1773762635.295740,149.566,0.000,0,24,0,8,8,3,100,0,0
1773762637.294389,149.566,0.000,0,24,0,8,8,3,100,0,0
1773762639.296005,149.480,0.000,0,24,0,8,8,3,100,0,0
1773762641.296566,149.480,0.000,0,24,0,8,8,3,100,0,0
1773762643.295897,149.480,0.000,0,24,0,8,8,3,100,0,0
1773762645.295609,149.227,0.000,0,24,0,8,8,3,100,0,0
1773762647.294728,149.230,0.000,0,24,0,8,8,3,100,0,0
1773762649.294706,149.230,0.000,0,24,0,8,8,3,100,0,0
1773762651.294997,149.230,0.000,0,24,0,8,8,3,100,0,0
1773762653.295532,149.230,0.000,0,24,0,8,8,3,100,0,0
1773762655.295449,149.234,0.000,0,24,0,8,8,3,100,0,0
1773762657.295614,149.234,0.000,0,24,0,8,8,3,100,0,0
1773762659.296161,149.238,0.000,0,24,0,8,8,3,100,0,0
1773762661.295268,149.238,0.000,0,24,0,8,8,3,100,0,0
1773762663.296536,149.238,0.000,0,24,0,8,8,3,100,0,0
1773762665.293865,149.238,0.000,0,24,0,8,8,3,100,0,0
1773762667.295718,149.238,0.000,0,24,0,8,8,3,100,0,0
1773762669.294670,149.238,0.000,0,24,0,8,8,3,100,0,0
1773762671.296126,149.238,0.000,0,24,0,8,8,3,100,0,0
1773762673.294893,149.180,0.000,0,24,0,8,8,3,100,0,0
1773762675.293783,149.184,0.000,0,24,0,8,8,3,100,0,0
1773762677.293859,149.184,0.000,0,24,0,8,8,3,100,0,0
1773762679.296049,149.184,0.000,0,24,0,8,8,3,100,0,0
1773762681.294379,149.184,0.000,0,24,0,8,8,3,100,0,0
1773762683.295419,149.184,0.000,0,24,0,8,8,3,100,0,0
1773762685.294208,149.184,0.000,0,24,0,8,8,3,100,0,0
1773762687.295580,149.184,0.000,0,24,0,8,8,3,100,0,0
1773762689.293325,149.184,0.000,0,24,0,8,8,3,100,0,0
1773762691.294961,149.184,0.000,0,24,0,8,8,3,100,0,0
1773762693.295336,149.184,0.000,0,24,0,8,8,3,100,0,0
1773762695.295162,149.188,0.000,0,24,0,8,8,3,100,0,0
1773762697.295277,149.191,0.000,0,24,0,8,8,3,100,0,0
1773762699.294666,149.207,0.000,0,24,0,8,8,3,100,0,0
1773762701.293667,150.238,0.000,0,24,0,8,8,3,100,0,0
1773762703.295704,150.238,0.000,0,24,0,8,8,3,100,0,0
1773762705.308830,150.242,0.000,0,24,0,8,8,3,100,0,0
1773762707.294707,164.945,0.020,0,24,0,8,8,3,100,0,0
1773762709.294448,165.348,0.016,0,24,0,8,8,3,100,0,0
1773762711.293560,165.516,0.018,0,24,0,8,8,3,100,0,0
1773762713.293744,165.566,0.014,0,24,0,8,8,3,100,0,0
1773762715.294745,165.621,0.013,0,24,0,8,8,3,100,0,0
1773762717.294326,165.648,0.015,0,24,0,8,8,3,100,0,0
1773762719.294246,165.652,0.015,0,24,0,8,8,3,100,0,0
1773762721.293587,165.672,0.014,0,24,0,8,8,3,100,0,0
1773762723.296999,165.840,0.015,0,24,0,8,8,3,100,0,0
1773762725.297051,166.207,0.015,0,24,0,8,8,3,100,0,0
1773762727.294326,166.578,0.014,0,24,0,8,8,3,100,0,0
1773762729.296559,167.250,0.012,0,24,0,8,8,3,100,0,0
1773762731.296045,168.066,0.015,0,24,0,8,8,3,100,0,0
1773762733.294374,168.902,0.017,0,24,0,8,8,3,100,0,0
1773762735.295267,169.754,0.012,0,24,0,8,8,3,100,0,0
1773762737.293918,170.629,0.013,0,24,0,8,8,3,100,0,0
1773762739.295794,171.449,0.018,0,24,0,8,8,3,100,0,0
1773762741.297036,172.281,0.013,0,24,0,8,8,3,100,0,0
1773762743.295827,168.422,0.013,0,24,0,8,8,3,100,0,0
1773762745.296217,166.395,0.013,0,24,0,8,8,3,100,0,0
1773762747.295932,166.395,0.013,0,24,0,8,8,3,100,0,0
1773762749.295496,166.395,0.013,0,24,0,8,8,3,100,0,0
1773762751.295943,166.395,0.013,0,24,0,8,8,3,100,0,0
1773762753.296468,166.395,0.013,0,24,0,8,8,3,100,0,0
1773762755.296401,166.395,0.013,0,24,0,8,8,3,100,0,0
1773762757.296371,166.395,0.013,0,24,0,8,8,3,100,0,0
1773762759.295771,166.395,0.013,0,24,0,8,8,3,100,0,0
1773762761.448759,166.449,0.013,0,24,0,8,8,3,100,0,0
1773762763.294683,166.516,0.018,0,24,0,8,8,3,100,0,0
1773762765.296105,166.578,0.013,0,24,0,8,8,3,100,0,0
1773762767.294991,166.578,0.013,0,24,0,8,8,3,100,0,0
1773762769.297453,166.578,0.017,0,24,0,8,8,3,100,0,0
1773762771.295272,166.578,0.019,0,24,0,8,8,3,100,0,0
1773762773.295618,166.578,0.013,0,24,0,8,8,3,100,0,0
1773762775.295875,166.582,0.014,0,24,0,8,8,3,100,0,0
1773762777.294400,166.590,0.013,0,24,0,8,8,3,100,0,0
1773762779.294795,166.621,0.017,0,24,0,8,8,3,100,0,0
1773762781.294163,166.633,0.019,0,24,0,8,8,3,100,0,0
1773762783.294445,166.633,0.020,0,24,0,8,8,3,100,0,0
1773763066.089810,149.461,0.000,0,24,0,8,8,3,100,0,0
1773763068.080519,149.461,0.000,0,24,0,8,8,3,100,0,0
1773763070.075724,149.461,0.000,0,24,0,8,8,3,100,0,0
1773763072.076927,149.461,0.000,0,24,0,8,8,3,100,0,0
1773763074.075914,149.461,0.000,0,24,0,8,8,3,100,0,0
1773763076.075992,149.457,0.000,0,24,0,8,8,3,100,0,0
1773763078.082066,149.457,0.000,0,24,0,8,8,3,100,0,0
1773763080.082421,149.457,0.000,0,24,0,8,8,3,100,0,0
1773763082.079911,149.461,0.000,0,24,0,8,8,3,100,0,0
1773763084.082379,149.461,0.000,0,24,0,8,8,3,100,0,0
1773763086.077759,149.469,0.000,0,24,0,8,8,3,100,0,0
1773763088.083038,149.469,0.000,0,24,0,8,8,3,100,0,0
1773763090.078486,149.469,0.000,0,24,0,8,8,3,100,0,0
1773763092.078811,149.215,0.000,0,24,0,8,8,3,100,0,0
1773763094.076348,149.219,0.000,0,24,0,8,8,3,100,0,0
1773763096.075180,149.219,0.000,0,24,0,8,8,3,100,0,0
1773763098.077350,149.219,0.000,0,24,0,8,8,3,100,0,0
1773763100.083198,149.219,0.000,0,24,0,8,8,3,100,0,0
1773763102.078315,149.223,0.000,0,24,0,8,8,3,100,0,0
1773763104.082233,149.223,0.000,0,24,0,8,8,3,100,0,0
1773763106.077885,149.227,0.000,0,24,0,8,8,3,100,0,0
1773763108.079617,149.227,0.000,0,24,0,8,8,3,100,0,0
1773763110.076785,149.227,0.000,0,24,0,8,8,3,100,0,0
1773763112.079443,149.227,0.000,0,24,0,8,8,3,100,0,0
1773763114.082672,149.227,0.000,0,24,0,8,8,3,100,0,0
1773763116.076076,149.227,0.000,0,24,0,8,8,3,100,0,0
1773763118.077853,149.227,0.000,0,24,0,8,8,3,100,0,0
1773763120.075181,149.227,0.000,0,24,0,8,8,3,100,0,0
1773763122.074979,149.191,0.000,0,24,0,8,8,3,100,0,0
1773763124.081695,149.191,0.000,0,24,0,8,8,3,100,0,0
1773763126.078366,149.191,0.000,0,24,0,8,8,3,100,0,0
1773763128.077671,149.191,0.000,0,24,0,8,8,3,100,0,0
1773763130.075296,149.191,0.000,0,24,0,8,8,3,100,0,0
1773763132.078929,149.191,0.000,0,24,0,8,8,3,100,0,0
1773763134.080603,149.191,0.000,0,24,0,8,8,3,100,0,0
1773763136.077852,149.191,0.000,0,24,0,8,8,3,100,0,0
1773763138.081126,149.191,0.000,0,24,0,8,8,3,100,0,0
1773763140.076777,149.195,0.000,0,24,0,8,8,3,100,0,0
1773763142.079269,149.199,0.000,0,24,0,8,8,3,100,0,0
1773763144.076210,149.199,0.000,0,24,0,8,8,3,100,0,0
1773763146.078807,149.199,0.000,0,24,0,8,8,3,100,0,0
1773763148.080051,149.199,0.000,0,24,0,8,8,3,100,0,0
1773763150.077017,149.199,0.000,0,24,0,8,8,3,100,0,0
1773763152.079786,149.180,0.000,0,24,0,8,8,3,100,0,0
1773763154.077660,149.180,0.000,0,24,0,8,8,3,100,0,0
1773763156.078288,149.180,0.000,0,24,0,8,8,3,100,0,0
1773763158.080641,149.184,0.000,0,24,0,8,8,3,100,0,0
1773763160.080711,149.184,0.000,0,24,0,8,8,3,100,0,0
1773763162.079310,149.188,0.000,0,24,0,8,8,3,100,0,0
1773763164.075306,149.188,0.000,0,24,0,8,8,3,100,0,0
1773763166.079837,149.188,0.000,0,24,0,8,8,3,100,0,0
1773763168.078160,149.188,0.000,0,24,0,8,8,3,100,0,0
1773763170.076726,149.188,0.000,0,24,0,8,8,3,100,0,0
1773763172.080546,149.188,0.000,0,24,0,8,8,3,100,0,0
1773763174.077193,149.188,0.000,0,24,0,8,8,3,100,0,0
1773763176.079268,149.188,0.000,0,24,0,8,8,3,100,0,0
1773820406.078503,150.656,0.000,0,24,0,8,8,3,100,0,0
1773820408.064111,150.574,0.000,0,24,0,8,8,3,100,0,0
1773820410.064738,150.594,0.000,0,24,0,8,8,3,100,0,0
1773820412.078076,179.074,0.000,0,24,0,8,8,3,100,0,0
1773820414.064639,189.184,0.037,0,24,0,3,3,2,300,0,1
1773820416.064866,189.234,0.024,0,24,0,8,8,3,300,0,1
1773820418.065210,189.293,0.018,0,24,0,8,8,3,100,0,0
1773820420.065511,193.309,0.021,0,24,0,5,5,3,300,0,1
1773820422.065047,193.348,0.028,0,24,0,8,8,3,300,0,1
1773820424.064039,193.410,0.020,0,24,0,8,8,3,300,0,1
1773820426.064290,193.469,0.024,0,24,0,8,8,3,300,0,1
1773820428.064759,193.641,0.021,0,24,0,8,8,3,300,0,1
1773820430.065782,193.754,0.017,0,24,0,8,8,3,300,0,1
1773820432.064475,193.773,0.015,0,24,0,8,8,3,300,0,1
1773820434.064855,193.906,0.022,0,24,0,8,8,3,300,0,1
1773820483.750832,149.680,0.000,0,24,0,8,8,3,100,0,0
1773820485.736155,149.516,0.000,0,24,0,8,8,3,100,0,0
1773820487.737989,149.520,0.000,0,24,0,8,8,3,100,0,0
1773820489.737477,149.520,0.000,0,24,0,8,8,3,100,0,0
1773820491.737755,149.520,0.000,0,24,0,8,8,3,100,0,0
1773820493.738740,149.520,0.000,0,24,0,8,8,3,100,0,0
1773820495.738033,149.520,0.000,0,24,0,8,8,3,100,0,0
1773820497.738585,149.523,0.000,0,24,0,8,8,3,100,0,0
1773820499.737174,149.523,0.000,0,24,0,8,8,3,100,0,0
1773820501.737600,149.523,0.000,0,24,0,8,8,3,100,0,0
1773820503.737793,149.523,0.000,0,24,0,8,8,3,100,0,0
1773820505.737394,149.523,0.000,0,24,0,8,8,3,100,0,0
1773820507.737835,149.523,0.000,0,24,0,8,8,3,100,0,0
1773820509.737293,149.270,0.000,0,24,0,8,8,3,100,0,0
1773820511.738050,149.270,0.000,0,24,0,8,8,3,100,0,0
1773820513.738383,149.270,0.000,0,24,0,8,8,3,100,0,0
1773820515.735781,149.270,0.000,0,24,0,8,8,3,100,0,0
1773820517.737119,149.273,0.000,0,24,0,8,8,3,100,0,0
1773820519.736924,149.277,0.000,0,24,0,8,8,3,100,0,0
1773820521.736514,149.277,0.000,0,24,0,8,8,3,100,0,0
1773820523.738343,149.277,0.000,0,24,0,8,8,3,100,0,0
1773820525.737557,149.277,0.000,0,24,0,8,8,3,100,0,0
1773820527.738293,149.277,0.000,0,24,0,8,8,3,100,0,0
1773820529.737846,149.277,0.000,0,24,0,8,8,3,100,0,0
1773820531.737864,149.277,0.000,0,24,0,8,8,3,100,0,0
1773820533.738383,149.277,0.000,0,24,0,8,8,3,100,0,0
1773820535.738708,149.277,0.000,0,24,0,8,8,3,100,0,0
1773820537.736343,149.281,0.000,0,24,0,8,8,3,100,0,0
1773820539.738431,149.227,0.000,0,24,0,8,8,3,100,0,0
1773820541.739227,149.227,0.000,0,24,0,8,8,3,100,0,0
1773820543.737976,149.227,0.000,0,24,0,8,8,3,100,0,0
1773820545.737469,149.227,0.000,0,24,0,8,8,3,100,0,0
1773820547.736413,149.227,0.000,0,24,0,8,8,3,100,0,0
1773820549.737375,149.227,0.000,0,24,0,8,8,3,100,0,0
1773822409.450897,150.711,0.000,0,24,0,8,8,3,100,0,0
1773822411.440122,150.547,0.000,0,24,0,8,8,3,100,0,0
1773822413.440029,150.551,0.000,0,24,0,8,8,3,100,0,0
1773822415.438877,150.551,0.000,0,24,0,8,8,3,100,0,0
1773822417.442428,150.551,0.000,0,24,0,8,8,3,100,0,0
1773822419.442312,150.551,0.000,0,24,0,8,8,3,100,0,0
1773822421.441829,150.551,0.000,0,24,0,8,8,3,100,0,0
1773822423.442947,150.555,0.000,0,24,0,8,8,3,100,0,0
1773822425.443775,150.555,0.000,0,24,0,8,8,3,100,0,0
1773822427.442701,150.555,0.000,0,24,0,8,8,3,100,0,0
1773822429.440250,150.555,0.000,0,24,0,8,8,3,100,0,0
1773822431.453088,150.738,0.000,0,24,0,8,8,3,100,0,0
1773822433.439174,179.293,0.000,0,24,0,8,8,3,100,0,0
1773822435.441997,189.094,0.021,0,24,0,5,5,3,300,0,1
1773822437.439992,189.156,0.022,0,24,0,8,8,3,100,0,0
1773822439.440845,189.234,0.022,0,24,0,8,8,3,100,0,0
1773822441.438649,189.332,0.030,0,24,0,8,8,3,100,0,0
1773822443.447370,189.402,0.022,0,24,0,8,8,3,100,0,0
1773822445.441456,189.266,0.021,0,24,0,8,8,3,100,0,0
1773822447.440307,189.266,0.027,0,24,0,8,8,3,100,0,0
1773822449.442933,189.289,0.020,0,24,0,8,8,3,100,0,0
1773822451.443816,189.332,0.018,0,24,0,8,8,3,100,0,0
1773822453.441034,189.363,0.025,0,24,0,8,8,3,100,0,0
1773822455.439623,189.375,0.025,0,24,0,8,8,3,100,0,0
1773822457.442100,189.391,0.019,0,24,0,8,8,3,100,0,0
1773822459.440928,189.391,0.016,0,24,0,8,8,3,100,0,0
1773822461.440883,189.387,0.016,0,24,0,8,8,3,100,0,0
1773822463.442354,189.430,0.020,0,24,0,8,8,3,100,0,0
1773822465.439975,189.359,0.026,0,24,0,8,8,3,100,0,0
1773822467.442597,189.367,0.023,0,24,0,8,8,3,100,0,0
1773822469.442004,189.367,0.020,0,24,0,8,8,3,100,0,0
1773822471.439889,189.418,0.018,0,24,0,8,8,3,100,0,0
1773822473.440693,189.418,0.021,0,24,0,8,8,3,100,0,0
1773822475.439246,196.637,0.110,0,24,0,8,8,3,100,0,0
1773822477.439975,196.641,0.040,0,24,0,8,8,3,100,0,0
1773822479.443302,196.645,0.017,0,24,0,8,8,3,100,0,0
1773822481.439579,196.648,0.031,0,24,0,8,8,3,100,0,0
1773822483.440285,196.660,0.020,0,24,0,8,8,3,100,0,0
1773822485.440901,196.664,0.021,0,24,0,8,8,3,100,0,0
1773822487.439464,196.680,0.018,0,24,0,8,8,3,100,0,0
1773822489.438886,196.730,0.024,0,24,0,8,8,3,100,0,0
1773822491.440366,196.762,0.020,0,24,0,8,8,3,100,0,0
1773822493.442406,196.762,0.023,0,24,0,8,8,3,100,0,0
1773822495.441825,196.723,0.022,0,24,0,8,8,3,100,0,0
1773822497.439190,196.723,0.026,0,24,0,8,8,3,100,0,0
1773822499.442232,196.734,0.022,0,24,0,8,8,3,100,0,0
1773822501.442156,196.734,0.016,0,24,0,8,8,3,100,0,0
1773822503.441736,196.734,0.019,0,24,0,8,8,3,100,0,0
1773822505.442629,196.734,0.026,0,24,0,8,8,3,100,0,0
1773822507.440488,196.746,0.022,0,24,0,8,8,3,100,0,0
1773822509.439513,196.746,0.022,0,24,0,8,8,3,100,0,0
1773822511.441601,196.746,0.016,0,24,0,8,8,3,100,0,0
1773822513.440166,196.746,0.021,0,24,0,8,8,3,100,0,0
1773822515.441266,196.754,0.016,0,24,0,8,8,3,100,0,0
1773822517.440534,196.754,0.018,0,24,0,8,8,3,100,0,0
1773822519.442566,196.754,0.020,0,24,0,8,8,3,100,0,0
1773822521.441092,196.754,0.018,0,24,0,8,8,3,100,0,0
1773822523.440485,196.754,0.018,0,24,0,8,8,3,100,0,0
1773822525.441907,196.754,0.023,0,24,0,8,8,3,100,0,0
1773822527.440919,196.754,0.018,0,24,0,8,8,3,100,0,0
1773822529.440012,196.738,0.020,0,24,0,8,8,3,100,0,0
1773822531.441050,196.738,0.028,0,24,0,8,8,3,100,0,0
1773822533.442684,196.738,0.020,0,24,0,8,8,3,100,0,0
1773822535.441876,196.738,0.036,0,24,0,8,8,3,100,0,0
1773822537.438814,196.738,0.035,0,24,0,8,8,3,100,0,0
1773822539.439435,196.742,0.020,0,24,0,8,8,3,100,0,0
1773822541.440611,196.742,0.024,0,24,0,8,8,3,100,0,0
1773822543.439113,196.742,0.025,0,24,0,8,8,3,100,0,0
1773822545.440335,196.742,0.022,0,24,0,8,8,3,100,0,0
1773822547.440202,196.742,0.023,0,24,0,8,8,3,100,0,0
1773822549.439894,196.773,0.028,0,24,0,8,8,3,100,0,0
1773822551.443062,196.773,0.017,0,24,0,8,8,3,100,0,0
1773822553.441316,196.773,0.021,0,24,0,8,8,3,100,0,0
1773822555.444740,196.773,0.021,0,24,0,8,8,3,100,0,0
1773822557.442633,196.773,0.018,0,24,0,8,8,3,100,0,0
1773822559.440334,196.773,0.030,0,24,0,8,8,3,100,0,0
1773822561.438961,196.773,0.032,0,24,0,8,8,3,100,0,0
1773822563.441969,196.773,0.019,0,24,0,8,8,3,100,0,0
1773822565.440598,196.773,0.019,0,24,0,8,8,3,100,0,0
1773822567.439931,196.773,0.019,0,24,0,8,8,3,100,0,0
1773822569.440230,196.773,0.023,0,24,0,8,8,3,100,0,0
1773822571.439133,196.773,0.017,0,24,0,8,8,3,100,0,0
1773822573.443988,196.777,0.024,0,24,0,8,8,3,100,0,0
1773822575.442257,196.777,0.019,0,24,0,8,8,3,100,0,0
1773822577.442847,196.785,0.018,0,24,0,8,8,3,100,0,0
1773822579.441060,196.789,0.018,0,24,0,8,8,3,100,0,0
1773822581.439044,196.789,0.020,0,24,0,8,8,3,100,0,0
1773822583.441588,196.789,0.018,0,24,0,8,8,3,100,0,0
1773822585.438354,196.770,0.018,0,24,0,8,8,3,100,0,0
1773822587.440188,196.777,0.022,0,24,0,8,8,3,100,0,0
1773822589.439920,196.777,0.020,0,24,0,8,8,3,100,0,0
1773822591.440837,197.031,0.023,0,24,0,8,8,3,100,0,0
1773822593.441495,197.184,0.028,0,24,0,8,8,3,100,0,0
1773822595.442240,197.297,0.032,0,24,0,8,8,3,100,0,0
1773822597.442508,197.312,0.019,0,24,0,8,8,3,100,0,0
1773822599.442469,197.402,0.022,0,24,0,8,8,3,100,0,0
1773822601.438642,197.504,0.024,0,24,0,8,8,3,100,0,0
1773822603.442868,197.605,0.024,0,24,0,8,8,3,100,0,0
1773822605.442466,197.711,0.025,0,24,0,8,8,3,100,0,0
1773822607.440597,197.859,0.027,0,24,0,8,8,3,100,0,0
1773822609.442626,197.914,0.022,0,24,0,8,8,3,100,0,0
1773822611.439292,198.027,0.021,0,24,0,8,8,3,100,0,0
1773822613.442162,198.129,0.037,0,24,0,8,8,3,100,0,0
1773822615.441345,198.242,0.025,0,24,0,8,8,3,100,0,0
1773822617.441325,198.328,0.023,0,24,0,8,8,3,100,0,0
1773822619.441053,198.438,0.035,0,24,0,8,8,3,100,0,0
1773822621.441421,198.539,0.023,0,24,0,8,8,3,100,0,0
1773822623.442470,198.641,0.026,0,24,0,8,8,3,100,0,0
1773822625.444446,198.750,0.022,0,24,0,8,8,3,100,0,0
1773822627.442636,198.852,0.019,0,24,0,8,8,3,100,0,0
1773822629.441720,198.953,0.029,0,24,0,8,8,3,100,0,0
1773822631.442258,199.062,0.023,0,24,0,8,8,3,100,0,0
1773822633.443500,199.152,0.034,0,24,0,8,8,3,100,0,0
1773822635.443180,199.254,0.028,0,24,0,8,8,3,100,0,0
1773822637.439378,199.363,0.026,0,24,0,8,8,3,100,0,0
1773822639.441001,199.457,0.021,0,24,0,8,8,3,100,0,0
1773822641.438789,199.574,0.028,0,24,0,8,8,3,100,0,0
1773822643.438855,199.672,0.036,0,24,0,8,8,3,100,0,0
1773822645.438779,199.770,0.027,0,24,0,8,8,3,100,0,0
1773822647.442918,199.875,0.026,0,24,0,8,8,3,100,0,0
1773822649.444863,199.969,0.028,0,24,0,8,8,3,100,0,0
1773822651.442327,200.078,0.020,0,24,0,8,8,3,100,0,0
1773822653.441893,200.180,0.019,0,24,0,8,8,3,100,0,0
1773822655.442132,200.297,0.022,0,24,0,8,8,3,100,0,0
1773822657.443163,200.398,0.039,0,24,0,8,8,3,100,0,0
1773822659.439140,200.504,0.030,0,24,0,8,8,3,100,0,0
1773822661.443030,200.605,0.028,0,24,0,8,8,3,100,0,0
1773822663.443945,200.703,0.024,0,24,0,8,8,3,100,0,0
1773822665.439816,200.805,0.026,0,24,0,8,8,3,100,0,0
1773822667.442103,200.906,0.020,0,24,0,8,8,3,100,0,0
1773822669.442424,201.020,0.018,0,24,0,8,8,3,100,0,0
1773822671.438957,201.117,0.031,0,24,0,8,8,3,100,0,0
1773822673.439517,201.223,0.024,0,24,0,8,8,3,100,0,0
1773822675.441885,201.332,0.022,0,24,0,8,8,3,100,0,0
1773822677.439582,201.434,0.024,0,24,0,8,8,3,100,0,0
1773822679.439182,201.531,0.023,0,24,0,8,8,3,100,0,0
1773822681.441876,201.637,0.033,0,24,0,8,8,3,100,0,0
1773822683.440961,201.734,0.019,0,24,0,8,8,3,100,0,0
1773822685.442027,201.840,0.024,0,24,0,8,8,3,100,0,0
1773822687.441785,201.941,0.023,0,24,0,8,8,3,100,0,0
1773822689.442163,202.043,0.025,0,24,0,8,8,3,100,0,0
1773822691.443112,202.148,0.027,0,24,0,8,8,3,100,0,0
1773822693.441796,202.246,0.026,0,24,0,8,8,3,100,0,0
1773822695.442438,202.355,0.021,0,24,0,8,8,3,100,0,0
1773822697.439575,202.453,0.024,0,24,0,8,8,3,100,0,0
1773822699.441937,202.570,0.025,0,24,0,8,8,3,100,0,0
1773822701.442891,202.668,0.023,0,24,0,8,8,3,100,0,0
1773822703.441955,202.762,0.023,0,24,0,8,8,3,100,0,0
1773822705.441985,202.918,0.025,0,24,0,8,8,3,100,0,0
1773822707.438942,203.020,0.019,0,24,0,8,8,3,100,0,0
1773822709.442225,203.117,0.024,0,24,0,8,8,3,100,0,0
1773822711.442227,203.227,0.026,0,24,0,8,8,3,100,0,0
1773822713.442608,203.344,0.022,0,24,0,8,8,3,100,0,0
1773822715.442640,203.445,0.027,0,24,0,8,8,3,100,0,0
1773822717.442636,203.555,0.023,0,24,0,8,8,3,100,0,0
1773822719.442573,203.660,0.030,0,24,0,8,8,3,100,0,0
1773822721.441552,203.773,0.024,0,24,0,8,8,3,100,0,0
1773822723.442733,203.875,0.028,0,24,0,8,8,3,100,0,0
1773822725.441791,203.996,0.025,0,24,0,8,8,3,100,0,0
1773822727.442036,204.098,0.023,0,24,0,8,8,3,100,0,0
1773822729.439355,204.219,0.027,0,24,0,8,8,3,100,0,0
1773822731.442400,204.324,0.020,0,24,0,8,8,3,100,0,0
1773822733.444025,204.438,0.033,0,24,0,8,8,3,100,0,0
1773822735.442878,204.547,0.021,0,24,0,8,8,3,100,0,0
1773822737.442581,204.660,0.027,0,24,0,8,8,3,100,0,0
1773822739.442156,204.766,0.025,0,24,0,8,8,3,100,0,0
1773822741.440600,204.875,0.042,0,24,0,8,8,3,100,0,0
1773822743.441272,204.984,0.019,0,24,0,8,8,3,100,0,0
1773822745.441662,205.094,0.022,0,24,0,8,8,3,100,0,0
1773822747.442821,205.191,0.031,0,24,0,8,8,3,100,0,0
1773822749.441609,205.293,0.022,0,24,0,8,8,3,100,0,0
1773822751.442005,205.391,0.028,0,24,0,8,8,3,100,0,0
1773822753.444306,205.496,0.019,0,24,0,8,8,3,100,0,0
1773822755.443550,205.598,0.030,0,24,0,8,8,3,100,0,0
1773822757.439158,205.695,0.030,0,24,0,8,8,3,100,0,0
1773822759.442274,205.812,0.019,0,24,0,8,8,3,100,0,0
1773822761.442060,205.910,0.019,0,24,0,8,8,3,100,0,0
1773822763.440876,206.020,0.021,0,24,0,8,8,3,100,0,0
1773822765.439015,206.141,0.021,0,24,0,8,8,3,100,0,0
1773822767.441727,206.246,0.024,0,24,0,8,8,3,100,0,0
1773822769.442430,206.340,0.031,0,24,0,8,8,3,100,0,0
1773822771.442453,206.445,0.024,0,24,0,8,8,3,100,0,0
1773822773.442171,206.555,0.026,0,24,0,8,8,3,100,0,0
1773822775.443461,206.660,0.027,0,24,0,8,8,3,100,0,0
1773822777.442309,206.766,0.023,0,24,0,8,8,3,100,0,0
1773822779.442147,206.867,0.021,0,24,0,8,8,3,100,0,0
1773822781.439914,206.973,0.022,0,24,0,8,8,3,100,0,0
1773822783.438895,207.078,0.024,0,24,0,8,8,3,100,0,0
1773822785.443770,207.184,0.022,0,24,0,8,8,3,100,0,0
1773822787.442568,207.301,0.026,0,24,0,8,8,3,100,0,0
1773822789.441804,207.398,0.023,0,24,0,8,8,3,100,0,0
1773822791.439015,207.520,0.040,0,24,0,8,8,3,100,0,0
1773822793.439410,207.633,0.023,0,24,0,8,8,3,100,0,0
1773822795.442402,207.746,0.025,0,24,0,8,8,3,100,0,0
1773822797.442340,207.852,0.021,0,24,0,8,8,3,100,0,0
1773822799.442302,207.969,0.029,0,24,0,8,8,3,100,0,0
1773822801.442443,208.066,0.026,0,24,0,8,8,3,100,0,0
1773822803.443417,208.191,0.024,0,24,0,8,8,3,100,0,0
1773822805.442266,208.297,0.029,0,24,0,8,8,3,100,0,0
1773822807.442962,208.406,0.028,0,24,0,8,8,3,100,0,0
1773822809.442866,208.516,0.031,0,24,0,8,8,3,100,0,0
1773822811.440038,208.621,0.027,0,24,0,8,8,3,100,0,0
1773822813.439391,208.734,0.025,0,24,0,8,8,3,100,0,0
1773822815.442353,208.848,0.035,0,24,0,8,8,3,100,0,0
1773822817.441454,208.961,0.027,0,24,0,8,8,3,100,0,0
1773822819.442287,209.066,0.022,0,24,0,8,8,3,100,0,0
1773822821.442093,209.176,0.028,0,24,0,8,8,3,100,0,0
1773822823.442250,209.273,0.018,0,24,0,8,8,3,100,0,0
1773822825.441164,209.383,0.023,0,24,0,8,8,3,100,0,0
1773822827.442421,209.488,0.023,0,24,0,8,8,3,100,0,0
1773822829.439672,209.586,0.028,0,24,0,8,8,3,100,0,0
1773822831.443516,209.715,0.023,0,24,0,8,8,3,100,0,0
1773822833.440201,209.809,0.020,0,24,0,8,8,3,100,0,0
1773822835.442163,209.910,0.019,0,24,0,8,8,3,100,0,0
1773822837.442542,210.008,0.022,0,24,0,8,8,3,100,0,0
1773822839.442611,210.113,0.018,0,24,0,8,8,3,100,0,0
1773822841.443072,210.215,0.031,0,24,0,8,8,3,100,0,0
1773822843.442644,210.305,0.027,0,24,0,8,8,3,100,0,0
1773822845.444232,210.410,0.032,0,24,0,8,8,3,100,0,0
1773822847.439238,210.520,0.031,0,24,0,8,8,3,100,0,0
1773822849.442317,210.621,0.023,0,24,0,8,8,3,100,0,0
1773822851.442418,210.723,0.028,0,24,0,8,8,3,100,0,0
1773822853.442202,210.820,0.025,0,24,0,8,8,3,100,0,0
1773822855.442692,210.926,0.021,0,24,0,8,8,3,100,0,0
1773822857.442916,211.027,0.021,0,24,0,8,8,3,100,0,0
1773822859.441104,211.133,0.032,0,24,0,8,8,3,100,0,0
1773822861.442378,211.246,0.024,0,24,0,8,8,3,100,0,0
1773822863.439295,211.352,0.035,0,24,0,8,8,3,100,0,0
1773822865.443055,211.457,0.031,0,24,0,8,8,3,100,0,0
1773822867.439145,211.562,0.029,0,24,0,8,8,3,100,0,0
1773822869.443184,211.664,0.026,0,24,0,8,8,3,100,0,0
1773822871.442263,211.781,0.028,0,24,0,8,8,3,100,0,0
1773822873.439628,211.883,0.037,0,24,0,8,8,3,100,0,0
1773822875.442354,212.008,0.023,0,24,0,8,8,3,100,0,0
1773822877.442394,212.105,0.028,0,24,0,8,8,3,100,0,0
1773822879.444069,212.219,0.023,0,24,0,8,8,3,100,0,0
1773822881.440812,212.328,0.021,0,24,0,8,8,3,100,0,0
1773822883.442737,212.438,0.028,0,24,0,8,8,3,100,0,0
1773822885.442614,212.551,0.030,0,24,0,8,8,3,100,0,0
1773822887.439627,212.652,0.024,0,24,0,8,8,3,100,0,0
1773822889.442118,212.762,0.030,0,24,0,8,8,3,100,0,0
1773822891.442153,212.875,0.031,0,24,0,8,8,3,100,0,0
1773822893.442800,213.020,0.019,0,24,0,8,8,3,100,0,0
1773822895.442883,201.008,0.024,0,24,0,8,8,3,100,0,0
1773822897.441130,197.820,0.027,0,24,0,8,8,3,100,0,0
1773822899.440014,197.910,0.034,0,24,0,8,8,3,100,0,0
1773822901.443913,198.008,0.016,0,24,0,8,8,3,100,0,0
1773822903.442321,198.109,0.040,0,24,0,8,8,3,100,0,0
1773822905.442744,198.211,0.033,0,24,0,8,8,3,100,0,0
1773822907.440395,198.312,0.027,0,24,0,8,8,3,100,0,0
1773822909.442081,198.426,0.037,0,24,0,8,8,3,100,0,0
1773822911.439430,198.523,0.028,0,24,0,8,8,3,100,0,0
1773822913.442246,198.629,0.029,0,24,0,8,8,3,100,0,0
1773822915.444770,198.734,0.033,0,24,0,8,8,3,100,0,0
1773822917.440116,198.836,0.028,0,24,0,8,8,3,100,0,0
1773822919.442140,198.934,0.027,0,24,0,8,8,3,100,0,0
1773822921.444298,199.035,0.022,0,24,0,8,8,3,100,0,0
1773822923.443253,199.141,0.032,0,24,0,8,8,3,100,0,0
1773822925.439625,199.246,0.020,0,24,0,8,8,3,100,0,0
1773822927.441906,199.348,0.019,0,24,0,8,8,3,100,0,0
1773822929.442967,199.449,0.029,0,24,0,8,8,3,100,0,0
1773822931.442921,199.551,0.035,0,24,0,8,8,3,100,0,0
1773822933.442562,199.660,0.035,0,24,0,8,8,3,100,0,0
1773822935.441822,199.750,0.041,0,24,0,8,8,3,100,0,0
1773822937.442042,199.852,0.026,0,24,0,8,8,3,100,0,0
1773822939.443429,199.961,0.031,0,24,0,8,8,3,100,0,0
1773822941.442171,200.059,0.027,0,24,0,8,8,3,100,0,0
1773822943.443182,200.160,0.026,0,24,0,8,8,3,100,0,0
1773822945.441381,200.254,0.030,0,24,0,8,8,3,100,0,0
1773822947.442206,200.359,0.024,0,24,0,8,8,3,100,0,0
1773822949.442463,200.457,0.022,0,24,0,8,8,3,100,0,0
1773822951.438491,200.559,0.030,0,24,0,8,8,3,100,0,0
1773822953.442732,200.660,0.033,0,24,0,8,8,3,100,0,0
1773822955.442802,200.762,0.023,0,24,0,8,8,3,100,0,0
1773822957.441342,200.859,0.033,0,24,0,8,8,3,100,0,0
1773822959.442107,200.965,0.027,0,24,0,8,8,3,100,0,0
1773822961.441141,201.070,0.020,0,24,0,8,8,3,100,0,0
1773822963.442306,201.172,0.034,0,24,0,8,8,3,100,0,0
1773822965.439345,201.270,0.026,0,24,0,8,8,3,100,0,0
1773822967.439743,201.379,0.036,0,24,0,8,8,3,100,0,0
1773822969.442163,201.469,0.022,0,24,0,8,8,3,100,0,0
1773822971.439755,201.570,0.024,0,24,0,8,8,3,100,0,0
1773822973.438691,201.676,0.028,0,24,0,8,8,3,100,0,0
1773822975.442367,201.777,0.020,0,24,0,8,8,3,100,0,0
1773822977.441490,201.879,0.024,0,24,0,8,8,3,100,0,0
1773822979.442604,201.984,0.022,0,24,0,8,8,3,100,0,0
1773822981.443945,202.086,0.024,0,24,0,8,8,3,100,0,0
1773822983.442796,202.195,0.023,0,24,0,8,8,3,100,0,0
1773822985.443100,202.281,0.029,0,24,0,8,8,3,100,0,0
1773822987.442762,202.387,0.037,0,24,0,8,8,3,100,0,0
1773822989.441962,202.496,0.038,0,24,0,8,8,3,100,0,0
1773822991.442124,202.602,0.020,0,24,0,8,8,3,100,0,0
1773822993.438391,202.707,0.024,0,24,0,8,8,3,100,0,0
1773822995.443154,202.812,0.033,0,24,0,8,8,3,100,0,0
1773822997.442114,202.918,0.025,0,24,0,8,8,3,100,0,0
1773822999.444257,203.016,0.027,0,24,0,8,8,3,100,0,0
1773823001.441215,203.125,0.030,0,24,0,8,8,3,100,0,0
1773823003.443236,203.219,0.022,0,24,0,8,8,3,100,0,0
1773823005.442762,203.336,0.034,0,24,0,8,8,3,100,0,0
1773823007.442716,203.438,0.019,0,24,0,8,8,3,100,0,0
1773823009.442135,203.551,0.020,0,24,0,8,8,3,100,0,0
1773823011.442195,203.656,0.021,0,24,0,8,8,3,100,0,0
1773823013.444691,203.758,0.027,0,24,0,8,8,3,100,0,0
1773823015.440415,203.855,0.085,0,24,0,8,8,3,100,0,0
1773823017.441786,203.969,0.030,0,24,0,8,8,3,100,0,0
1773823019.442295,204.059,0.038,0,24,0,8,8,3,100,0,0
1773823021.440151,204.168,0.022,0,24,0,8,8,3,100,0,0
1773823023.442267,204.273,0.022,0,24,0,8,8,3,100,0,0
1773823025.443635,204.379,0.025,0,24,0,8,8,3,100,0,0
1773823027.442798,204.477,0.024,0,24,0,8,8,3,100,0,0
1773823029.442334,204.578,0.019,0,24,0,8,8,3,100,0,0
1773823031.442199,204.688,0.022,0,24,0,8,8,3,100,0,0
1773823033.442941,204.781,0.027,0,24,0,8,8,3,100,0,0
1773823035.441694,204.879,0.033,0,24,0,8,8,3,100,0,0
1773823037.442193,204.980,0.023,0,24,0,8,8,3,100,0,0
1773823039.442837,205.090,0.035,0,24,0,8,8,3,100,0,0
1773823041.443583,205.195,0.031,0,24,0,8,8,3,100,0,0
1773823043.442647,205.289,0.023,0,24,0,8,8,3,100,0,0
1773823045.442492,205.391,0.028,0,24,0,8,8,3,100,0,0
1773823047.441151,205.496,0.023,0,24,0,8,8,3,100,0,0
1773823049.442309,205.598,0.029,0,24,0,8,8,3,100,0,0
1773823051.440222,205.699,0.025,0,24,0,8,8,3,100,0,0
1773823053.442226,205.797,0.025,0,24,0,8,8,3,100,0,0
1773823055.443420,205.906,0.029,0,24,0,8,8,3,100,0,0
1773823057.442430,206.004,0.026,0,24,0,8,8,3,100,0,0
1773823059.440096,206.109,0.037,0,24,0,8,8,3,100,0,0
1773823061.442415,206.207,0.028,0,24,0,8,8,3,100,0,0
1773823063.439599,206.309,0.028,0,24,0,8,8,3,100,0,0
1773823065.442584,206.418,0.026,0,24,0,8,8,3,100,0,0
1773823067.442344,206.512,0.025,0,24,0,8,8,3,100,0,0
1773823069.443135,206.613,0.032,0,24,0,8,8,3,100,0,0
1773823071.441986,206.719,0.028,0,24,0,8,8,3,100,0,0
1773823073.442931,206.820,0.028,0,24,0,8,8,3,100,0,0
1773823075.443164,206.918,0.019,0,24,0,8,8,3,100,0,0
1773823077.442637,207.023,0.025,0,24,0,8,8,3,100,0,0
1773823079.440740,207.129,0.024,0,24,0,8,8,3,100,0,0
1773823081.442847,207.227,0.028,0,24,0,8,8,3,100,0,0
1773823083.440117,207.336,0.028,0,24,0,8,8,3,100,0,0
1773823085.441708,207.430,0.027,0,24,0,8,8,3,100,0,0
1773823087.443350,207.527,0.027,0,24,0,8,8,3,100,0,0
1773823089.443024,207.629,0.024,0,24,0,8,8,3,100,0,0
1773823091.442421,207.746,0.021,0,24,0,8,8,3,100,0,0
1773823093.442047,207.840,0.033,0,24,0,8,8,3,100,0,0
1773823095.443227,207.949,0.027,0,24,0,8,8,3,100,0,0
1773823097.445227,208.055,0.033,0,24,0,8,8,3,100,0,0
1773823099.442066,208.156,0.030,0,24,0,8,8,3,100,0,0
1773823101.439737,208.266,0.037,0,24,0,8,8,3,100,0,0
1773823103.442169,208.363,0.020,0,24,0,8,8,3,100,0,0
1773823105.443515,208.477,0.033,0,24,0,8,8,3,100,0,0
1773823107.438849,208.582,0.025,0,24,0,8,8,3,100,0,0
1773823109.442151,208.691,0.041,0,24,0,8,8,3,100,0,0
1773823111.442840,208.793,0.025,0,24,0,8,8,3,100,0,0
1773823113.442414,208.902,0.021,0,24,0,8,8,3,100,0,0
1773823115.442010,209.008,0.028,0,24,0,8,8,3,100,0,0
1773823117.443203,209.109,0.021,0,24,0,8,8,3,100,0,0
1773823119.440938,209.215,0.018,0,24,0,8,8,3,100,0,0
1773823121.442724,209.328,0.028,0,24,0,8,8,3,100,0,0
1773823123.442181,209.426,0.020,0,24,0,8,8,3,100,0,0
1773823125.439203,209.535,0.025,0,24,0,8,8,3,100,0,0
1773823127.443240,209.637,0.022,0,24,0,8,8,3,100,0,0
1773823129.442102,209.746,0.019,0,24,0,8,8,3,100,0,0
1773823131.442870,209.859,0.025,0,24,0,8,8,3,100,0,0
1773823133.442886,209.969,0.023,0,24,0,8,8,3,100,0,0
1773823135.442097,210.082,0.022,0,24,0,8,8,3,100,0,0
1773823137.442262,210.180,0.031,0,24,0,8,8,3,100,0,0
1773823139.444856,210.285,0.025,0,24,0,8,8,3,100,0,0
1773823141.440108,210.387,0.032,0,24,0,8,8,3,100,0,0
1773823143.442182,210.488,0.027,0,24,0,8,8,3,100,0,0
1773823145.441139,210.594,0.032,0,24,0,8,8,3,100,0,0
1773823147.441206,210.699,0.031,0,24,0,8,8,3,100,0,0
1773823149.442670,210.801,0.021,0,24,0,8,8,3,100,0,0
1773823151.443191,210.910,0.033,0,24,0,8,8,3,100,0,0
1773823153.443209,211.004,0.023,0,24,0,8,8,3,100,0,0
1773823155.442771,211.105,0.023,0,24,0,8,8,3,100,0,0
1773823157.442642,211.207,0.026,0,24,0,8,8,3,100,0,0
1773823159.442120,211.312,0.026,0,24,0,8,8,3,100,0,0
1773823161.442029,211.418,0.020,0,24,0,8,8,3,100,0,0
1773823163.442819,211.520,0.032,0,24,0,8,8,3,100,0,0
1773823165.442324,211.621,0.028,0,24,0,8,8,3,100,0,0
1773823167.444940,211.727,0.037,0,24,0,8,8,3,100,0,0
1773823169.438359,211.824,0.029,0,24,0,8,8,3,100,0,0
1773823171.443427,211.922,0.023,0,24,0,8,8,3,100,0,0
1773823173.443090,212.027,0.026,0,24,0,8,8,3,100,0,0
1773823175.441271,212.129,0.026,0,24,0,8,8,3,100,0,0
1773823177.441931,212.238,0.030,0,24,0,8,8,3,100,0,0
1773823179.442135,212.336,0.030,0,24,0,8,8,3,100,0,0
1773823181.442274,212.438,0.024,0,24,0,8,8,3,100,0,0
1773823183.443138,212.539,0.022,0,24,0,8,8,3,100,0,0
1773823185.442237,212.637,0.025,0,24,0,8,8,3,100,0,0
1773823187.442183,212.738,0.024,0,24,0,8,8,3,100,0,0
1773823189.442608,212.844,0.024,0,24,0,8,8,3,100,0,0
1773823191.442343,212.961,0.017,0,24,0,8,8,3,100,0,0
1773823193.441764,197.918,0.021,0,24,0,8,8,3,100,0,0
1773823195.444717,197.957,0.024,0,24,0,8,8,3,100,0,0
1773823197.441756,198.051,0.025,0,24,0,8,8,3,100,0,0
1773823199.439113,198.152,0.030,0,24,0,8,8,3,100,0,0
1773823201.440979,198.270,0.027,0,24,0,8,8,3,100,0,0
1773823203.442155,198.355,0.023,0,24,0,8,8,3,100,0,0
1773823205.442771,198.453,0.020,0,24,0,8,8,3,100,0,0
1773823207.442711,198.555,0.025,0,24,0,8,8,3,100,0,0
1773823209.443479,198.664,0.036,0,24,0,8,8,3,100,0,0
1773823211.438821,198.762,0.027,0,24,0,8,8,3,100,0,0
1773823213.442750,198.871,0.019,0,24,0,8,8,3,100,0,0
1773823215.442532,198.969,0.022,0,24,0,8,8,3,100,0,0
1773823217.440924,199.078,0.028,0,24,0,8,8,3,100,0,0
1773823219.439419,199.176,0.027,0,24,0,8,8,3,100,0,0
1773823221.440781,199.273,0.025,0,24,0,8,8,3,100,0,0
1773823223.442689,199.379,0.024,0,24,0,8,8,3,100,0,0
1773823225.440665,199.484,0.032,0,24,0,8,8,3,100,0,0
1773823227.442623,199.582,0.022,0,24,0,8,8,3,100,0,0
1773823229.441961,199.691,0.031,0,24,0,8,8,3,100,0,0
1773823231.442820,199.793,0.026,0,24,0,8,8,3,100,0,0
1773823233.442683,199.891,0.034,0,24,0,8,8,3,100,0,0
1773823235.443416,199.996,0.024,0,24,0,8,8,3,100,0,0
1773823237.445071,200.094,0.025,0,24,0,8,8,3,100,0,0
1773823239.442074,200.203,0.028,0,24,0,8,8,3,100,0,0
1773823241.442792,200.301,0.028,0,24,0,8,8,3,100,0,0
1773823243.442472,200.402,0.025,0,24,0,8,8,3,100,0,0
1773823245.442251,200.492,0.028,0,24,0,8,8,3,100,0,0
1773823247.442098,200.598,0.024,0,24,0,8,8,3,100,0,0
1773823249.442019,200.699,0.029,0,24,0,8,8,3,100,0,0
1773823251.443405,200.809,0.025,0,24,0,8,8,3,100,0,0
1773823253.442029,200.914,0.040,0,24,0,8,8,3,100,0,0
1773823255.442897,201.008,0.024,0,24,0,8,8,3,100,0,0
1773823257.442624,201.109,0.041,0,24,0,8,8,3,100,0,0
1773823259.442948,201.207,0.027,0,24,0,8,8,3,100,0,0
1773823261.442178,201.309,0.031,0,24,0,8,8,3,100,0,0
1773823263.442845,201.410,0.027,0,24,0,8,8,3,100,0,0
1773823265.442821,201.520,0.024,0,24,0,8,8,3,100,0,0
1773823267.442375,201.621,0.027,0,24,0,8,8,3,100,0,0
1773823269.440679,201.723,0.027,0,24,0,8,8,3,100,0,0
1773823271.442685,201.820,0.027,0,24,0,8,8,3,100,0,0
1773823273.442214,201.926,0.020,0,24,0,8,8,3,100,0,0
1773823275.442194,202.027,0.025,0,24,0,8,8,3,100,0,0
1773823277.443064,202.129,0.026,0,24,0,8,8,3,100,0,0
1773823279.442463,202.238,0.028,0,24,0,8,8,3,100,0,0
1773823281.442556,202.332,0.021,0,24,0,8,8,3,100,0,0
1773823283.442504,202.441,0.025,0,24,0,8,8,3,100,0,0
1773823285.443350,202.543,0.022,0,24,0,8,8,3,100,0,0
1773823287.442189,202.648,0.023,0,24,0,8,8,3,100,0,0
1773823289.443018,202.754,0.026,0,24,0,8,8,3,100,0,0
1773823291.439052,202.855,0.025,0,24,0,8,8,3,100,0,0
1773823293.444637,202.953,0.021,0,24,0,8,8,3,100,0,0
1773823295.439423,203.062,0.027,0,24,0,8,8,3,100,0,0
1773823297.442221,203.164,0.027,0,24,0,8,8,3,100,0,0
1773823299.443259,203.273,0.027,0,24,0,8,8,3,100,0,0
1773823301.443348,203.371,0.021,0,24,0,8,8,3,100,0,0
1773823303.439644,203.473,0.027,0,24,0,8,8,3,100,0,0
1773823305.442191,203.570,0.025,0,24,0,8,8,3,100,0,0
1773823307.443376,203.672,0.023,0,24,0,8,8,3,100,0,0
1773823309.442473,203.777,0.025,0,24,0,8,8,3,100,0,0
1773823311.438320,203.879,0.023,0,24,0,8,8,3,100,0,0
1773823313.439287,203.984,0.023,0,24,0,8,8,3,100,0,0
1773823315.443281,204.090,0.023,0,24,0,8,8,3,100,0,0
1773823317.443249,204.184,0.025,0,24,0,8,8,3,100,0,0
1773823319.439984,204.297,0.041,0,24,0,8,8,3,100,0,0
1773823321.438259,204.383,0.022,0,24,0,8,8,3,100,0,0
1773823323.442525,204.484,0.026,0,24,0,8,8,3,100,0,0
1773823325.440651,204.590,0.023,0,24,0,8,8,3,100,0,0
1773823327.441142,204.695,0.025,0,24,0,8,8,3,100,0,0
1773823329.442101,204.797,0.028,0,24,0,8,8,3,100,0,0
1773823331.441576,204.898,0.029,0,24,0,8,8,3,100,0,0
1773823333.441433,205.008,0.031,0,24,0,8,8,3,100,0,0
1773823335.444416,205.105,0.032,0,24,0,8,8,3,100,0,0
1773823337.442048,205.203,0.025,0,24,0,8,8,3,100,0,0
1773823339.442422,205.301,0.031,0,24,0,8,8,3,100,0,0
1773823341.442512,205.406,0.018,0,24,0,8,8,3,100,0,0
1773823343.442252,205.512,0.027,0,24,0,8,8,3,100,0,0
1773823345.439595,205.613,0.035,0,24,0,8,8,3,100,0,0
1773823347.443146,205.715,0.024,0,24,0,8,8,3,100,0,0
1773823349.442866,205.816,0.030,0,24,0,8,8,3,100,0,0
1773823351.442203,205.922,0.026,0,24,0,8,8,3,100,0,0
1773823353.441610,206.020,0.021,0,24,0,8,8,3,100,0,0
1773823355.442207,206.117,0.021,0,24,0,8,8,3,100,0,0
1773823357.439890,206.223,0.026,0,24,0,8,8,3,100,0,0
1773823359.442095,206.324,0.032,0,24,0,8,8,3,100,0,0
1773823361.442063,206.426,0.025,0,24,0,8,8,3,100,0,0
1773823363.444273,206.527,0.031,0,24,0,8,8,3,100,0,0
1773823365.442309,206.629,0.024,0,24,0,8,8,3,100,0,0
1773823367.442465,206.734,0.033,0,24,0,8,8,3,100,0,0
1773823369.440434,206.836,0.024,0,24,0,8,8,3,100,0,0
1773823371.442365,206.934,0.020,0,24,0,8,8,3,100,0,0
1773823373.441029,207.043,0.031,0,24,0,8,8,3,100,0,0
1773823375.442781,207.145,0.023,0,24,0,8,8,3,100,0,0
1773823377.443281,207.242,0.024,0,24,0,8,8,3,100,0,0
1773823379.442004,207.352,0.024,0,24,0,8,8,3,100,0,0
1773823381.442307,207.453,0.029,0,24,0,8,8,3,100,0,0
1773823383.440685,207.559,0.024,0,24,0,8,8,3,100,0,0
1773823385.442819,207.656,0.020,0,24,0,8,8,3,100,0,0
1773823387.440851,207.766,0.030,0,24,0,8,8,3,100,0,0
1773823389.442015,207.859,0.022,0,24,0,8,8,3,100,0,0
1773823391.438627,207.961,0.024,0,24,0,8,8,3,100,0,0
1773823393.442113,208.062,0.028,0,24,0,8,8,3,100,0,0
1773823395.442289,208.168,0.026,0,24,0,8,8,3,100,0,0
1773823397.442230,208.273,0.022,0,24,0,8,8,3,100,0,0
1773823399.442611,208.371,0.018,0,24,0,8,8,3,100,0,0
1773823401.438627,208.477,0.032,0,24,0,8,8,3,100,0,0
1773823403.442864,208.574,0.033,0,24,0,8,8,3,100,0,0
1773823405.444121,208.672,0.026,0,24,0,8,8,3,100,0,0
1773823407.441883,208.781,0.022,0,24,0,8,8,3,100,0,0
1773823409.442981,208.875,0.025,0,24,0,8,8,3,100,0,0
1773823411.442679,208.984,0.028,0,24,0,8,8,3,100,0,0
1773823413.442244,209.090,0.024,0,24,0,8,8,3,100,0,0
1773823415.442552,209.184,0.026,0,24,0,8,8,3,100,0,0
1773823417.440438,209.289,0.038,0,24,0,8,8,3,100,0,0
1773823419.444744,209.391,0.033,0,24,0,8,8,3,100,0,0
1773823421.442474,209.492,0.029,0,24,0,8,8,3,100,0,0
1773823423.442208,209.594,0.024,0,24,0,8,8,3,100,0,0
1773823425.442473,209.699,0.026,0,24,0,8,8,3,100,0,0
1773823427.440959,209.809,0.021,0,24,0,8,8,3,100,0,0
1773823429.442388,209.902,0.020,0,24,0,8,8,3,100,0,0
1773823431.443579,210.004,0.022,0,24,0,8,8,3,100,0,0
1773823433.439568,210.109,0.025,0,24,0,8,8,3,100,0,0
1773823435.442776,210.215,0.018,0,24,0,8,8,3,100,0,0
1773823437.439800,210.320,0.019,0,24,0,8,8,3,100,0,0
1773823439.442946,210.414,0.023,0,24,0,8,8,3,100,0,0
1773823441.441155,210.512,0.020,0,24,0,8,8,3,100,0,0
1773823443.442833,210.625,0.031,0,24,0,8,8,3,100,0,0
1773823445.442544,210.723,0.025,0,24,0,8,8,3,100,0,0
1773823447.444173,210.824,0.021,0,24,0,8,8,3,100,0,0
1773823449.442201,210.926,0.024,0,24,0,8,8,3,100,0,0
1773823451.439886,211.035,0.056,0,24,0,8,8,3,100,0,0
1773823453.440211,211.141,0.029,0,24,0,8,8,3,100,0,0
1773823455.439577,211.242,0.037,0,24,0,8,8,3,100,0,0
1773823457.442251,211.348,0.024,0,24,0,8,8,3,100,0,0
1773823459.440614,211.449,0.045,0,24,0,8,8,3,100,0,0
1773823461.443810,211.562,0.023,0,24,0,8,8,3,100,0,0
1773823463.442427,211.668,0.029,0,24,0,8,8,3,100,0,0
1773823465.443546,211.770,0.030,0,24,0,8,8,3,100,0,0
1773823467.439387,211.883,0.022,0,24,0,8,8,3,100,0,0
1773823469.442190,211.988,0.029,0,24,0,8,8,3,100,0,0
1773823471.440949,212.098,0.027,0,24,0,8,8,3,100,0,0
1773823473.441994,212.199,0.025,0,24,0,8,8,3,100,0,0
1773823475.444159,212.312,0.024,0,24,0,8,8,3,100,0,0
1773823477.441751,212.426,0.023,0,24,0,8,8,3,100,0,0
1773823479.443026,212.531,0.023,0,24,0,8,8,3,100,0,0
1773823481.442883,212.645,0.019,0,24,0,8,8,3,100,0,0
1773823483.442087,212.750,0.029,0,24,0,8,8,3,100,0,0
1773823485.442531,212.855,0.025,0,24,0,8,8,3,100,0,0
1773823487.438961,212.957,0.019,0,24,0,8,8,3,100,0,0
1773823489.443281,213.094,0.018,0,24,0,8,8,3,100,0,0
1773823491.442976,197.930,0.020,0,24,0,8,8,3,100,0,0
1773823493.438014,197.977,0.028,0,24,0,8,8,3,100,0,0
1773823495.442786,198.078,0.040,0,24,0,8,8,3,100,0,0
1773823497.442362,198.184,0.029,0,24,0,8,8,3,100,0,0
1773823499.441923,198.285,0.026,0,24,0,8,8,3,100,0,0
1773823501.438535,198.395,0.018,0,24,0,8,8,3,100,0,0
1773823503.442422,198.496,0.016,0,24,0,8,8,3,100,0,0
1773823505.438544,198.594,0.025,0,24,0,8,8,3,100,0,0
1773823507.441871,198.699,0.035,0,24,0,8,8,3,100,0,0
1773823509.438912,198.801,0.026,0,24,0,8,8,3,100,0,0
1773823511.440328,198.910,0.017,0,24,0,8,8,3,100,0,0
1773823513.441915,199.023,0.026,0,24,0,8,8,3,100,0,0
1773823515.441372,199.113,0.024,0,24,0,8,8,3,100,0,0
1773823517.444108,199.219,0.024,0,24,0,8,8,3,100,0,0
1773823519.440309,199.320,0.034,0,24,0,8,8,3,100,0,0
1773823521.440684,199.426,0.034,0,24,0,8,8,3,100,0,0
1773823523.442739,199.527,0.020,0,24,0,8,8,3,100,0,0
1773823525.441820,199.629,0.027,0,24,0,8,8,3,100,0,0
1773823527.439193,199.734,0.021,0,24,0,8,8,3,100,0,0
1773823529.441525,199.840,0.019,0,24,0,8,8,3,100,0,0
1773823531.442892,199.938,0.021,0,24,0,8,8,3,100,0,0
1773823533.440160,200.043,0.020,0,24,0,8,8,3,100,0,0
1773823535.442354,200.145,0.025,0,24,0,8,8,3,100,0,0
1773823537.443046,200.246,0.019,0,24,0,8,8,3,100,0,0
1773823539.442045,200.344,0.025,0,24,0,8,8,3,100,0,0
1773823541.442060,200.445,0.029,0,24,0,8,8,3,100,0,0
1773823543.442001,200.551,0.024,0,24,0,8,8,3,100,0,0
1773823545.443673,200.637,0.035,0,24,0,8,8,3,100,0,0
1773823547.441989,200.738,0.023,0,24,0,8,8,3,100,0,0
1773823549.442657,200.848,0.033,0,24,0,8,8,3,100,0,0
1773823551.440084,200.953,0.026,0,24,0,8,8,3,100,0,0
1773823553.442690,201.051,0.019,0,24,0,8,8,3,100,0,0
1773823555.439689,201.152,0.027,0,24,0,8,8,3,100,0,0
1773823557.442009,201.246,0.026,0,24,0,8,8,3,100,0,0
1773823559.440611,201.355,0.029,0,24,0,8,8,3,100,0,0
1773823561.439173,201.453,0.031,0,24,0,8,8,3,100,0,0
1773823563.438266,201.559,0.024,0,24,0,8,8,3,100,0,0
1773823565.441924,201.668,0.023,0,24,0,8,8,3,100,0,0
1773823567.440856,201.770,0.033,0,24,0,8,8,3,100,0,0
1773823569.439485,201.871,0.029,0,24,0,8,8,3,100,0,0
1773823571.441978,201.973,0.028,0,24,0,8,8,3,100,0,0
1773823573.442831,202.070,0.023,0,24,0,8,8,3,100,0,0
1773823575.442633,202.172,0.028,0,24,0,8,8,3,100,0,0
1773823577.441894,202.277,0.031,0,24,0,8,8,3,100,0,0
1773823579.440466,202.375,0.023,0,24,0,8,8,3,100,0,0
1773823581.439622,202.473,0.236,0,24,0,8,8,3,100,0,0
1773823583.441715,202.582,0.022,0,24,0,8,8,3,100,0,0
1773823585.441772,202.688,0.022,0,24,0,8,8,3,100,0,0
1773823587.443536,202.789,0.018,0,24,0,8,8,3,100,0,0
1773823589.441904,202.887,0.023,0,24,0,8,8,3,100,0,0
1773823591.442241,202.988,0.041,0,24,0,8,8,3,100,0,0
1773823593.443298,203.090,0.022,0,24,0,8,8,3,100,0,0
1773823595.438580,203.191,0.019,0,24,0,8,8,3,100,0,0
1773823597.439947,203.309,0.028,0,24,0,8,8,3,100,0,0
1773823599.439050,203.402,0.021,0,24,0,8,8,3,100,0,0
1773823601.441590,203.504,0.022,0,24,0,8,8,3,100,0,0
1773823603.442580,203.613,0.022,0,24,0,8,8,3,100,0,0
1773823605.445587,203.441,0.021,0,24,0,8,8,3,100,0,0
1773823607.441913,203.535,0.025,0,24,0,8,8,3,100,0,0
1773823609.445401,203.641,0.022,0,24,0,8,8,3,100,0,0
1773823611.441924,203.738,0.027,0,24,0,8,8,3,100,0,0
1773823613.442516,203.844,0.020,0,24,0,8,8,3,100,0,0
1773823615.438538,203.945,0.022,0,24,0,8,8,3,100,0,0
1773823617.442604,204.051,0.021,0,24,0,8,8,3,100,0,0
1773823619.442607,204.152,0.019,0,24,0,8,8,3,100,0,0
1773823621.439038,204.266,0.026,0,24,0,8,8,3,100,0,0
1773823623.439196,204.352,0.027,0,24,0,8,8,3,100,0,0
1773823625.442219,204.457,0.034,0,24,0,8,8,3,100,0,0
1773823627.438957,204.570,0.037,0,24,0,8,8,3,100,0,0
1773823629.442751,204.668,0.030,0,24,0,8,8,3,100,0,0
1773823631.439841,204.773,0.021,0,24,0,8,8,3,100,0,0
1773823633.442523,204.879,0.026,0,24,0,8,8,3,100,0,0
1773823635.444036,204.980,0.031,0,24,0,8,8,3,100,0,0
1773823637.441462,205.082,0.025,0,24,0,8,8,3,100,0,0
1773823639.439139,205.172,0.021,0,24,0,8,8,3,100,0,0
1773823641.441942,205.277,0.030,0,24,0,8,8,3,100,0,0
1773823643.443455,205.383,0.022,0,24,0,8,8,3,100,0,0
1773823645.439405,205.484,0.029,0,24,0,8,8,3,100,0,0
1773823647.443063,205.590,0.033,0,24,0,8,8,3,100,0,0
1773823649.440824,205.691,0.037,0,24,0,8,8,3,100,0,0
1773823651.442954,205.797,0.028,0,24,0,8,8,3,100,0,0
1773823653.443143,205.895,0.027,0,24,0,8,8,3,100,0,0
1773823655.441234,206.000,0.029,0,24,0,8,8,3,100,0,0
1773823657.442624,206.094,0.019,0,24,0,8,8,3,100,0,0
1773823659.438681,206.191,0.025,0,24,0,8,8,3,100,0,0
1773823661.439871,206.301,0.029,0,24,0,8,8,3,100,0,0
1773823663.442182,206.398,0.022,0,24,0,8,8,3,100,0,0
1773823665.439224,206.500,0.022,0,24,0,8,8,3,100,0,0
1773823667.442527,206.605,0.024,0,24,0,8,8,3,100,0,0
1773823669.442054,206.707,0.023,0,24,0,8,8,3,100,0,0
1773823671.440490,206.816,0.022,0,24,0,8,8,3,100,0,0
1773823673.439731,206.910,0.019,0,24,0,8,8,3,100,0,0
1773823675.439195,207.016,0.017,0,24,0,8,8,3,100,0,0
1773823677.442497,207.117,0.020,0,24,0,8,8,3,100,0,0
1773823679.442302,207.219,0.018,0,24,0,8,8,3,100,0,0
1773823681.442652,207.328,0.018,0,24,0,8,8,3,100,0,0
1773823683.442354,207.422,0.020,0,24,0,8,8,3,100,0,0
1773823685.443476,207.527,0.021,0,24,0,8,8,3,100,0,0
1773823687.441902,207.625,0.026,0,24,0,8,8,3,100,0,0
1773823689.439462,207.734,0.025,0,24,0,8,8,3,100,0,0
1773823691.443222,207.828,0.020,0,24,0,8,8,3,100,0,0
1773823693.442546,207.934,0.025,0,24,0,8,8,3,100,0,0
1773823695.440234,208.035,0.031,0,24,0,8,8,3,100,0,0
1773823697.441675,208.141,0.022,0,24,0,8,8,3,100,0,0
1773823699.440038,208.238,0.025,0,24,0,8,8,3,100,0,0
1773823701.439859,208.344,0.024,0,24,0,8,8,3,100,0,0
1773823703.438838,208.441,0.022,0,24,0,8,8,3,100,0,0
1773823705.442294,208.551,0.023,0,24,0,8,8,3,100,0,0
1773823707.440893,208.641,0.023,0,24,0,8,8,3,100,0,0
1773823709.442128,208.742,0.031,0,24,0,8,8,3,100,0,0
1773823711.442177,208.848,0.024,0,24,0,8,8,3,100,0,0
1773823713.442946,208.953,0.024,0,24,0,8,8,3,100,0,0
1773823715.439418,209.055,0.027,0,24,0,8,8,3,100,0,0
1773823717.441114,209.160,0.019,0,24,0,8,8,3,100,0,0
1773823719.443207,209.258,0.038,0,24,0,8,8,3,100,0,0
1773823721.442022,209.371,0.020,0,24,0,8,8,3,100,0,0
1773823723.441278,209.469,0.095,0,24,0,8,8,3,100,0,0
1773823725.439170,209.582,0.022,0,24,0,8,8,3,100,0,0
1773823727.443549,209.684,0.028,0,24,0,8,8,3,100,0,0
1773823729.441718,209.801,0.028,0,24,0,8,8,3,100,0,0
1773823731.442176,209.902,0.023,0,24,0,8,8,3,100,0,0
1773823733.442276,210.012,0.025,0,24,0,8,8,3,100,0,0
1773823735.440886,210.113,0.026,0,24,0,8,8,3,100,0,0
1773823737.441864,210.215,0.025,0,24,0,8,8,3,100,0,0
1773823739.442702,210.324,0.021,0,24,0,8,8,3,100,0,0
1773823741.443607,210.418,0.020,0,24,0,8,8,3,100,0,0
1773823743.442283,210.523,0.026,0,24,0,8,8,3,100,0,0
1773823745.440918,210.629,0.032,0,24,0,8,8,3,100,0,0
1773823747.442375,210.734,0.026,0,24,0,8,8,3,100,0,0
1773823749.442356,210.832,0.027,0,24,0,8,8,3,100,0,0
1773823751.442032,210.938,0.019,0,24,0,8,8,3,100,0,0
1773823753.440206,211.035,0.028,0,24,0,8,8,3,100,0,0
1773823755.442833,211.141,0.033,0,24,0,8,8,3,100,0,0
1773823757.442170,211.238,0.030,0,24,0,8,8,3,100,0,0
1773823759.442850,211.340,0.026,0,24,0,8,8,3,100,0,0
1773823761.442556,211.445,0.028,0,24,0,8,8,3,100,0,0
1773823763.442589,211.543,0.018,0,24,0,8,8,3,100,0,0
1773823765.442882,211.648,0.018,0,24,0,8,8,3,100,0,0
1773823767.442062,211.750,0.021,0,24,0,8,8,3,100,0,0
1773823769.438457,211.855,0.021,0,24,0,8,8,3,100,0,0
1773823771.440619,211.953,0.018,0,24,0,8,8,3,100,0,0
1773823773.439983,212.055,0.022,0,24,0,8,8,3,100,0,0
1773823775.442438,212.156,0.019,0,24,0,8,8,3,100,0,0
1773823777.441960,212.254,0.023,0,24,0,8,8,3,100,0,0
1773823779.441991,212.359,0.035,0,24,0,8,8,3,100,0,0
1773823781.442062,212.461,0.032,0,24,0,8,8,3,100,0,0
1773823783.442971,212.566,0.022,0,24,0,8,8,3,100,0,0
1773823785.438598,212.676,0.021,0,24,0,8,8,3,100,0,0
1773823787.440242,212.820,0.015,0,24,0,8,8,3,100,0,0
1773823789.442435,197.496,0.022,0,24,0,8,8,3,100,0,0
1773823791.439850,197.562,0.027,0,24,0,8,8,3,100,0,0
1773823793.441156,197.664,0.021,0,24,0,8,8,3,100,0,0
1773823795.441007,197.773,0.021,0,24,0,8,8,3,100,0,0
1773823797.443032,197.875,0.020,0,24,0,8,8,3,100,0,0
1773823799.438309,197.980,0.023,0,24,0,8,8,3,100,0,0
1773823801.442596,198.078,0.018,0,24,0,8,8,3,100,0,0
1773823803.444004,198.180,0.030,0,24,0,8,8,3,100,0,0
1773823805.440033,198.289,0.019,0,24,0,8,8,3,100,0,0
1773823807.442215,198.395,0.029,0,24,0,8,8,3,100,0,0
1773823809.442183,198.484,0.033,0,24,0,8,8,3,100,0,0
1773823811.442671,198.594,0.024,0,24,0,8,8,3,100,0,0
1773823813.439237,198.695,0.026,0,24,0,8,8,3,100,0,0
1773823815.442042,198.793,0.019,0,24,0,8,8,3,100,0,0
1773823817.442239,198.902,0.024,0,24,0,8,8,3,100,0,0
1773823819.441618,199.000,0.018,0,24,0,8,8,3,100,0,0
1773823821.442165,199.105,0.024,0,24,0,8,8,3,100,0,0
1773823823.441585,199.211,0.026,0,24,0,8,8,3,100,0,0
1773823825.442599,199.301,0.021,0,24,0,8,8,3,100,0,0
1773823827.439900,199.406,0.021,0,24,0,8,8,3,100,0,0
1773823829.442481,199.512,0.030,0,24,0,8,8,3,100,0,0
1773823831.443029,199.609,0.028,0,24,0,8,8,3,100,0,0
1773823833.442205,199.715,0.028,0,24,0,8,8,3,100,0,0
1773823835.441996,199.816,0.026,0,24,0,8,8,3,100,0,0
1773823837.441091,199.922,0.024,0,24,0,8,8,3,100,0,0
1773823839.442070,200.020,0.023,0,24,0,8,8,3,100,0,0
1773823841.440936,200.121,0.024,0,24,0,8,8,3,100,0,0
1773823843.442618,200.223,0.025,0,24,0,8,8,3,100,0,0
1773823845.442947,200.320,0.029,0,24,0,8,8,3,100,0,0
1773823847.446134,200.414,0.031,0,24,0,8,8,3,100,0,0
1773823849.442594,200.523,0.025,0,24,0,8,8,3,100,0,0
1773823851.441743,200.633,0.020,0,24,0,8,8,3,100,0,0
1773823853.438544,200.738,0.020,0,24,0,8,8,3,100,0,0
1773823855.440851,200.828,0.042,0,24,0,8,8,3,100,0,0
1773823857.440407,200.938,0.032,0,24,0,8,8,3,100,0,0
1773823859.441884,201.027,0.028,0,24,0,8,8,3,100,0,0
1773823861.446151,201.129,0.046,0,24,0,8,8,3,100,0,0
1773823863.441866,201.230,0.022,0,24,0,8,8,3,100,0,0
1773823865.441697,201.336,0.022,0,24,0,8,8,3,100,0,0
1773823867.439356,201.441,0.042,0,24,0,8,8,3,100,0,0
1773823869.442108,201.539,0.023,0,24,0,8,8,3,100,0,0
1773823871.441468,201.645,0.026,0,24,0,8,8,3,100,0,0
1773823873.440682,201.754,0.018,0,24,0,8,8,3,100,0,0
1773823875.440706,201.848,0.021,0,24,0,8,8,3,100,0,0
1773823877.449061,201.953,0.019,0,24,0,8,8,3,100,0,0
1773823879.439653,202.051,0.017,0,24,0,8,8,3,100,0,0
1773823881.441497,202.156,0.024,0,24,0,8,8,3,100,0,0
1773823883.442157,202.266,0.022,0,24,0,8,8,3,100,0,0
1773823885.440910,202.367,0.020,0,24,0,8,8,3,100,0,0
1773823887.440984,202.469,0.017,0,24,0,8,8,3,100,0,0
1773823889.443687,202.566,0.020,0,24,0,8,8,3,100,0,0
1773823891.442056,202.664,0.019,0,24,0,8,8,3,100,0,0
1773823893.443060,202.770,0.018,0,24,0,8,8,3,100,0,0
1773823895.441438,202.871,0.028,0,24,0,8,8,3,100,0,0
1773823897.438385,202.973,0.019,0,24,0,8,8,3,100,0,0
1773823899.442144,203.086,0.020,0,24,0,8,8,3,100,0,0
1773823901.442143,203.184,0.027,0,24,0,8,8,3,100,0,0
1773823903.443285,203.285,0.030,0,24,0,8,8,3,100,0,0
1773823905.442815,203.391,0.025,0,24,0,8,8,3,100,0,0
1773823907.442010,203.488,0.025,0,24,0,8,8,3,100,0,0
1773823909.440671,203.590,0.022,0,24,0,8,8,3,100,0,0
1773823911.442143,203.691,0.021,0,24,0,8,8,3,100,0,0
1773823913.439884,203.793,0.024,0,24,0,8,8,3,100,0,0
1773823915.441793,203.898,0.022,0,24,0,8,8,3,100,0,0
1773823917.442313,204.000,0.025,0,24,0,8,8,3,100,0,0
1773823919.437985,204.105,0.031,0,24,0,8,8,3,100,0,0
1773823921.442699,204.199,0.029,0,24,0,8,8,3,100,0,0
1773823923.442914,204.305,0.023,0,24,0,8,8,3,100,0,0
1773823925.442871,204.406,0.031,0,24,0,8,8,3,100,0,0
1773823927.441526,204.508,0.025,0,24,0,8,8,3,100,0,0
1773823929.443038,204.609,0.026,0,24,0,8,8,3,100,0,0
1773823931.442318,204.711,0.025,0,24,0,8,8,3,100,0,0
1773823933.441890,204.812,0.024,0,24,0,8,8,3,100,0,0
1773823935.439749,204.918,0.046,0,24,0,8,8,3,100,0,0
1773823937.441239,205.020,0.026,0,24,0,8,8,3,100,0,0
1773823939.439733,205.117,0.029,0,24,0,8,8,3,100,0,0
1773823941.440554,205.219,0.026,0,24,0,8,8,3,100,0,0
1773823943.442609,205.312,0.028,0,24,0,8,8,3,100,0,0
1773823945.441960,205.422,0.024,0,24,0,8,8,3,100,0,0
1773823947.443386,205.527,0.032,0,24,0,8,8,3,100,0,0
1773823949.442740,205.625,0.028,0,24,0,8,8,3,100,0,0
1773823951.444553,205.727,0.031,0,24,0,8,8,3,100,0,0
1773823953.442324,205.828,0.077,0,24,0,8,8,3,100,0,0
1773823955.440794,205.938,0.038,0,24,0,8,8,3,100,0,0
1773823957.438421,206.031,0.021,0,24,0,8,8,3,100,0,0
1773823959.441629,206.133,0.020,0,24,0,8,8,3,100,0,0
1773823961.438556,206.230,0.018,0,24,0,8,8,3,100,0,0
1773823963.442107,206.340,0.020,0,24,0,8,8,3,100,0,0
1773823965.444267,206.438,0.024,0,24,0,8,8,3,100,0,0
1773823967.441947,206.539,0.025,0,24,0,8,8,3,100,0,0
1773823969.438469,206.648,0.024,0,24,0,8,8,3,100,0,0
1773823971.442137,206.750,0.021,0,24,0,8,8,3,100,0,0
1773823973.438597,206.848,0.031,0,24,0,8,8,3,100,0,0
1773823975.438786,206.941,0.027,0,24,0,8,8,3,100,0,0
1773823977.441807,207.047,0.020,0,24,0,8,8,3,100,0,0
1773823979.443966,207.152,0.019,0,24,0,8,8,3,100,0,0
1773823981.441244,207.254,0.023,0,24,0,8,8,3,100,0,0
1773823983.441935,207.359,0.023,0,24,0,8,8,3,100,0,0
1773823985.441426,207.461,0.021,0,24,0,8,8,3,100,0,0
1773823987.438757,207.566,0.022,0,24,0,8,8,3,100,0,0
1773823989.442366,207.672,0.026,0,24,0,8,8,3,100,0,0
1773823991.439671,207.766,0.033,0,24,0,8,8,3,100,0,0
1773823993.442911,207.871,0.024,0,24,0,8,8,3,100,0,0
1773823995.442736,207.965,0.031,0,24,0,8,8,3,100,0,0
1773823997.441152,208.074,0.025,0,24,0,8,8,3,100,0,0
1773823999.442127,208.180,0.027,0,24,0,8,8,3,100,0,0
1773824001.440473,208.273,0.059,0,24,0,8,8,3,100,0,0
1773824003.443196,208.379,0.027,0,24,0,8,8,3,100,0,0
1773824005.441472,208.484,0.019,0,24,0,8,8,3,100,0,0
1773824007.442447,208.586,0.025,0,24,0,8,8,3,100,0,0
1773824009.442464,208.680,0.020,0,24,0,8,8,3,100,0,0
1773824011.442025,208.781,0.024,0,24,0,8,8,3,100,0,0
1773824013.444090,208.887,0.032,0,24,0,8,8,3,100,0,0
1773824015.440746,208.988,0.022,0,24,0,8,8,3,100,0,0
1773824017.439651,209.094,0.022,0,24,0,8,8,3,100,0,0
1773824019.441266,209.191,0.028,0,24,0,8,8,3,100,0,0
1773824021.442892,209.293,0.031,0,24,0,8,8,3,100,0,0
1773824023.438339,209.395,0.024,0,24,0,8,8,3,100,0,0
1773824025.438870,209.492,0.025,0,24,0,8,8,3,100,0,0
1773824027.440847,209.602,0.019,0,24,0,8,8,3,100,0,0
1773824029.438913,209.703,0.024,0,24,0,8,8,3,100,0,0
1773824031.442740,209.805,0.020,0,24,0,8,8,3,100,0,0
1773824033.442444,209.902,0.023,0,24,0,8,8,3,100,0,0
1773824035.439490,210.008,0.022,0,24,0,8,8,3,100,0,0
1773824037.441606,210.109,0.023,0,24,0,8,8,3,100,0,0
1773824039.441919,210.211,0.026,0,24,0,8,8,3,100,0,0
1773824041.442814,210.312,0.020,0,24,0,8,8,3,100,0,0
1773824043.439476,210.410,0.025,0,24,0,8,8,3,100,0,0
1773824045.442891,210.512,0.024,0,24,0,8,8,3,100,0,0
1773824047.442022,210.613,0.029,0,24,0,8,8,3,100,0,0
1773824049.443321,210.719,0.022,0,24,0,8,8,3,100,0,0
1773824051.441878,210.820,0.031,0,24,0,8,8,3,100,0,0
1773824053.442991,210.930,0.025,0,24,0,8,8,3,100,0,0
1773824055.442527,211.023,0.034,0,24,0,8,8,3,100,0,0
1773824057.438011,211.133,0.035,0,24,0,8,8,3,100,0,0
1773824059.442691,211.227,0.035,0,24,0,8,8,3,100,0,0
1773824061.442740,211.328,0.025,0,24,0,8,8,3,100,0,0
1773824063.442270,211.434,0.023,0,24,0,8,8,3,100,0,0
1773824065.442055,211.539,0.024,0,24,0,8,8,3,100,0,0
1773824067.442199,211.648,0.026,0,24,0,8,8,3,100,0,0
1773824069.438681,211.746,0.034,0,24,0,8,8,3,100,0,0
1773824071.442637,211.855,0.033,0,24,0,8,8,3,100,0,0
1773824073.440501,211.957,0.029,0,24,0,8,8,3,100,0,0
1773824075.438855,212.070,0.029,0,24,0,8,8,3,100,0,0
1773824077.439080,212.180,0.026,0,24,0,8,8,3,100,0,0
1773824079.442011,212.273,0.031,0,24,0,8,8,3,100,0,0
1773824081.442014,212.391,0.042,0,24,0,8,8,3,100,0,0
1773824083.442683,212.484,0.024,0,24,0,8,8,3,100,0,0
1773824085.440891,200.812,0.016,0,24,0,8,8,3,100,0,0
1773824087.441685,197.535,0.025,0,24,0,8,8,3,100,0,0
1773824089.441807,197.613,0.027,0,24,0,8,8,3,100,0,0
1773824091.443998,197.719,0.027,0,24,0,8,8,3,100,0,0
1773824093.442572,197.816,0.020,0,24,0,8,8,3,100,0,0
1773824095.442546,197.922,0.020,0,24,0,8,8,3,100,0,0
1773824097.440463,198.027,0.023,0,24,0,8,8,3,100,0,0
1773824099.441829,198.129,0.034,0,24,0,8,8,3,100,0,0
1773824101.441855,198.238,0.028,0,24,0,8,8,3,100,0,0
1773824103.442167,198.340,0.030,0,24,0,8,8,3,100,0,0
1773824105.443084,198.445,0.037,0,24,0,8,8,3,100,0,0
1773824107.441726,198.555,0.028,0,24,0,8,8,3,100,0,0
1773824109.441226,198.652,0.027,0,24,0,8,8,3,100,0,0
1773824111.442417,198.750,0.034,0,24,0,8,8,3,100,0,0
1773824113.441720,198.848,0.026,0,24,0,8,8,3,100,0,0
1773824115.443027,198.953,0.027,0,24,0,8,8,3,100,0,0
1773824117.441902,199.055,0.027,0,24,0,8,8,3,100,0,0
1773824119.442577,199.160,0.032,0,24,0,8,8,3,100,0,0
1773824121.442616,199.266,0.022,0,24,0,8,8,3,100,0,0
1773824123.443798,199.363,0.025,0,24,0,8,8,3,100,0,0
1773824125.442950,199.465,0.027,0,24,0,8,8,3,100,0,0
1773824127.443005,199.562,0.025,0,24,0,8,8,3,100,0,0
1773824129.442642,199.668,0.033,0,24,0,8,8,3,100,0,0
1773824131.441899,199.766,0.032,0,24,0,8,8,3,100,0,0
1773824133.441200,199.875,0.026,0,24,0,8,8,3,100,0,0
1773824135.442394,199.973,0.026,0,24,0,8,8,3,100,0,0
1773824137.441280,200.078,0.026,0,24,0,8,8,3,100,0,0
1773824139.441782,200.184,0.021,0,24,0,8,8,3,100,0,0
1773824141.441375,200.281,0.022,0,24,0,8,8,3,100,0,0
1773824143.438608,200.383,0.035,0,24,0,8,8,3,100,0,0
1773824145.440241,200.473,0.033,0,24,0,8,8,3,100,0,0
1773824147.442878,200.570,0.021,0,24,0,8,8,3,100,0,0
1773824149.439068,200.676,0.028,0,24,0,8,8,3,100,0,0
1773824151.442013,200.777,0.020,0,24,0,8,8,3,100,0,0
1773824153.440955,200.879,0.033,0,24,0,8,8,3,100,0,0
1773824155.442498,200.984,0.026,0,24,0,8,8,3,100,0,0
1773824157.440485,201.086,0.035,0,24,0,8,8,3,100,0,0
1773824159.439301,201.199,0.037,0,24,0,8,8,3,100,0,0
1773824161.443179,201.289,0.030,0,24,0,8,8,3,100,0,0
1773824163.438878,201.398,0.023,0,24,0,8,8,3,100,0,0
1773824165.442644,201.500,0.030,0,24,0,8,8,3,100,0,0
1773824167.441094,201.594,0.036,0,24,0,8,8,3,100,0,0
1773824169.441886,201.707,0.026,0,24,0,8,8,3,100,0,0
1773824171.441741,201.805,0.035,0,24,0,8,8,3,100,0,0
1773824173.440201,201.910,0.026,0,24,0,8,8,3,100,0,0
1773824175.443046,202.012,0.023,0,24,0,8,8,3,100,0,0
1773824177.441827,202.105,0.019,0,24,0,8,8,3,100,0,0
1773824179.441903,202.211,0.022,0,24,0,8,8,3,100,0,0
1773824181.442106,202.312,0.025,0,24,0,8,8,3,100,0,0
1773824183.441923,202.418,0.031,0,24,0,8,8,3,100,0,0
1773824185.440222,202.516,0.036,0,24,0,8,8,3,100,0,0
1773824187.443001,202.625,0.025,0,24,0,8,8,3,100,0,0
1773824189.443258,202.723,0.020,0,24,0,8,8,3,100,0,0
1773824191.441711,202.824,0.029,0,24,0,8,8,3,100,0,0
1773824193.442828,202.934,0.027,0,24,0,8,8,3,100,0,0
1773824195.442935,203.027,0.022,0,24,0,8,8,3,100,0,0
1773824197.440898,203.133,0.033,0,24,0,8,8,3,100,0,0
1773824199.442145,203.234,0.021,0,24,0,8,8,3,100,0,0
1773824201.441293,203.332,0.028,0,24,0,8,8,3,100,0,0
1773824203.443671,203.434,0.028,0,24,0,8,8,3,100,0,0
1773824205.439980,203.516,0.030,0,24,0,8,8,3,100,0,0
1773824207.439734,203.617,0.037,0,24,0,8,8,3,100,0,0
1773824209.440258,203.727,0.037,0,24,0,8,8,3,100,0,0
1773824211.441882,203.816,0.025,0,24,0,8,8,3,100,0,0
1773824213.441887,203.922,0.021,0,24,0,8,8,3,100,0,0
1773824215.441275,204.020,0.028,0,24,0,8,8,3,100,0,0
1773824217.443992,204.133,0.038,0,24,0,8,8,3,100,0,0
1773824219.442307,204.227,0.029,0,24,0,8,8,3,100,0,0
1773824221.441841,204.332,0.023,0,24,0,8,8,3,100,0,0
1773824223.441683,204.453,0.027,0,24,0,8,8,3,100,0,0
1773824225.440192,204.555,0.029,0,24,0,8,8,3,100,0,0
1773824227.441764,204.648,0.033,0,24,0,8,8,3,100,0,0
1773824229.441761,204.754,0.029,0,24,0,8,8,3,100,0,0
1773824231.443346,204.848,0.030,0,24,0,8,8,3,100,0,0
1773824233.442265,204.953,0.022,0,24,0,8,8,3,100,0,0
1773824235.440644,205.055,0.032,0,24,0,8,8,3,100,0,0
1773824237.443099,205.164,0.028,0,24,0,8,8,3,100,0,0
1773824239.442437,205.262,0.027,0,24,0,8,8,3,100,0,0
1773824241.442722,205.375,0.020,0,24,0,8,8,3,100,0,0
1773824243.439576,205.465,0.025,0,24,0,8,8,3,100,0,0
1773824245.442945,205.566,0.023,0,24,0,8,8,3,100,0,0
1773824247.442814,205.664,0.022,0,24,0,8,8,3,100,0,0
1773824249.443333,205.766,0.025,0,24,0,8,8,3,100,0,0
1773824251.441962,205.875,0.035,0,24,0,8,8,3,100,0,0
1773824253.441961,205.977,0.029,0,24,0,8,8,3,100,0,0
1773824255.442199,206.074,0.026,0,24,0,8,8,3,100,0,0
1773824257.441710,206.184,0.019,0,24,0,8,8,3,100,0,0
1773824259.443881,206.285,0.028,0,24,0,8,8,3,100,0,0
1773824261.441457,206.375,0.041,0,24,0,8,8,3,100,0,0
1773824263.441647,206.477,0.029,0,24,0,8,8,3,100,0,0
1773824265.442051,206.582,0.029,0,24,0,8,8,3,100,0,0
1773824267.439424,206.684,0.023,0,24,0,8,8,3,100,0,0
1773824269.441748,206.789,0.035,0,24,0,8,8,3,100,0,0
1773824271.439624,206.895,0.031,0,24,0,8,8,3,100,0,0
1773824273.442411,206.996,0.020,0,24,0,8,8,3,100,0,0
1773824275.443170,207.098,0.038,0,24,0,8,8,3,100,0,0
1773824277.441723,207.191,0.027,0,24,0,8,8,3,100,0,0
1773824279.442446,207.297,0.030,0,24,0,8,8,3,100,0,0
1773824281.439119,207.402,0.025,0,24,0,8,8,3,100,0,0
1773824283.439310,207.496,0.022,0,24,0,8,8,3,100,0,0
1773824285.442114,207.598,0.026,0,24,0,8,8,3,100,0,0
1773824287.441180,207.703,0.028,0,24,0,8,8,3,100,0,0
1773824289.441747,207.805,0.033,0,24,0,8,8,3,100,0,0
1773824291.440873,207.910,0.033,0,24,0,8,8,3,100,0,0
1773824293.442839,208.012,0.020,0,24,0,8,8,3,100,0,0
1773824295.444033,208.113,0.024,0,24,0,8,8,3,100,0,0
1773824297.442061,208.211,0.021,0,24,0,8,8,3,100,0,0
1773824299.443450,208.309,0.023,0,24,0,8,8,3,100,0,0
1773824301.444965,208.418,0.031,0,24,0,8,8,3,100,0,0
1773824303.438616,208.520,0.023,0,24,0,8,8,3,100,0,0
1773824305.442586,208.625,0.023,0,24,0,8,8,3,100,0,0
1773824307.442564,208.719,0.025,0,24,0,8,8,3,100,0,0
1773824309.440490,208.832,0.033,0,24,0,8,8,3,100,0,0
1773824311.439598,208.926,0.027,0,24,0,8,8,3,100,0,0
1773824313.442485,209.031,0.028,0,24,0,8,8,3,100,0,0
1773824315.442714,209.129,0.041,0,24,0,8,8,3,100,0,0
1773824317.442556,209.230,0.034,0,24,0,8,8,3,100,0,0
1773824319.441717,209.340,0.029,0,24,0,8,8,3,100,0,0
1773824321.441932,209.438,0.028,0,24,0,8,8,3,100,0,0
1773824323.440528,209.543,0.022,0,24,0,8,8,3,100,0,0
1773824325.442667,209.648,0.023,0,24,0,8,8,3,100,0,0
1773824327.440676,209.750,0.034,0,24,0,8,8,3,100,0,0
1773824329.440456,209.840,0.040,0,24,0,8,8,3,100,0,0
1773824331.442430,209.945,0.025,0,24,0,8,8,3,100,0,0
1773824333.438903,210.051,0.032,0,24,0,8,8,3,100,0,0
1773824335.443825,210.152,0.023,0,24,0,8,8,3,100,0,0
1773824337.440808,210.258,0.029,0,24,0,8,8,3,100,0,0
1773824339.441810,210.355,0.027,0,24,0,8,8,3,100,0,0
1773824341.441258,210.461,0.027,0,24,0,8,8,3,100,0,0
1773824343.442932,210.566,0.021,0,24,0,8,8,3,100,0,0
1773824345.442455,210.664,0.020,0,24,0,8,8,3,100,0,0
1773824347.438095,210.766,0.031,0,24,0,8,8,3,100,0,0
1773824349.443125,210.875,0.020,0,24,0,8,8,3,100,0,0
1773824351.440663,210.973,0.021,0,24,0,8,8,3,100,0,0
1773824353.442048,211.078,0.027,0,24,0,8,8,3,100,0,0
1773824355.442132,211.176,0.025,0,24,0,8,8,3,100,0,0
1773824357.443845,211.281,0.029,0,24,0,8,8,3,100,0,0
1773824359.439387,211.387,0.026,0,24,0,8,8,3,100,0,0
1773824361.441622,211.477,0.030,0,24,0,8,8,3,100,0,0
1773824363.438649,211.582,0.024,0,24,0,8,8,3,100,0,0
1773824365.442297,211.684,0.020,0,24,0,8,8,3,100,0,0
1773824367.440731,211.781,0.029,0,24,0,8,8,3,100,0,0
1773824369.442383,211.891,0.021,0,24,0,8,8,3,100,0,0
1773824371.442397,211.996,0.023,0,24,0,8,8,3,100,0,0
1773824373.442044,212.098,0.030,0,24,0,8,8,3,100,0,0
1773824375.442392,212.199,0.022,0,24,0,8,8,3,100,0,0
1773824377.441359,212.297,0.033,0,24,0,8,8,3,100,0,0
1773824379.439579,212.398,0.023,0,24,0,8,8,3,100,0,0
1773824381.440559,212.512,0.021,0,24,0,8,8,3,100,0,0
1773824383.439238,200.668,0.034,0,24,0,8,8,3,100,0,0
1773824385.438662,197.465,0.021,0,24,0,8,8,3,100,0,0
1773824387.438421,197.547,0.031,0,24,0,8,8,3,100,0,0
1773824389.442220,197.648,0.022,0,24,0,8,8,3,100,0,0
1773824391.443052,197.762,0.033,0,24,0,8,8,3,100,0,0
1773824393.442637,197.859,0.024,0,24,0,8,8,3,100,0,0
1773824395.439927,197.953,0.036,0,24,0,8,8,3,100,0,0
1773824397.442049,198.059,0.018,0,24,0,8,8,3,100,0,0
1773824399.442296,198.156,0.019,0,24,0,8,8,3,100,0,0
1773824401.440428,198.262,0.018,0,24,0,8,8,3,100,0,0
1773824403.441779,198.367,0.033,0,24,0,8,8,3,100,0,0
1773824405.445259,198.469,0.026,0,24,0,8,8,3,100,0,0
1773824407.442845,198.574,0.025,0,24,0,8,8,3,100,0,0
1773824409.442147,198.676,0.024,0,24,0,8,8,3,100,0,0
1773824411.440578,198.781,0.029,0,24,0,8,8,3,100,0,0
1773824413.441682,198.871,0.021,0,24,0,8,8,3,100,0,0
1773824415.442721,198.973,0.022,0,24,0,8,8,3,100,0,0
1773824417.438330,199.078,0.024,0,24,0,8,8,3,100,0,0
1773824419.442461,199.184,0.018,0,24,0,8,8,3,100,0,0
1773824421.442572,199.281,0.019,0,24,0,8,8,3,100,0,0
1773824423.442180,199.391,0.032,0,24,0,8,8,3,100,0,0
1773824425.441060,199.484,0.020,0,24,0,8,8,3,100,0,0
1773824427.442710,199.602,0.022,0,24,0,8,8,3,100,0,0
1773824429.442566,199.695,0.027,0,24,0,8,8,3,100,0,0
1773824431.440029,199.793,0.018,0,24,0,8,8,3,100,0,0
1773824433.443032,199.895,0.025,0,24,0,8,8,3,100,0,0
1773824435.443953,199.996,0.031,0,24,0,8,8,3,100,0,0
1773824437.441729,200.105,0.028,0,24,0,8,8,3,100,0,0
1773824439.441885,200.203,0.023,0,24,0,8,8,3,100,0,0
1773824441.441799,200.312,0.031,0,24,0,8,8,3,100,0,0
1773824443.439933,200.406,0.024,0,24,0,8,8,3,100,0,0
1773824445.438508,200.492,0.019,0,24,0,8,8,3,100,0,0
1773824447.440464,200.594,0.028,0,24,0,8,8,3,100,0,0
1773824449.442977,200.703,0.025,0,24,0,8,8,3,100,0,0
1773824451.441685,200.805,0.029,0,24,0,8,8,3,100,0,0
1773824453.441752,200.906,0.025,0,24,0,8,8,3,100,0,0
1773824455.442572,201.004,0.022,0,24,0,8,8,3,100,0,0
1773824457.441172,201.113,0.021,0,24,0,8,8,3,100,0,0
1773824459.440048,201.215,0.020,0,24,0,8,8,3,100,0,0
1773824461.438249,201.320,0.024,0,24,0,8,8,3,100,0,0
1773824463.442174,201.414,0.037,0,24,0,8,8,3,100,0,0
1773824465.441846,201.523,0.027,0,24,0,8,8,3,100,0,0
1773824467.439830,201.625,0.027,0,24,0,8,8,3,100,0,0
1773824469.442528,201.723,0.024,0,24,0,8,8,3,100,0,0
1773824471.441956,201.828,0.025,0,24,0,8,8,3,100,0,0
1773824473.438963,201.926,0.039,0,24,0,8,8,3,100,0,0
1773824475.441521,202.031,0.030,0,24,0,8,8,3,100,0,0
1773824477.442998,202.133,0.027,0,24,0,8,8,3,100,0,0
1773824479.441854,202.242,0.027,0,24,0,8,8,3,100,0,0
1773824481.442979,202.340,0.027,0,24,0,8,8,3,100,0,0
1773824483.442284,202.441,0.036,0,24,0,8,8,3,100,0,0
1773824485.441947,202.543,0.022,0,24,0,8,8,3,100,0,0
1773824487.439727,202.648,0.025,0,24,0,8,8,3,100,0,0
1773824489.438551,202.746,0.022,0,24,0,8,8,3,100,0,0
1773824491.442853,202.852,0.024,0,24,0,8,8,3,100,0,0
1773824493.439464,202.953,0.026,0,24,0,8,8,3,100,0,0
1773824495.441078,203.062,0.024,0,24,0,8,8,3,100,0,0
1773824497.442337,203.156,0.030,0,24,0,8,8,3,100,0,0
1773824499.440709,203.258,0.026,0,24,0,8,8,3,100,0,0
1773824501.442479,203.363,0.022,0,24,0,8,8,3,100,0,0
1773824503.439965,203.457,0.020,0,24,0,8,8,3,100,0,0
1773824505.442117,203.562,0.023,0,24,0,8,8,3,100,0,0
1773824507.441504,203.664,0.037,0,24,0,8,8,3,100,0,0
1773824509.442303,203.766,0.039,0,24,0,8,8,3,100,0,0
1773824511.441934,203.871,0.025,0,24,0,8,8,3,100,0,0
1773824513.441409,203.973,0.025,0,24,0,8,8,3,100,0,0
1773824515.442457,204.078,0.031,0,24,0,8,8,3,100,0,0
1773824517.442006,204.172,0.020,0,24,0,8,8,3,100,0,0
1773824519.442861,204.281,0.023,0,24,0,8,8,3,100,0,0
1773824521.442247,204.387,0.034,0,24,0,8,8,3,100,0,0
1773824523.441876,204.492,0.031,0,24,0,8,8,3,100,0,0
1773824525.443062,204.594,0.034,0,24,0,8,8,3,100,0,0
1773824527.441703,204.695,0.027,0,24,0,8,8,3,100,0,0
1773824529.441895,204.797,0.035,0,24,0,8,8,3,100,0,0
1773824531.442534,204.898,0.036,0,24,0,8,8,3,100,0,0
1773824533.442394,205.000,0.029,0,24,0,8,8,3,100,0,0
1773824535.443461,205.105,0.032,0,24,0,8,8,3,100,0,0
1773824537.441877,205.207,0.024,0,24,0,8,8,3,100,0,0
1773824539.441795,205.312,0.034,0,24,0,8,8,3,100,0,0
1773824541.441862,205.406,0.019,0,24,0,8,8,3,100,0,0
1773824543.441700,205.512,0.026,0,24,0,8,8,3,100,0,0
1773824545.441439,205.617,0.020,0,24,0,8,8,3,100,0,0
1773824547.443279,205.711,0.022,0,24,0,8,8,3,100,0,0
1773824549.441772,205.812,0.027,0,24,0,8,8,3,100,0,0
1773824551.441879,205.914,0.022,0,24,0,8,8,3,100,0,0
1773824553.443849,206.020,0.024,0,24,0,8,8,3,100,0,0
1773824555.441983,206.117,0.026,0,24,0,8,8,3,100,0,0
1773824557.441668,206.227,0.024,0,24,0,8,8,3,100,0,0
1773824559.442153,206.332,0.031,0,24,0,8,8,3,100,0,0
1773824561.443499,206.430,0.039,0,24,0,8,8,3,100,0,0
1773824563.438526,206.523,0.030,0,24,0,8,8,3,100,0,0
1773824565.441850,206.629,0.025,0,24,0,8,8,3,100,0,0
1773824567.441807,206.727,0.025,0,24,0,8,8,3,100,0,0
1773824569.439251,206.836,0.036,0,24,0,8,8,3,100,0,0
1773824571.442577,206.934,0.039,0,24,0,8,8,3,100,0,0
1773824573.439209,207.043,0.027,0,24,0,8,8,3,100,0,0
1773824575.442222,207.137,0.023,0,24,0,8,8,3,100,0,0
1773824577.441711,207.246,0.025,0,24,0,8,8,3,100,0,0
1773824579.442957,207.348,0.029,0,24,0,8,8,3,100,0,0
1773824581.439748,207.445,0.022,0,24,0,8,8,3,100,0,0
1773824583.442350,207.551,0.026,0,24,0,8,8,3,100,0,0
1773824585.444350,207.648,0.032,0,24,0,8,8,3,100,0,0
1773824587.442370,207.754,0.027,0,24,0,8,8,3,100,0,0
1773824589.442733,207.859,0.023,0,24,0,8,8,3,100,0,0
1773824591.441678,207.953,0.031,0,24,0,8,8,3,100,0,0
1773824593.441673,208.066,0.031,0,24,0,8,8,3,100,0,0
1773824595.444210,208.164,0.028,0,24,0,8,8,3,100,0,0
1773824597.440706,208.262,0.031,0,24,0,8,8,3,100,0,0
1773824599.439218,208.363,0.027,0,24,0,8,8,3,100,0,0
1773824601.440158,208.465,0.028,0,24,0,8,8,3,100,0,0
1773824603.442988,208.566,0.017,0,24,0,8,8,3,100,0,0
1773824605.442498,208.668,0.026,0,24,0,8,8,3,100,0,0
1773824607.442819,208.781,0.037,0,24,0,8,8,3,100,0,0
1773824609.442528,208.879,0.041,0,24,0,8,8,3,100,0,0
1773824611.441183,208.984,0.029,0,24,0,8,8,3,100,0,0
1773824613.439940,209.082,0.027,0,24,0,8,8,3,100,0,0
1773824615.443481,209.180,0.033,0,24,0,8,8,3,100,0,0
1773824617.441885,209.285,0.026,0,24,0,8,8,3,100,0,0
1773824619.441722,209.383,0.030,0,24,0,8,8,3,100,0,0
1773824621.438502,209.484,0.020,0,24,0,8,8,3,100,0,0
1773824623.441636,209.594,0.026,0,24,0,8,8,3,100,0,0
1773824625.442556,209.691,0.029,0,24,0,8,8,3,100,0,0
1773824627.441665,209.801,0.020,0,24,0,8,8,3,100,0,0
1773824629.438338,209.906,0.020,0,24,0,8,8,3,100,0,0
1773824631.442971,209.992,0.022,0,24,0,8,8,3,100,0,0
1773824633.442705,210.098,0.027,0,24,0,8,8,3,100,0,0
1773824635.440616,210.199,0.019,0,24,0,8,8,3,100,0,0
1773824637.442101,210.305,0.023,0,24,0,8,8,3,100,0,0
1773824639.442104,210.402,0.022,0,24,0,8,8,3,100,0,0
1773824641.441575,210.508,0.025,0,24,0,8,8,3,100,0,0
1773824643.443014,210.613,0.034,0,24,0,8,8,3,100,0,0
1773824645.443784,210.707,0.024,0,24,0,8,8,3,100,0,0
1773824647.442767,210.812,0.026,0,24,0,8,8,3,100,0,0
1773824649.442200,210.914,0.022,0,24,0,8,8,3,100,0,0
1773824651.442244,211.016,0.027,0,24,0,8,8,3,100,0,0
1773824653.438002,211.113,0.019,0,24,0,8,8,3,100,0,0
1773824655.440311,211.219,0.043,0,24,0,8,8,3,100,0,0
1773824657.441665,211.320,0.023,0,24,0,8,8,3,100,0,0
1773824659.439889,211.422,0.023,0,24,0,8,8,3,100,0,0
1773824661.441711,211.523,0.022,0,24,0,8,8,3,100,0,0
1773824663.440713,211.621,0.051,0,24,0,8,8,3,100,0,0
1773824665.441835,211.723,0.021,0,24,0,8,8,3,100,0,0
1773824667.442713,211.832,0.028,0,24,0,8,8,3,100,0,0
1773824669.441381,211.930,0.023,0,24,0,8,8,3,100,0,0
1773824671.443489,212.035,0.029,0,24,0,8,8,3,100,0,0
1773824673.441008,212.137,0.025,0,24,0,8,8,3,100,0,0
1773824675.441472,212.234,0.020,0,24,0,8,8,3,100,0,0
1773824677.441783,212.344,0.032,0,24,0,8,8,3,100,0,0
1773824679.442396,212.484,0.022,0,24,0,8,8,3,100,0,0
1773824681.442357,200.859,0.029,0,24,0,8,8,3,100,0,0
1773824683.442113,197.477,0.027,0,24,0,8,8,3,100,0,0
1773824685.442752,197.547,0.024,0,24,0,8,8,3,100,0,0
1773824687.442313,197.684,0.023,0,24,0,8,8,3,100,0,0
1773824689.442278,197.758,0.032,0,24,0,8,8,3,100,0,0
1773824691.439238,197.867,0.026,0,24,0,8,8,3,100,0,0
1773824693.442591,197.973,0.025,0,24,0,8,8,3,100,0,0
1773824695.443711,198.074,0.035,0,24,0,8,8,3,100,0,0
1773824697.438229,198.176,0.027,0,24,0,8,8,3,100,0,0
1773824699.442627,198.285,0.029,0,24,0,8,8,3,100,0,0
1773824701.442251,198.379,0.025,0,24,0,8,8,3,100,0,0
1773824703.442495,198.480,0.021,0,24,0,8,8,3,100,0,0
1773824705.442593,198.586,0.020,0,24,0,8,8,3,100,0,0
1773824707.438095,198.680,0.023,0,24,0,8,8,3,100,0,0
1773824709.439276,198.789,0.022,0,24,0,8,8,3,100,0,0
1773824711.442653,198.887,0.029,0,24,0,8,8,3,100,0,0
1773824713.440265,198.988,0.028,0,24,0,8,8,3,100,0,0
1773824715.440494,199.074,0.033,0,24,0,8,8,3,100,0,0
1773824717.441709,199.180,0.030,0,24,0,8,8,3,100,0,0
1773824719.438163,199.281,0.044,0,24,0,8,8,3,100,0,0
1773824721.438757,199.383,0.030,0,24,0,8,8,3,100,0,0
1773824723.442813,199.484,0.033,0,24,0,8,8,3,100,0,0
1773824725.443092,199.598,0.035,0,24,0,8,8,3,100,0,0
1773824727.443017,199.691,0.030,0,24,0,8,8,3,100,0,0
1773824729.438508,199.797,0.025,0,24,0,8,8,3,100,0,0
1773824731.441756,199.891,0.019,0,24,0,8,8,3,100,0,0
1773824733.442556,199.992,0.032,0,24,0,8,8,3,100,0,0
1773824735.440491,200.102,0.023,0,24,0,8,8,3,100,0,0
1773824737.442107,200.199,0.022,0,24,0,8,8,3,100,0,0
1773824739.438874,200.309,0.021,0,24,0,8,8,3,100,0,0
1773824741.441921,200.406,0.024,0,24,0,8,8,3,100,0,0
1773824743.443927,200.516,0.032,0,24,0,8,8,3,100,0,0
1773824745.439052,200.613,0.085,0,24,0,8,8,3,100,0,0
1773824747.441707,200.711,0.030,0,24,0,8,8,3,100,0,0
1773824749.442191,200.812,0.019,0,24,0,8,8,3,100,0,0
1773824751.442641,200.914,0.024,0,24,0,8,8,3,100,0,0
1773824753.442004,201.020,0.024,0,24,0,8,8,3,100,0,0
1773824755.442672,201.121,0.017,0,24,0,8,8,3,100,0,0
1773824757.441296,201.223,0.033,0,24,0,8,8,3,100,0,0
1773824759.440848,201.320,0.029,0,24,0,8,8,3,100,0,0
1773824761.442150,201.422,0.023,0,24,0,8,8,3,100,0,0
1773824763.443408,201.527,0.020,0,24,0,8,8,3,100,0,0
1773824765.441788,201.629,0.024,0,24,0,8,8,3,100,0,0
1773824767.441203,201.730,0.035,0,24,0,8,8,3,100,0,0
1773824769.441704,201.828,0.027,0,24,0,8,8,3,100,0,0
1773824771.443172,201.938,0.030,0,24,0,8,8,3,100,0,0
1773824773.442349,202.035,0.028,0,24,0,8,8,3,100,0,0
1773824775.439909,202.141,0.025,0,24,0,8,8,3,100,0,0
1773824777.441813,202.238,0.022,0,24,0,8,8,3,100,0,0
1773824779.441720,202.340,0.028,0,24,0,8,8,3,100,0,0
1773824781.443100,202.438,0.025,0,24,0,8,8,3,100,0,0
1773824783.442242,202.543,0.022,0,24,0,8,8,3,100,0,0
1773824785.442421,202.648,0.027,0,24,0,8,8,3,100,0,0
1773824787.442262,202.742,0.024,0,24,0,8,8,3,100,0,0
1773824789.438751,202.848,0.026,0,24,0,8,8,3,100,0,0
1773824791.441946,202.949,0.030,0,24,0,8,8,3,100,0,0
1773824793.441412,203.059,0.025,0,24,0,8,8,3,100,0,0
1773824795.443094,203.156,0.020,0,24,0,8,8,3,100,0,0
1773824797.439676,203.266,0.020,0,24,0,8,8,3,100,0,0
1773824799.439163,203.355,0.020,0,24,0,8,8,3,100,0,0
1773824801.442518,203.457,0.022,0,24,0,8,8,3,100,0,0
1773824803.441872,203.566,0.026,0,24,0,8,8,3,100,0,0
1773824805.442948,203.664,0.023,0,24,0,8,8,3,100,0,0
1773824807.442171,203.777,0.022,0,24,0,8,8,3,100,0,0
1773824809.441820,203.867,0.030,0,24,0,8,8,3,100,0,0
1773824811.442014,203.980,0.026,0,24,0,8,8,3,100,0,0
1773824813.443455,204.070,0.033,0,24,0,8,8,3,100,0,0
1773824815.442111,204.168,0.023,0,24,0,8,8,3,100,0,0
1773824817.442614,204.277,0.036,0,24,0,8,8,3,100,0,0
1773824819.439311,204.379,0.037,0,24,0,8,8,3,100,0,0
1773824821.441755,204.480,0.024,0,24,0,8,8,3,100,0,0
1773824823.442274,204.582,0.026,0,24,0,8,8,3,100,0,0
1773824825.442155,204.680,0.018,0,24,0,8,8,3,100,0,0
1773824827.443735,204.785,0.024,0,24,0,8,8,3,100,0,0
1773824829.442765,204.887,0.028,0,24,0,8,8,3,100,0,0
1773824831.441354,204.980,0.026,0,24,0,8,8,3,100,0,0
1773824833.438330,205.086,0.032,0,24,0,8,8,3,100,0,0
1773824835.442226,205.188,0.040,0,24,0,8,8,3,100,0,0
1773824837.442449,205.289,0.025,0,24,0,8,8,3,100,0,0
1773824839.441908,205.395,0.031,0,24,0,8,8,3,100,0,0
1773824841.443331,205.492,0.027,0,24,0,8,8,3,100,0,0
1773824843.442251,205.598,0.036,0,24,0,8,8,3,100,0,0
1773824845.442562,205.699,0.026,0,24,0,8,8,3,100,0,0
1773824847.441640,205.805,0.027,0,24,0,8,8,3,100,0,0
1773824849.440716,205.906,0.023,0,24,0,8,8,3,100,0,0
1773824851.441611,206.000,0.032,0,24,0,8,8,3,100,0,0
1773824853.441656,206.109,0.030,0,24,0,8,8,3,100,0,0
1773824855.444000,206.207,0.025,0,24,0,8,8,3,100,0,0
1773824857.438886,206.312,0.021,0,24,0,8,8,3,100,0,0
1773824859.441774,206.410,0.024,0,24,0,8,8,3,100,0,0
1773824861.439017,206.520,0.021,0,24,0,8,8,3,100,0,0
1773824863.442927,206.617,0.028,0,24,0,8,8,3,100,0,0
1773824865.442602,206.711,0.019,0,24,0,8,8,3,100,0,0
1773824867.442467,206.816,0.022,0,24,0,8,8,3,100,0,0
1773824869.443759,206.922,0.029,0,24,0,8,8,3,100,0,0
1773824871.442523,207.027,0.029,0,24,0,8,8,3,100,0,0
1773824873.443436,207.129,0.030,0,24,0,8,8,3,100,0,0
1773824875.443042,207.230,0.039,0,24,0,8,8,3,100,0,0
1773824877.440018,207.344,0.025,0,24,0,8,8,3,100,0,0
1773824879.439167,207.438,0.027,0,24,0,8,8,3,100,0,0
1773824881.443003,207.543,0.033,0,24,0,8,8,3,100,0,0
1773824883.443826,207.637,0.027,0,24,0,8,8,3,100,0,0
1773824885.438408,207.746,0.043,0,24,0,8,8,3,100,0,0
1773824887.439276,207.848,0.029,0,24,0,8,8,3,100,0,0
1773824889.441859,207.953,0.027,0,24,0,8,8,3,100,0,0
1773824891.442458,208.047,0.029,0,24,0,8,8,3,100,0,0
1773824893.439936,208.156,0.024,0,24,0,8,8,3,100,0,0
1773824895.442654,208.258,0.030,0,24,0,8,8,3,100,0,0
1773824897.442320,208.359,0.022,0,24,0,8,8,3,100,0,0
1773824899.442922,208.449,0.035,0,24,0,8,8,3,100,0,0
1773824901.441683,208.559,0.026,0,24,0,8,8,3,100,0,0
1773824903.441622,208.656,0.019,0,24,0,8,8,3,100,0,0
1773824905.442444,208.758,0.026,0,24,0,8,8,3,100,0,0
1773824907.442638,208.863,0.036,0,24,0,8,8,3,100,0,0
1773824909.440449,208.965,0.020,0,24,0,8,8,3,100,0,0
1773824911.443159,209.070,0.023,0,24,0,8,8,3,100,0,0
1773824913.439037,209.172,0.030,0,24,0,8,8,3,100,0,0
1773824915.442038,209.266,0.021,0,24,0,8,8,3,100,0,0
1773824917.442033,209.371,0.027,0,24,0,8,8,3,100,0,0
1773824919.437995,209.477,0.021,0,24,0,8,8,3,100,0,0
1773824921.441875,209.578,0.025,0,24,0,8,8,3,100,0,0
1773824923.438662,209.676,0.030,0,24,0,8,8,3,100,0,0
1773824925.440824,209.785,0.021,0,24,0,8,8,3,100,0,0
1773824927.441555,209.883,0.019,0,24,0,8,8,3,100,0,0
1773824929.446386,209.980,0.020,0,24,0,8,8,3,100,0,0
1773824931.439505,210.090,0.023,0,24,0,8,8,3,100,0,0
1773824933.440995,210.188,0.027,0,24,0,8,8,3,100,0,0
1773824935.442285,210.285,0.019,0,24,0,8,8,3,100,0,0
1773824937.441691,210.391,0.032,0,24,0,8,8,3,100,0,0
1773824939.442048,210.492,0.019,0,24,0,8,8,3,100,0,0
1773824941.441652,210.594,0.031,0,24,0,8,8,3,100,0,0
1773824943.441775,210.699,0.031,0,24,0,8,8,3,100,0,0
1773824945.439059,210.801,0.036,0,24,0,8,8,3,100,0,0
1773824947.439831,210.898,0.023,0,24,0,8,8,3,100,0,0
1773824949.439485,211.004,0.021,0,24,0,8,8,3,100,0,0
1773824951.442005,211.160,0.019,0,24,0,8,8,3,100,0,0
1773824953.445698,211.266,0.020,0,24,0,8,8,3,100,0,0
1773824955.441328,211.363,0.022,0,24,0,8,8,3,100,0,0
1773824957.441816,211.473,0.020,0,24,0,8,8,3,100,0,0
1773824959.439372,211.566,0.029,0,24,0,8,8,3,100,0,0
1773824961.441164,211.672,0.023,0,24,0,8,8,3,100,0,0
1773824963.442188,211.773,0.018,0,24,0,8,8,3,100,0,0
1773824965.439289,211.871,0.038,0,24,0,8,8,3,100,0,0
1773824967.443237,211.973,0.046,0,24,0,8,8,3,100,0,0
1773824969.441456,212.078,0.027,0,24,0,8,8,3,100,0,0
1773824971.441241,212.180,0.027,0,24,0,8,8,3,100,0,0
1773824973.439678,212.277,0.025,0,24,0,8,8,3,100,0,0
1773824975.439326,212.387,0.020,0,24,0,8,8,3,100,0,0
1773824977.438483,212.531,0.017,0,24,0,8,8,3,100,0,0
1773824979.438963,200.875,0.039,0,24,0,8,8,3,100,0,0
1773824981.441605,197.516,0.021,0,24,0,8,8,3,100,0,0
1773824983.438624,197.602,0.027,0,24,0,8,8,3,100,0,0
1773824985.441856,197.699,0.025,0,24,0,8,8,3,100,0,0
1773824987.439689,197.812,0.055,0,24,0,8,8,3,100,0,0
1773824989.441560,197.910,0.022,0,24,0,8,8,3,100,0,0
1773824991.441646,198.016,0.044,0,24,0,8,8,3,100,0,0
1773824993.441749,198.121,0.020,0,24,0,8,8,3,100,0,0
1773824995.442583,198.219,0.022,0,24,0,8,8,3,100,0,0
1773824997.441700,198.320,0.023,0,24,0,8,8,3,100,0,0
1773824999.442290,198.418,0.034,0,24,0,8,8,3,100,0,0
1773825001.442826,198.523,0.032,0,24,0,8,8,3,100,0,0
1773825003.442750,198.625,0.018,0,24,0,8,8,3,100,0,0
1773825005.441241,198.727,0.020,0,24,0,8,8,3,100,0,0
1773825007.440156,198.836,0.023,0,24,0,8,8,3,100,0,0
1773825009.446028,198.938,0.028,0,24,0,8,8,3,100,0,0
1773825011.442322,199.031,0.022,0,24,0,8,8,3,100,0,0
1773825013.442209,199.141,0.030,0,24,0,8,8,3,100,0,0
1773825015.438815,199.227,0.020,0,24,0,8,8,3,100,0,0
1773825017.442742,199.328,0.035,0,24,0,8,8,3,100,0,0
1773825019.442038,199.430,0.025,0,24,0,8,8,3,100,0,0
1773825021.441910,199.527,0.029,0,24,0,8,8,3,100,0,0
1773825023.443635,199.637,0.025,0,24,0,8,8,3,100,0,0
1773825025.442003,199.738,0.024,0,24,0,8,8,3,100,0,0
1773825027.441710,199.844,0.019,0,24,0,8,8,3,100,0,0
1773825029.443236,199.945,0.026,0,24,0,8,8,3,100,0,0
1773825031.440013,200.047,0.029,0,24,0,8,8,3,100,0,0
1773825033.440244,200.141,0.029,0,24,0,8,8,3,100,0,0
1773825035.441203,200.250,0.021,0,24,0,8,8,3,100,0,0
1773825037.443167,200.348,0.023,0,24,0,8,8,3,100,0,0
1773825039.441953,200.449,0.019,0,24,0,8,8,3,100,0,0
1773825041.441745,200.555,0.021,0,24,0,8,8,3,100,0,0
1773825043.441553,200.656,0.024,0,24,0,8,8,3,100,0,0
1773825045.441821,200.754,0.024,0,24,0,8,8,3,100,0,0
1773825047.438665,200.859,0.027,0,24,0,8,8,3,100,0,0
1773825049.441411,200.969,0.022,0,24,0,8,8,3,100,0,0
1773825051.444385,201.059,0.026,0,24,0,8,8,3,100,0,0
1773825053.442544,201.168,0.020,0,24,0,8,8,3,100,0,0
1773825055.443272,201.273,0.018,0,24,0,8,8,3,100,0,0
1773825057.442311,201.375,0.019,0,24,0,8,8,3,100,0,0
1773825059.441664,201.480,0.018,0,24,0,8,8,3,100,0,0
1773825061.441840,201.586,0.018,0,24,0,8,8,3,100,0,0
1773825063.442637,201.688,0.024,0,24,0,8,8,3,100,0,0
1773825065.442700,201.781,0.022,0,24,0,8,8,3,100,0,0
1773825067.442715,201.883,0.027,0,24,0,8,8,3,100,0,0
1773825069.441792,201.984,0.021,0,24,0,8,8,3,100,0,0
1773825071.442351,202.090,0.032,0,24,0,8,8,3,100,0,0
1773825073.440564,202.191,0.024,0,24,0,8,8,3,100,0,0
1773825075.440306,202.289,0.026,0,24,0,8,8,3,100,0,0
1773825077.443577,202.398,0.029,0,24,0,8,8,3,100,0,0
1773825079.440713,202.500,0.021,0,24,0,8,8,3,100,0,0
1773825081.441925,202.602,0.029,0,24,0,8,8,3,100,0,0
1773825083.441594,202.699,0.023,0,24,0,8,8,3,100,0,0
1773825085.441788,202.801,0.023,0,24,0,8,8,3,100,0,0
1773825087.442225,202.902,0.052,0,24,0,8,8,3,100,0,0
1773825089.441374,203.008,0.019,0,24,0,8,8,3,100,0,0
1773825091.443035,203.109,0.034,0,24,0,8,8,3,100,0,0
1773825093.440032,203.219,0.021,0,24,0,8,8,3,100,0,0
1773825095.441733,203.324,0.024,0,24,0,8,8,3,100,0,0
1773825097.438424,203.426,0.025,0,24,0,8,8,3,100,0,0
1773825099.438310,203.520,0.022,0,24,0,8,8,3,100,0,0
1773825101.441518,203.617,0.026,0,24,0,8,8,3,100,0,0
1773825103.442818,203.723,0.018,0,24,0,8,8,3,100,0,0
1773825105.443534,203.832,0.029,0,24,0,8,8,3,100,0,0
1773825107.443104,203.934,0.020,0,24,0,8,8,3,100,0,0
1773825109.442478,204.027,0.024,0,24,0,8,8,3,100,0,0
1773825111.442547,204.133,0.023,0,24,0,8,8,3,100,0,0
1773825113.442988,204.238,0.021,0,24,0,8,8,3,100,0,0
1773825115.442913,204.348,0.024,0,24,0,8,8,3,100,0,0
1773825117.439239,204.445,0.028,0,24,0,8,8,3,100,0,0
1773825119.441739,204.547,0.023,0,24,0,8,8,3,100,0,0
1773825121.443738,204.648,0.026,0,24,0,8,8,3,100,0,0
1773825123.439397,204.750,0.026,0,24,0,8,8,3,100,0,0
1773825125.442796,204.863,0.022,0,24,0,8,8,3,100,0,0
1773825127.440231,204.965,0.019,0,24,0,8,8,3,100,0,0
1773825129.441549,205.059,0.019,0,24,0,8,8,3,100,0,0
1773825131.442174,205.164,0.020,0,24,0,8,8,3,100,0,0
1773825133.439804,205.262,0.022,0,24,0,8,8,3,100,0,0
1773825135.442209,205.367,0.026,0,24,0,8,8,3,100,0,0
1773825137.438865,205.465,0.022,0,24,0,8,8,3,100,0,0
1773825139.442388,205.570,0.049,0,24,0,8,8,3,100,0,0
1773825141.442430,205.668,0.023,0,24,0,8,8,3,100,0,0
1773825143.440139,205.777,0.028,0,24,0,8,8,3,100,0,0
1773825145.441139,205.875,0.021,0,24,0,8,8,3,100,0,0
1773825147.442756,205.977,0.026,0,24,0,8,8,3,100,0,0
1773825149.443819,206.082,0.038,0,24,0,8,8,3,100,0,0
1773825151.441704,206.176,0.024,0,24,0,8,8,3,100,0,0
1773825153.442531,206.289,0.026,0,24,0,8,8,3,100,0,0
1773825155.441808,206.387,0.021,0,24,0,8,8,3,100,0,0
1773825157.441601,206.480,0.022,0,24,0,8,8,3,100,0,0
1773825159.442871,206.586,0.020,0,24,0,8,8,3,100,0,0
1773825161.442877,206.691,0.030,0,24,0,8,8,3,100,0,0
1773825163.441049,206.793,0.031,0,24,0,8,8,3,100,0,0
1773825165.443647,206.898,0.030,0,24,0,8,8,3,100,0,0
1773825167.442083,206.996,0.020,0,24,0,8,8,3,100,0,0
1773825169.442190,207.094,0.029,0,24,0,8,8,3,100,0,0
1773825171.440817,207.195,0.027,0,24,0,8,8,3,100,0,0
1773825173.441635,207.305,0.031,0,24,0,8,8,3,100,0,0
1773825175.441669,207.410,0.025,0,24,0,8,8,3,100,0,0
1773825177.443216,207.504,0.025,0,24,0,8,8,3,100,0,0
1773825179.441658,207.609,0.025,0,24,0,8,8,3,100,0,0
1773825181.442409,207.711,0.033,0,24,0,8,8,3,100,0,0
1773825183.438926,207.812,0.027,0,24,0,8,8,3,100,0,0
1773825185.442159,207.910,0.032,0,24,0,8,8,3,100,0,0
1773825187.441460,208.016,0.023,0,24,0,8,8,3,100,0,0
1773825189.441845,208.121,0.026,0,24,0,8,8,3,100,0,0
1773825191.442944,208.219,0.023,0,24,0,8,8,3,100,0,0
1773825193.441691,208.324,0.025,0,24,0,8,8,3,100,0,0
1773825195.439358,208.430,0.030,0,24,0,8,8,3,100,0,0
1773825197.442087,208.531,0.023,0,24,0,8,8,3,100,0,0
1773825199.437783,208.633,0.023,0,24,0,8,8,3,100,0,0
1773825201.442715,208.727,0.027,0,24,0,8,8,3,100,0,0
1773825203.441419,208.836,0.026,0,24,0,8,8,3,100,0,0
1773825205.442376,208.934,0.026,0,24,0,8,8,3,100,0,0
1773825207.441627,209.039,0.031,0,24,0,8,8,3,100,0,0
1773825209.441998,209.145,0.029,0,24,0,8,8,3,100,0,0
1773825211.440585,209.246,0.025,0,24,0,8,8,3,100,0,0
1773825213.441893,209.348,0.024,0,24,0,8,8,3,100,0,0
1773825215.442933,209.449,0.029,0,24,0,8,8,3,100,0,0
1773825217.442219,209.555,0.028,0,24,0,8,8,3,100,0,0
1773825219.442252,209.648,0.023,0,24,0,8,8,3,100,0,0
1773825221.440636,209.750,0.029,0,24,0,8,8,3,100,0,0
1773825223.442654,209.852,0.026,0,24,0,8,8,3,100,0,0
1773825225.443367,209.953,0.035,0,24,0,8,8,3,100,0,0
1773825227.442278,210.055,0.034,0,24,0,8,8,3,100,0,0
1773825229.441578,210.160,0.029,0,24,0,8,8,3,100,0,0
1773825231.441757,210.258,0.024,0,24,0,8,8,3,100,0,0
1773825233.442353,210.367,0.032,0,24,0,8,8,3,100,0,0
1773825235.439416,210.457,0.029,0,24,0,8,8,3,100,0,0
1773825237.442726,210.559,0.030,0,24,0,8,8,3,100,0,0
1773825239.438164,210.668,0.019,0,24,0,8,8,3,100,0,0
1773825241.442312,210.770,0.020,0,24,0,8,8,3,100,0,0
1773825243.440941,210.879,0.020,0,24,0,8,8,3,100,0,0
1773825245.442851,210.973,0.029,0,24,0,8,8,3,100,0,0
1773825247.442436,211.074,0.024,0,24,0,8,8,3,100,0,0
1773825249.442204,211.180,0.020,0,24,0,8,8,3,100,0,0
1773825251.441724,211.273,0.033,0,24,0,8,8,3,100,0,0
1773825253.440886,211.379,0.025,0,24,0,8,8,3,100,0,0
1773825255.442665,211.480,0.023,0,24,0,8,8,3,100,0,0
1773825257.439106,211.586,0.024,0,24,0,8,8,3,100,0,0
1773825259.441899,211.684,0.019,0,24,0,8,8,3,100,0,0
1773825261.443449,211.797,0.020,0,24,0,8,8,3,100,0,0
1773825263.442497,211.895,0.020,0,24,0,8,8,3,100,0,0
1773825265.441773,211.988,0.031,0,24,0,8,8,3,100,0,0
1773825267.441694,212.094,0.027,0,24,0,8,8,3,100,0,0
1773825269.441736,212.195,0.020,0,24,0,8,8,3,100,0,0
1773825271.441609,212.293,0.025,0,24,0,8,8,3,100,0,0
1773825273.441821,212.402,0.025,0,24,0,8,8,3,100,0,0
1773825275.443110,212.539,0.016,0,24,0,8,8,3,100,0,0
1773825277.443118,197.422,0.023,0,24,0,8,8,3,100,0,0
1773825279.441723,197.543,0.022,0,24,0,8,8,3,100,0,0
1773825281.441885,197.633,0.027,0,24,0,8,8,3,100,0,0
1773825283.442410,197.730,0.022,0,24,0,8,8,3,100,0,0
1773825285.443116,197.828,0.019,0,24,0,8,8,3,100,0,0
1773825287.441911,197.934,0.022,0,24,0,8,8,3,100,0,0
1773825289.442028,198.031,0.030,0,24,0,8,8,3,100,0,0
1773825291.443877,198.141,0.027,0,24,0,8,8,3,100,0,0
1773825293.442098,198.246,0.026,0,24,0,8,8,3,100,0,0
1773825295.441764,198.348,0.024,0,24,0,8,8,3,100,0,0
1773825297.441854,198.449,0.029,0,24,0,8,8,3,100,0,0
1773825299.441635,198.551,0.019,0,24,0,8,8,3,100,0,0
1773825301.441674,198.652,0.023,0,24,0,8,8,3,100,0,0
1773825303.440486,198.750,0.024,0,24,0,8,8,3,100,0,0
1773825305.442428,198.859,0.030,0,24,0,8,8,3,100,0,0
1773825307.441570,198.957,0.021,0,24,0,8,8,3,100,0,0
1773825309.442039,199.062,0.024,0,24,0,8,8,3,100,0,0
1773825311.438531,199.164,0.018,0,24,0,8,8,3,100,0,0
1773825313.441882,199.270,0.023,0,24,0,8,8,3,100,0,0
1773825315.442187,199.355,0.028,0,24,0,8,8,3,100,0,0
1773825317.442723,199.465,0.036,0,24,0,8,8,3,100,0,0
1773825319.439368,199.555,0.030,0,24,0,8,8,3,100,0,0
1773825321.442470,199.664,0.029,0,24,0,8,8,3,100,0,0
1773825323.439948,199.758,0.024,0,24,0,8,8,3,100,0,0
1773825325.441227,199.871,0.025,0,24,0,8,8,3,100,0,0
1773825327.441759,199.977,0.023,0,24,0,8,8,3,100,0,0
1773825329.439810,200.074,0.021,0,24,0,8,8,3,100,0,0
1773825331.441181,200.184,0.025,0,24,0,8,8,3,100,0,0
1773825333.442236,200.285,0.028,0,24,0,8,8,3,100,0,0
1773825335.441614,200.379,0.019,0,24,0,8,8,3,100,0,0
1773825337.441903,200.480,0.022,0,24,0,8,8,3,100,0,0
1773825339.442423,200.582,0.019,0,24,0,8,8,3,100,0,0
1773825341.442725,200.688,0.019,0,24,0,8,8,3,100,0,0
1773825343.439507,200.785,0.025,0,24,0,8,8,3,100,0,0
1773825345.442220,200.887,0.019,0,24,0,8,8,3,100,0,0
1773825347.442428,200.996,0.025,0,24,0,8,8,3,100,0,0
1773825349.442433,201.094,0.024,0,24,0,8,8,3,100,0,0
1773825351.440656,201.199,0.021,0,24,0,8,8,3,100,0,0
1773825353.442455,201.289,0.020,0,24,0,8,8,3,100,0,0
1773825355.441233,201.395,0.020,0,24,0,8,8,3,100,0,0
1773825357.438501,201.496,0.016,0,24,0,8,8,3,100,0,0
1773825359.442501,201.605,0.022,0,24,0,8,8,3,100,0,0
1773825361.442614,201.707,0.017,0,24,0,8,8,3,100,0,0
1773825363.438963,201.812,0.039,0,24,0,8,8,3,100,0,0
1773825365.441775,201.914,0.020,0,24,0,8,8,3,100,0,0
1773825367.442379,202.008,0.026,0,24,0,8,8,3,100,0,0
1773825369.441274,202.109,0.022,0,24,0,8,8,3,100,0,0
1773825371.440993,202.215,0.029,0,24,0,8,8,3,100,0,0
1773825373.442735,202.316,0.026,0,24,0,8,8,3,100,0,0
1773825375.440280,202.418,0.031,0,24,0,8,8,3,100,0,0
1773825377.441927,202.520,0.019,0,24,0,8,8,3,100,0,0
1773825379.441795,202.617,0.023,0,24,0,8,8,3,100,0,0
1773825381.441568,202.727,0.024,0,24,0,8,8,3,100,0,0
1773825383.441934,202.824,0.019,0,24,0,8,8,3,100,0,0
1773825385.442972,202.930,0.021,0,24,0,8,8,3,100,0,0
1773825387.442106,203.027,0.018,0,24,0,8,8,3,100,0,0
1773825389.442152,203.129,0.021,0,24,0,8,8,3,100,0,0
1773825391.442963,203.234,0.021,0,24,0,8,8,3,100,0,0
1773825393.440091,203.332,0.019,0,24,0,8,8,3,100,0,0
1773825395.441055,203.434,0.031,0,24,0,8,8,3,100,0,0
1773825397.439926,203.535,0.027,0,24,0,8,8,3,100,0,0
1773825399.441799,203.645,0.019,0,24,0,8,8,3,100,0,0
1773825401.439903,203.746,0.024,0,24,0,8,8,3,100,0,0
1773825403.441648,203.844,0.020,0,24,0,8,8,3,100,0,0
1773825405.442935,203.938,0.019,0,24,0,8,8,3,100,0,0
1773825407.439178,204.039,0.020,0,24,0,8,8,3,100,0,0
1773825409.439063,204.145,0.021,0,24,0,8,8,3,100,0,0
1773825411.438237,204.246,0.025,0,24,0,8,8,3,100,0,0
1773825413.441334,204.363,0.019,0,24,0,8,8,3,100,0,0
1773825415.442209,204.469,0.019,0,24,0,8,8,3,100,0,0
1773825417.441895,204.566,0.030,0,24,0,8,8,3,100,0,0
1773825419.442588,204.664,0.022,0,24,0,8,8,3,100,0,0
1773825421.441738,204.766,0.021,0,24,0,8,8,3,100,0,0
1773825423.438875,204.871,0.045,0,24,0,8,8,3,100,0,0
1773825425.440755,204.973,0.022,0,24,0,8,8,3,100,0,0
1773825427.442260,205.074,0.031,0,24,0,8,8,3,100,0,0
1773825429.438277,205.188,0.020,0,24,0,8,8,3,100,0,0
1773825431.442369,205.281,0.023,0,24,0,8,8,3,100,0,0
1773825433.441780,205.379,0.024,0,24,0,8,8,3,100,0,0
1773825435.442899,205.488,0.022,0,24,0,8,8,3,100,0,0
1773825437.441430,205.586,0.018,0,24,0,8,8,3,100,0,0
1773825439.441901,205.680,0.025,0,24,0,8,8,3,100,0,0
1773825441.442242,205.785,0.022,0,24,0,8,8,3,100,0,0
1773825443.443917,205.887,0.017,0,24,0,8,8,3,100,0,0
1773825445.441876,205.992,0.019,0,24,0,8,8,3,100,0,0
1773825447.439050,206.094,0.105,0,24,0,8,8,3,100,0,0
1773825449.441984,206.199,0.028,0,24,0,8,8,3,100,0,0
1773825451.438907,206.297,0.027,0,24,0,8,8,3,100,0,0
1773825453.438725,206.398,0.030,0,24,0,8,8,3,100,0,0
1773825455.441751,206.500,0.024,0,24,0,8,8,3,100,0,0
1773825457.441657,206.602,0.034,0,24,0,8,8,3,100,0,0
1773825459.441823,206.707,0.025,0,24,0,8,8,3,100,0,0
1773825461.442637,206.809,0.023,0,24,0,8,8,3,100,0,0
1773825463.441638,206.906,0.022,0,24,0,8,8,3,100,0,0
1773825465.442529,207.012,0.022,0,24,0,8,8,3,100,0,0
1773825467.439311,207.121,0.021,0,24,0,8,8,3,100,0,0
1773825469.441827,207.215,0.025,0,24,0,8,8,3,100,0,0
1773825471.439433,207.309,0.025,0,24,0,8,8,3,100,0,0
1773825473.441494,207.422,0.028,0,24,0,8,8,3,100,0,0
1773825475.439374,207.520,0.023,0,24,0,8,8,3,100,0,0
1773825477.439110,207.625,0.022,0,24,0,8,8,3,100,0,0
1773825479.439779,207.727,0.018,0,24,0,8,8,3,100,0,0
1773825481.441707,207.828,0.024,0,24,0,8,8,3,100,0,0
1773825483.441656,207.930,0.021,0,24,0,8,8,3,100,0,0
1773825485.439082,208.043,0.025,0,24,0,8,8,3,100,0,0
1773825487.442074,208.129,0.024,0,24,0,8,8,3,100,0,0
1773825489.438014,208.234,0.024,0,24,0,8,8,3,100,0,0
1773825491.441962,208.336,0.030,0,24,0,8,8,3,100,0,0
1773825493.442693,208.434,0.025,0,24,0,8,8,3,100,0,0
1773825495.442715,208.535,0.029,0,24,0,8,8,3,100,0,0
1773825497.441890,208.641,0.020,0,24,0,8,8,3,100,0,0
1773825499.439790,208.742,0.025,0,24,0,8,8,3,100,0,0
1773825501.442223,208.852,0.019,0,24,0,8,8,3,100,0,0
1773825503.442420,208.953,0.018,0,24,0,8,8,3,100,0,0
1773825505.441673,209.051,0.020,0,24,0,8,8,3,100,0,0
1773825507.441767,209.152,0.028,0,24,0,8,8,3,100,0,0
1773825509.441671,209.254,0.018,0,24,0,8,8,3,100,0,0
1773825511.442910,209.355,0.019,0,24,0,8,8,3,100,0,0
1773825513.441781,209.461,0.025,0,24,0,8,8,3,100,0,0
1773825515.438605,209.559,0.025,0,24,0,8,8,3,100,0,0
1773825517.442372,209.664,0.022,0,24,0,8,8,3,100,0,0
1773825519.438168,209.766,0.019,0,24,0,8,8,3,100,0,0
1773825521.441919,209.863,0.027,0,24,0,8,8,3,100,0,0
1773825523.441034,209.973,0.025,0,24,0,8,8,3,100,0,0
1773825525.441878,210.066,0.022,0,24,0,8,8,3,100,0,0
1773825527.440879,210.172,0.028,0,24,0,8,8,3,100,0,0
1773825529.441569,210.273,0.024,0,24,0,8,8,3,100,0,0
1773825531.442390,210.375,0.020,0,24,0,8,8,3,100,0,0
1773825533.439474,210.480,0.054,0,24,0,8,8,3,100,0,0
1773825535.441651,210.582,0.027,0,24,0,8,8,3,100,0,0
1773825537.441606,210.680,0.022,0,24,0,8,8,3,100,0,0
1773825539.442779,210.785,0.024,0,24,0,8,8,3,100,0,0
1773825541.443427,210.883,0.025,0,24,0,8,8,3,100,0,0
1773825543.439910,210.984,0.019,0,24,0,8,8,3,100,0,0
1773825545.442840,211.094,0.018,0,24,0,8,8,3,100,0,0
1773825547.441183,211.195,0.024,0,24,0,8,8,3,100,0,0
1773825549.441814,211.293,0.027,0,24,0,8,8,3,100,0,0
1773825551.438799,211.398,0.021,0,24,0,8,8,3,100,0,0
1773825553.442568,211.496,0.022,0,24,0,8,8,3,100,0,0
1773825555.439975,211.602,0.027,0,24,0,8,8,3,100,0,0
1773825557.441664,211.695,0.019,0,24,0,8,8,3,100,0,0
1773825559.441590,211.797,0.021,0,24,0,8,8,3,100,0,0
1773825561.440521,211.902,0.027,0,24,0,8,8,3,100,0,0
1773825563.442261,212.008,0.023,0,24,0,8,8,3,100,0,0
1773825565.439852,212.113,0.019,0,24,0,8,8,3,100,0,0
1773825567.442069,212.211,0.020,0,24,0,8,8,3,100,0,0
1773825569.442863,212.316,0.025,0,24,0,8,8,3,100,0,0
1773825571.441802,212.414,0.024,0,24,0,8,8,3,100,0,0
1773825573.442858,212.543,0.016,0,24,0,8,8,3,100,0,0
1773825575.441825,197.492,0.022,0,24,0,8,8,3,100,0,0
1773825577.442578,197.531,0.027,0,24,0,8,8,3,100,0,0
1773825579.441760,197.637,0.030,0,24,0,8,8,3,100,0,0
1773825581.440192,197.742,0.034,0,24,0,8,8,3,100,0,0
1773825583.440592,197.848,0.019,0,24,0,8,8,3,100,0,0
1773825585.442666,197.949,0.029,0,24,0,8,8,3,100,0,0
1773825587.441970,198.043,0.027,0,24,0,8,8,3,100,0,0
1773825589.437833,198.152,0.025,0,24,0,8,8,3,100,0,0
1773825591.438279,198.254,0.024,0,24,0,8,8,3,100,0,0
1773825593.442333,198.363,0.026,0,24,0,8,8,3,100,0,0
1773825595.441604,198.461,0.027,0,24,0,8,8,3,100,0,0
1773825597.443505,198.566,0.024,0,24,0,8,8,3,100,0,0
1773825599.441517,198.664,0.022,0,24,0,8,8,3,100,0,0
1773825601.442008,198.766,0.019,0,24,0,8,8,3,100,0,0
1773825603.441830,198.875,0.018,0,24,0,8,8,3,100,0,0
1773825605.442850,198.965,0.020,0,24,0,8,8,3,100,0,0
1773825607.442294,199.066,0.024,0,24,0,8,8,3,100,0,0
1773825609.443002,199.172,0.022,0,24,0,8,8,3,100,0,0
1773825611.442347,199.273,0.019,0,24,0,8,8,3,100,0,0
1773825613.442275,199.379,0.018,0,24,0,8,8,3,100,0,0
1773825615.442219,199.469,0.025,0,24,0,8,8,3,100,0,0
1773825617.442671,199.570,0.019,0,24,0,8,8,3,100,0,0
1773825619.438909,199.672,0.029,0,24,0,8,8,3,100,0,0
1773825621.442254,199.773,0.026,0,24,0,8,8,3,100,0,0
1773825623.441342,199.875,0.025,0,24,0,8,8,3,100,0,0
1773825625.442590,199.973,0.024,0,24,0,8,8,3,100,0,0
1773825627.440302,200.074,0.028,0,24,0,8,8,3,100,0,0
1773825629.438431,200.180,0.029,0,24,0,8,8,3,100,0,0
1773825631.441695,200.277,0.031,0,24,0,8,8,3,100,0,0
1773825633.441561,200.387,0.039,0,24,0,8,8,3,100,0,0
1773825635.441590,200.484,0.024,0,24,0,8,8,3,100,0,0
1773825637.441880,200.586,0.022,0,24,0,8,8,3,100,0,0
1773825639.442692,200.688,0.022,0,24,0,8,8,3,100,0,0
1773825641.438900,200.785,0.024,0,24,0,8,8,3,100,0,0
1773825643.441905,200.891,0.035,0,24,0,8,8,3,100,0,0
1773825645.443226,200.992,0.019,0,24,0,8,8,3,100,0,0
1773825647.439833,201.098,0.019,0,24,0,8,8,3,100,0,0
1773825649.442053,201.203,0.027,0,24,0,8,8,3,100,0,0
1773825651.441703,201.320,0.018,0,24,0,8,8,3,100,0,0
1773825653.441558,201.418,0.029,0,24,0,8,8,3,100,0,0
1773825655.441602,201.516,0.024,0,24,0,8,8,3,100,0,0
1773825657.441789,201.613,0.026,0,24,0,8,8,3,100,0,0
1773825659.441997,201.715,0.025,0,24,0,8,8,3,100,0,0
1773825661.441434,201.824,0.026,0,24,0,8,8,3,100,0,0
1773825663.442037,201.926,0.019,0,24,0,8,8,3,100,0,0
1773825665.443506,202.027,0.019,0,24,0,8,8,3,100,0,0
1773825667.442219,202.129,0.020,0,24,0,8,8,3,100,0,0
1773825669.442009,202.238,0.022,0,24,0,8,8,3,100,0,0
1773825671.441825,202.332,0.022,0,24,0,8,8,3,100,0,0
1773825673.441717,202.438,0.025,0,24,0,8,8,3,100,0,0
1773825675.440569,202.539,0.029,0,24,0,8,8,3,100,0,0
1773825677.441325,202.641,0.024,0,24,0,8,8,3,100,0,0
1773825679.442917,202.742,0.023,0,24,0,8,8,3,100,0,0
1773825681.442375,202.848,0.031,0,24,0,8,8,3,100,0,0
1773825683.440011,202.945,0.023,0,24,0,8,8,3,100,0,0
1773825685.442619,203.043,0.025,0,24,0,8,8,3,100,0,0
1773825687.441753,203.152,0.017,0,24,0,8,8,3,100,0,0
1773825689.441504,203.242,0.034,0,24,0,8,8,3,100,0,0
1773825691.439372,203.352,0.024,0,24,0,8,8,3,100,0,0
1773825693.441781,203.449,0.020,0,24,0,8,8,3,100,0,0
1773825695.443529,203.551,0.019,0,24,0,8,8,3,100,0,0
1773825697.442549,203.660,0.028,0,24,0,8,8,3,100,0,0
1773825699.438678,203.758,0.026,0,24,0,8,8,3,100,0,0
1773825701.442263,203.863,0.025,0,24,0,8,8,3,100,0,0
1773825703.441681,203.965,0.028,0,24,0,8,8,3,100,0,0
1773825705.443167,204.059,0.024,0,24,0,8,8,3,100,0,0
1773825707.441802,204.164,0.022,0,24,0,8,8,3,100,0,0
1773825709.442235,204.262,0.022,0,24,0,8,8,3,100,0,0
1773825711.441782,204.383,0.026,0,24,0,8,8,3,100,0,0
1773825713.441662,204.480,0.028,0,24,0,8,8,3,100,0,0
1773825715.442458,204.590,0.025,0,24,0,8,8,3,100,0,0
1773825717.438342,204.691,0.021,0,24,0,8,8,3,100,0,0
1773825719.438028,204.793,0.024,0,24,0,8,8,3,100,0,0
1773825721.441754,204.887,0.021,0,24,0,8,8,3,100,0,0
1773825723.443906,204.984,0.023,0,24,0,8,8,3,100,0,0
1773825725.441760,205.090,0.030,0,24,0,8,8,3,100,0,0
1773825727.441689,205.191,0.022,0,24,0,8,8,3,100,0,0
1773825729.442434,205.293,0.034,0,24,0,8,8,3,100,0,0
1773825731.437954,205.398,0.028,0,24,0,8,8,3,100,0,0
1773825733.441279,205.500,0.019,0,24,0,8,8,3,100,0,0
1773825735.441962,205.609,0.019,0,24,0,8,8,3,100,0,0
1773825737.448165,205.703,0.020,0,24,0,8,8,3,100,0,0
1773825739.442026,205.801,0.019,0,24,0,8,8,3,100,0,0
1773825741.439655,205.910,0.031,0,24,0,8,8,3,100,0,0
1773825743.442326,206.008,0.025,0,24,0,8,8,3,100,0,0
1773825745.441698,206.109,0.020,0,24,0,8,8,3,100,0,0
1773825747.441841,206.215,0.020,0,24,0,8,8,3,100,0,0
1773825749.440017,206.312,0.027,0,24,0,8,8,3,100,0,0
1773825751.439888,206.418,0.023,0,24,0,8,8,3,100,0,0
1773825753.441699,206.520,0.025,0,24,0,8,8,3,100,0,0
1773825755.441788,206.617,0.022,0,24,0,8,8,3,100,0,0
1773825757.437835,206.719,0.031,0,24,0,8,8,3,100,0,0
1773825759.442739,206.828,0.025,0,24,0,8,8,3,100,0,0
1773825761.443052,206.926,0.024,0,24,0,8,8,3,100,0,0
1773825763.442272,207.023,0.020,0,24,0,8,8,3,100,0,0
1773825765.444963,207.133,0.022,0,24,0,8,8,3,100,0,0
1773825767.442538,207.230,0.023,0,24,0,8,8,3,100,0,0
1773825769.441580,207.340,0.027,0,24,0,8,8,3,100,0,0
1773825771.441645,207.434,0.018,0,24,0,8,8,3,100,0,0
1773825773.440818,207.539,0.034,0,24,0,8,8,3,100,0,0
1773825775.441618,207.645,0.024,0,24,0,8,8,3,100,0,0
1773825777.443400,207.746,0.019,0,24,0,8,8,3,100,0,0
1773825779.443007,207.848,0.025,0,24,0,8,8,3,100,0,0
1773825781.441531,207.945,0.023,0,24,0,8,8,3,100,0,0
1773825783.441536,208.047,0.027,0,24,0,8,8,3,100,0,0
1773825785.441729,208.152,0.022,0,24,0,8,8,3,100,0,0
1773825787.442169,208.254,0.020,0,24,0,8,8,3,100,0,0
1773825789.441489,208.352,0.017,0,24,0,8,8,3,100,0,0
1773825791.441716,208.457,0.018,0,24,0,8,8,3,100,0,0
1773825793.439376,208.559,0.019,0,24,0,8,8,3,100,0,0
1773825795.441740,208.656,0.020,0,24,0,8,8,3,100,0,0
1773825797.438723,208.766,0.022,0,24,0,8,8,3,100,0,0
1773825799.441295,208.871,0.029,0,24,0,8,8,3,100,0,0
1773825801.439832,208.969,0.023,0,24,0,8,8,3,100,0,0
1773825803.438715,209.070,0.020,0,24,0,8,8,3,100,0,0
1773825805.441161,209.176,0.031,0,24,0,8,8,3,100,0,0
1773825807.442140,209.273,0.022,0,24,0,8,8,3,100,0,0
1773825809.441540,209.379,0.022,0,24,0,8,8,3,100,0,0
1773825811.441534,209.477,0.021,0,24,0,8,8,3,100,0,0
1773825813.442000,209.582,0.024,0,24,0,8,8,3,100,0,0
1773825815.442135,209.684,0.023,0,24,0,8,8,3,100,0,0
1773825817.442306,209.789,0.021,0,24,0,8,8,3,100,0,0
1773825819.441653,209.887,0.021,0,24,0,8,8,3,100,0,0
1773825821.444260,210.000,0.033,0,24,0,8,8,3,100,0,0
1773825823.442166,210.090,0.027,0,24,0,8,8,3,100,0,0
1773825825.439894,210.191,0.026,0,24,0,8,8,3,100,0,0
1773825827.442508,210.293,0.032,0,24,0,8,8,3,100,0,0
1773825829.441814,210.398,0.028,0,24,0,8,8,3,100,0,0
1773825831.441755,210.500,0.027,0,24,0,8,8,3,100,0,0
1773825833.441855,210.598,0.037,0,24,0,8,8,3,100,0,0
1773825835.442405,210.703,0.024,0,24,0,8,8,3,100,0,0
1773825837.442729,210.809,0.029,0,24,0,8,8,3,100,0,0
1773825839.442224,210.906,0.029,0,24,0,8,8,3,100,0,0
1773825841.442160,211.000,0.020,0,24,0,8,8,3,100,0,0
1773825843.441506,211.105,0.019,0,24,0,8,8,3,100,0,0
1773825845.442460,211.207,0.017,0,24,0,8,8,3,100,0,0
1773825847.441066,211.309,0.029,0,24,0,8,8,3,100,0,0
1773825849.442889,211.410,0.020,0,24,0,8,8,3,100,0,0
1773825851.441566,211.512,0.021,0,24,0,8,8,3,100,0,0
1773825853.441733,211.617,0.024,0,24,0,8,8,3,100,0,0
1773825855.441962,211.715,0.024,0,24,0,8,8,3,100,0,0
1773825857.441468,211.812,0.026,0,24,0,8,8,3,100,0,0
1773825859.442239,211.918,0.022,0,24,0,8,8,3,100,0,0
1773825861.441607,212.027,0.022,0,24,0,8,8,3,100,0,0
1773825863.442236,212.125,0.021,0,24,0,8,8,3,100,0,0
1773825865.441854,212.230,0.024,0,24,0,8,8,3,100,0,0
1773825867.439859,212.328,0.025,0,24,0,8,8,3,100,0,0
1773825869.441312,212.430,0.018,0,24,0,8,8,3,100,0,0
1773825871.442196,212.574,0.017,0,24,0,8,8,3,100,0,0
1773825873.441668,197.508,0.023,0,24,0,8,8,3,100,0,0
1773825875.442002,197.543,0.024,0,24,0,8,8,3,100,0,0
1773825877.442273,197.648,0.026,0,24,0,8,8,3,100,0,0
1773825879.441649,197.754,0.028,0,24,0,8,8,3,100,0,0
1773825881.441979,197.852,0.030,0,24,0,8,8,3,100,0,0
1773825883.441160,197.957,0.026,0,24,0,8,8,3,100,0,0
1773825885.442418,198.062,0.018,0,24,0,8,8,3,100,0,0
1773825887.439182,198.168,0.023,0,24,0,8,8,3,100,0,0
1773825889.442515,198.262,0.024,0,24,0,8,8,3,100,0,0
1773825891.442565,198.359,0.022,0,24,0,8,8,3,100,0,0
1773825893.438705,198.473,0.040,0,24,0,8,8,3,100,0,0
1773825895.441974,198.570,0.021,0,24,0,8,8,3,100,0,0
1773825897.439891,198.676,0.021,0,24,0,8,8,3,100,0,0
1773825899.438000,198.777,0.020,0,24,0,8,8,3,100,0,0
1773825901.439323,198.883,0.019,0,24,0,8,8,3,100,0,0
1773825903.441890,198.980,0.019,0,24,0,8,8,3,100,0,0
1773825905.442600,199.082,0.021,0,24,0,8,8,3,100,0,0
1773825907.441561,199.180,0.033,0,24,0,8,8,3,100,0,0
1773825909.441918,199.281,0.019,0,24,0,8,8,3,100,0,0
1773825911.442361,199.391,0.016,0,24,0,8,8,3,100,0,0
1773825913.441486,199.488,0.017,0,24,0,8,8,3,100,0,0
1773825915.440984,199.586,0.020,0,24,0,8,8,3,100,0,0
1773825917.441958,199.684,0.015,0,24,0,8,8,3,100,0,0
1773825919.440303,199.781,0.020,0,24,0,8,8,3,100,0,0
1773825921.441341,199.891,0.017,0,24,0,8,8,3,100,0,0
1773825923.439021,199.984,0.026,0,24,0,8,8,3,100,0,0
1773825925.438238,200.090,0.023,0,24,0,8,8,3,100,0,0
1773825927.441923,200.191,0.022,0,24,0,8,8,3,100,0,0
1773825929.439530,200.293,0.020,0,24,0,8,8,3,100,0,0
1773825931.438004,200.398,0.025,0,24,0,8,8,3,100,0,0
1773825933.442462,200.500,0.021,0,24,0,8,8,3,100,0,0
1773825935.441955,200.602,0.035,0,24,0,8,8,3,100,0,0
1773825937.442373,200.707,0.033,0,24,0,8,8,3,100,0,0
1773825939.441725,200.805,0.023,0,24,0,8,8,3,100,0,0
1773825941.440337,200.906,0.032,0,24,0,8,8,3,100,0,0
1773825943.441528,201.012,0.028,0,24,0,8,8,3,100,0,0
1773825945.442633,201.125,0.023,0,24,0,8,8,3,100,0,0
1773825947.443990,201.223,0.024,0,24,0,8,8,3,100,0,0
1773825949.441482,201.324,0.017,0,24,0,8,8,3,100,0,0
1773825951.438369,201.426,0.025,0,24,0,8,8,3,100,0,0
1773825953.441557,201.527,0.025,0,24,0,8,8,3,100,0,0
1773825955.441539,201.633,0.033,0,24,0,8,8,3,100,0,0
1773825957.441639,201.730,0.025,0,24,0,8,8,3,100,0,0
1773825959.441428,201.832,0.021,0,24,0,8,8,3,100,0,0
1773825961.443054,201.934,0.020,0,24,0,8,8,3,100,0,0
1773825963.441646,202.035,0.021,0,24,0,8,8,3,100,0,0
1773825965.442781,202.141,0.020,0,24,0,8,8,3,100,0,0
1773825967.438723,202.246,0.034,0,24,0,8,8,3,100,0,0
1773825969.442060,202.348,0.026,0,24,0,8,8,3,100,0,0
1773825971.441480,202.453,0.020,0,24,0,8,8,3,100,0,0
1773825973.441690,202.539,0.028,0,24,0,8,8,3,100,0,0
1773825975.442180,202.648,0.027,0,24,0,8,8,3,100,0,0
1773825977.442325,202.746,0.029,0,24,0,8,8,3,100,0,0
1773825979.441368,202.855,0.022,0,24,0,8,8,3,100,0,0
1773825981.442399,202.957,0.025,0,24,0,8,8,3,100,0,0
1773825983.441550,203.062,0.028,0,24,0,8,8,3,100,0,0
1773825985.439232,203.160,0.022,0,24,0,8,8,3,100,0,0
1773825987.442929,203.262,0.033,0,24,0,8,8,3,100,0,0
1773825989.441371,203.367,0.025,0,24,0,8,8,3,100,0,0
1773825991.441481,203.465,0.021,0,24,0,8,8,3,100,0,0
1773825993.441385,203.574,0.020,0,24,0,8,8,3,100,0,0
1773825995.438217,203.664,0.023,0,24,0,8,8,3,100,0,0
1773825997.441612,203.777,0.024,0,24,0,8,8,3,100,0,0
1773825999.442455,203.875,0.016,0,24,0,8,8,3,100,0,0
1773826001.441641,203.969,0.024,0,24,0,8,8,3,100,0,0
1773826003.440977,204.078,0.032,0,24,0,8,8,3,100,0,0
1773826005.441479,204.176,0.029,0,24,0,8,8,3,100,0,0
1773826007.440239,204.270,0.024,0,24,0,8,8,3,100,0,0
1773826009.441482,204.391,0.025,0,24,0,8,8,3,100,0,0
1773826011.441608,204.492,0.020,0,24,0,8,8,3,100,0,0
1773826013.441277,204.594,0.023,0,24,0,8,8,3,100,0,0
1773826015.442409,204.699,0.024,0,24,0,8,8,3,100,0,0
1773826017.439846,204.797,0.031,0,24,0,8,8,3,100,0,0
1773826019.442008,204.906,0.019,0,24,0,8,8,3,100,0,0
1773826021.442807,205.004,0.020,0,24,0,8,8,3,100,0,0
1773826023.441852,205.105,0.021,0,24,0,8,8,3,100,0,0
1773826025.441574,205.207,0.025,0,24,0,8,8,3,100,0,0
1773826027.443031,205.301,0.029,0,24,0,8,8,3,100,0,0
1773826029.441635,205.406,0.024,0,24,0,8,8,3,100,0,0
1773826031.440180,205.508,0.021,0,24,0,8,8,3,100,0,0
1773826033.441481,205.613,0.031,0,24,0,8,8,3,100,0,0
1773826035.441367,205.715,0.023,0,24,0,8,8,3,100,0,0
1773826037.441081,205.820,0.024,0,24,0,8,8,3,100,0,0
1773826039.438617,205.922,0.025,0,24,0,8,8,3,100,0,0
1773826041.439179,206.016,0.031,0,24,0,8,8,3,100,0,0
1773826043.441773,206.117,0.027,0,24,0,8,8,3,100,0,0
1773826045.442073,206.223,0.022,0,24,0,8,8,3,100,0,0
1773826047.442167,206.324,0.025,0,24,0,8,8,3,100,0,0
1773826049.441446,206.426,0.024,0,24,0,8,8,3,100,0,0
1773826051.441477,206.531,0.022,0,24,0,8,8,3,100,0,0
1773826053.441509,206.633,0.022,0,24,0,8,8,3,100,0,0
1773826055.439595,206.738,0.020,0,24,0,8,8,3,100,0,0
1773826057.441706,206.836,0.023,0,24,0,8,8,3,100,0,0
1773826059.443184,206.938,0.022,0,24,0,8,8,3,100,0,0
1773826061.441525,207.039,0.019,0,24,0,8,8,3,100,0,0
1773826063.437668,207.137,0.026,0,24,0,8,8,3,100,0,0
1773826065.440873,207.246,0.024,0,24,0,8,8,3,100,0,0
1773826067.441826,207.344,0.027,0,24,0,8,8,3,100,0,0
1773826069.442335,207.457,0.018,0,24,0,8,8,3,100,0,0
1773826071.439228,207.555,0.024,0,24,0,8,8,3,100,0,0
1773826073.441896,207.656,0.029,0,24,0,8,8,3,100,0,0
1773826075.441666,207.750,0.024,0,24,0,8,8,3,100,0,0
1773826077.442457,207.852,0.020,0,24,0,8,8,3,100,0,0
1773826079.441828,207.957,0.019,0,24,0,8,8,3,100,0,0
1773826081.441171,208.062,0.021,0,24,0,8,8,3,100,0,0
1773826083.441358,208.160,0.030,0,24,0,8,8,3,100,0,0
1773826085.439010,208.262,0.025,0,24,0,8,8,3,100,0,0
1773826087.442034,208.371,0.025,0,24,0,8,8,3,100,0,0
1773826089.440904,208.469,0.027,0,24,0,8,8,3,100,0,0
1773826091.440940,208.562,0.020,0,24,0,8,8,3,100,0,0
1773826093.441368,208.668,0.019,0,24,0,8,8,3,100,0,0
1773826095.442312,208.773,0.017,0,24,0,8,8,3,100,0,0
1773826097.441353,208.879,0.021,0,24,0,8,8,3,100,0,0
1773826099.441431,208.980,0.020,0,24,0,8,8,3,100,0,0
1773826101.441973,209.086,0.024,0,24,0,8,8,3,100,0,0
1773826103.441788,209.184,0.024,0,24,0,8,8,3,100,0,0
1773826105.441669,209.289,0.022,0,24,0,8,8,3,100,0,0
1773826107.438856,209.383,0.019,0,24,0,8,8,3,100,0,0
1773826109.441550,209.484,0.020,0,24,0,8,8,3,100,0,0
1773826111.439819,209.594,0.025,0,24,0,8,8,3,100,0,0
1773826113.441741,209.688,0.019,0,24,0,8,8,3,100,0,0
1773826115.442529,209.793,0.023,0,24,0,8,8,3,100,0,0
1773826117.437887,209.898,0.029,0,24,0,8,8,3,100,0,0
1773826119.440938,210.000,0.021,0,24,0,8,8,3,100,0,0
1773826121.439898,210.102,0.019,0,24,0,8,8,3,100,0,0
1773826123.438822,210.203,0.025,0,24,0,8,8,3,100,0,0
1773826125.438944,210.297,0.023,0,24,0,8,8,3,100,0,0
1773826127.443456,210.406,0.035,0,24,0,8,8,3,100,0,0
1773826129.442484,210.508,0.021,0,24,0,8,8,3,100,0,0
1773826131.441818,210.613,0.030,0,24,0,8,8,3,100,0,0
1773826133.441369,210.711,0.028,0,24,0,8,8,3,100,0,0
1773826135.441796,210.809,0.023,0,24,0,8,8,3,100,0,0
1773826137.440070,210.914,0.027,0,24,0,8,8,3,100,0,0
1773826139.441894,211.016,0.029,0,24,0,8,8,3,100,0,0
1773826141.441936,211.121,0.021,0,24,0,8,8,3,100,0,0
1773826143.442352,211.223,0.028,0,24,0,8,8,3,100,0,0
1773826145.442085,211.316,0.028,0,24,0,8,8,3,100,0,0
1773826147.441244,211.422,0.025,0,24,0,8,8,3,100,0,0
1773826149.441562,211.523,0.021,0,24,0,8,8,3,100,0,0
1773826151.437687,211.633,0.019,0,24,0,8,8,3,100,0,0
1773826153.441525,211.730,0.023,0,24,0,8,8,3,100,0,0
1773826155.440633,211.832,0.035,0,24,0,8,8,3,100,0,0
1773826157.444375,211.934,0.022,0,24,0,8,8,3,100,0,0
1773826159.441573,212.035,0.022,0,24,0,8,8,3,100,0,0
1773826161.439324,212.133,0.024,0,24,0,8,8,3,100,0,0
1773826163.441628,212.238,0.020,0,24,0,8,8,3,100,0,0
1773826165.441300,212.348,0.021,0,24,0,8,8,3,100,0,0
1773826167.441488,212.449,0.022,0,24,0,8,8,3,100,0,0
1773826169.440023,200.859,0.015,0,24,0,8,8,3,100,0,0
1773826171.442763,197.520,0.026,0,24,0,8,8,3,100,0,0
1773826173.439765,197.570,0.028,0,24,0,8,8,3,100,0,0
1773826175.441431,197.664,0.021,0,24,0,8,8,3,100,0,0
1773826177.440983,197.781,0.018,0,24,0,8,8,3,100,0,0
1773826179.441933,197.891,0.021,0,24,0,8,8,3,100,0,0
1773826181.439220,197.992,0.024,0,24,0,8,8,3,100,0,0
1773826183.441412,198.090,0.021,0,24,0,8,8,3,100,0,0
1773826185.443622,198.199,0.030,0,24,0,8,8,3,100,0,0
1773826187.440506,198.301,0.021,0,24,0,8,8,3,100,0,0
1773826189.441324,198.410,0.024,0,24,0,8,8,3,100,0,0
1773826191.441787,198.504,0.021,0,24,0,8,8,3,100,0,0
1773826193.437806,198.613,0.031,0,24,0,8,8,3,100,0,0
1773826195.437493,198.707,0.026,0,24,0,8,8,3,100,0,0
1773826197.441844,198.816,0.032,0,24,0,8,8,3,100,0,0
1773826199.443403,198.922,0.028,0,24,0,8,8,3,100,0,0
1773826201.441568,199.016,0.021,0,24,0,8,8,3,100,0,0
1773826203.441390,199.125,0.018,0,24,0,8,8,3,100,0,0
1773826205.441066,199.223,0.024,0,24,0,8,8,3,100,0,0
1773826207.439803,199.332,0.035,0,24,0,8,8,3,100,0,0
1773826209.441364,199.422,0.019,0,24,0,8,8,3,100,0,0
1773826211.441668,199.523,0.022,0,24,0,8,8,3,100,0,0
1773826213.442125,199.629,0.022,0,24,0,8,8,3,100,0,0
1773826215.441303,199.723,0.021,0,24,0,8,8,3,100,0,0
1773826217.441841,199.836,0.022,0,24,0,8,8,3,100,0,0
1773826219.441556,199.930,0.027,0,24,0,8,8,3,100,0,0
1773826221.438525,200.031,0.022,0,24,0,8,8,3,100,0,0
1773826223.441981,200.137,0.024,0,24,0,8,8,3,100,0,0
1773826225.442410,200.227,0.023,0,24,0,8,8,3,100,0,0
1773826227.438674,200.336,0.022,0,24,0,8,8,3,100,0,0
1773826229.440691,200.434,0.024,0,24,0,8,8,3,100,0,0
1773826231.441591,200.535,0.023,0,24,0,8,8,3,100,0,0
1773826233.442486,200.637,0.023,0,24,0,8,8,3,100,0,0
1773826235.441398,200.738,0.032,0,24,0,8,8,3,100,0,0
1773826237.437746,200.848,0.030,0,24,0,8,8,3,100,0,0
1773826239.440266,200.945,0.027,0,24,0,8,8,3,100,0,0
1773826241.440595,201.039,0.019,0,24,0,8,8,3,100,0,0
1773826243.441962,201.145,0.025,0,24,0,8,8,3,100,0,0
1773826245.441489,201.250,0.022,0,24,0,8,8,3,100,0,0
1773826247.440455,201.348,0.023,0,24,0,8,8,3,100,0,0
1773826249.441577,201.457,0.029,0,24,0,8,8,3,100,0,0
1773826251.441664,201.551,0.026,0,24,0,8,8,3,100,0,0
1773826253.440545,201.656,0.019,0,24,0,8,8,3,100,0,0
1773826255.441357,201.766,0.017,0,24,0,8,8,3,100,0,0
1773826257.441561,201.867,0.023,0,24,0,8,8,3,100,0,0
1773826259.438744,201.965,0.030,0,24,0,8,8,3,100,0,0
1773826261.438659,202.059,0.019,0,24,0,8,8,3,100,0,0
1773826263.441381,202.168,0.025,0,24,0,8,8,3,100,0,0
1773826265.441787,202.266,0.019,0,24,0,8,8,3,100,0,0
1773826267.442874,202.371,0.017,0,24,0,8,8,3,100,0,0
1773826269.442873,202.469,0.022,0,24,0,8,8,3,100,0,0
1773826271.439544,202.578,0.026,0,24,0,8,8,3,100,0,0
1773826273.441769,202.680,0.023,0,24,0,8,8,3,100,0,0
1773826275.439958,202.777,0.029,0,24,0,8,8,3,100,0,0
1773826277.440421,202.883,0.035,0,24,0,8,8,3,100,0,0
1773826279.441518,202.992,0.020,0,24,0,8,8,3,100,0,0
1773826281.441853,203.090,0.020,0,24,0,8,8,3,100,0,0
1773826283.442857,203.184,0.030,0,24,0,8,8,3,100,0,0
1773826285.441473,203.293,0.023,0,24,0,8,8,3,100,0,0
1773826287.441322,203.398,0.026,0,24,0,8,8,3,100,0,0
1773826289.441533,203.492,0.026,0,24,0,8,8,3,100,0,0
1773826291.439223,203.598,0.018,0,24,0,8,8,3,100,0,0
1773826293.441794,203.695,0.024,0,24,0,8,8,3,100,0,0
1773826295.441618,203.801,0.020,0,24,0,8,8,3,100,0,0
1773826297.442957,203.902,0.023,0,24,0,8,8,3,100,0,0
1773826299.441406,204.004,0.021,0,24,0,8,8,3,100,0,0
1773826301.441613,204.109,0.026,0,24,0,8,8,3,100,0,0
1773826303.440027,204.207,0.028,0,24,0,8,8,3,100,0,0
1773826305.441345,204.312,0.020,0,24,0,8,8,3,100,0,0
1773826307.441236,204.414,0.027,0,24,0,8,8,3,100,0,0
1773826309.441566,204.512,0.017,0,24,0,8,8,3,100,0,0
1773826311.442203,204.617,0.023,0,24,0,8,8,3,100,0,0
1773826313.442352,204.723,0.023,0,24,0,8,8,3,100,0,0
1773826315.441639,204.816,0.027,0,24,0,8,8,3,100,0,0
1773826317.441521,204.926,0.024,0,24,0,8,8,3,100,0,0
1773826319.442193,205.023,0.022,0,24,0,8,8,3,100,0,0
1773826321.441642,205.129,0.020,0,24,0,8,8,3,100,0,0
1773826323.441874,205.230,0.019,0,24,0,8,8,3,100,0,0
1773826325.443224,205.336,0.021,0,24,0,8,8,3,100,0,0
1773826327.440111,205.430,0.027,0,24,0,8,8,3,100,0,0
1773826329.441735,205.535,0.023,0,24,0,8,8,3,100,0,0
1773826331.441520,205.637,0.018,0,24,0,8,8,3,100,0,0
1773826333.442682,205.746,0.034,0,24,0,8,8,3,100,0,0
1773826335.440740,205.844,0.035,0,24,0,8,8,3,100,0,0
1773826337.442631,205.938,0.019,0,24,0,8,8,3,100,0,0
1773826339.440274,206.047,0.032,0,24,0,8,8,3,100,0,0
1773826341.441330,206.148,0.025,0,24,0,8,8,3,100,0,0
1773826343.442571,206.246,0.022,0,24,0,8,8,3,100,0,0
1773826345.441445,206.348,0.022,0,24,0,8,8,3,100,0,0
1773826347.440499,206.449,0.026,0,24,0,8,8,3,100,0,0
1773826349.441595,206.547,0.029,0,24,0,8,8,3,100,0,0
1773826351.441878,206.652,0.018,0,24,0,8,8,3,100,0,0
1773826353.438314,206.754,0.021,0,24,0,8,8,3,100,0,0
1773826355.441046,206.859,0.024,0,24,0,8,8,3,100,0,0
1773826357.439664,206.961,0.029,0,24,0,8,8,3,100,0,0
1773826359.443255,207.055,0.031,0,24,0,8,8,3,100,0,0
1773826361.442758,207.160,0.025,0,24,0,8,8,3,100,0,0
1773826363.441380,207.266,0.026,0,24,0,8,8,3,100,0,0
1773826365.441629,207.363,0.025,0,24,0,8,8,3,100,0,0
1773826367.441492,207.473,0.022,0,24,0,8,8,3,100,0,0
1773826369.441876,207.570,0.017,0,24,0,8,8,3,100,0,0
1773826371.441930,207.676,0.022,0,24,0,8,8,3,100,0,0
1773826373.441290,207.777,0.023,0,24,0,8,8,3,100,0,0
1773826375.441136,207.887,0.026,0,24,0,8,8,3,100,0,0
1773826377.441231,207.980,0.025,0,24,0,8,8,3,100,0,0
1773826379.441591,208.086,0.019,0,24,0,8,8,3,100,0,0
1773826381.441534,208.184,0.021,0,24,0,8,8,3,100,0,0
1773826383.441959,208.289,0.027,0,24,0,8,8,3,100,0,0
1773826385.440820,208.387,0.023,0,24,0,8,8,3,100,0,0
1773826387.439238,208.488,0.025,0,24,0,8,8,3,100,0,0
1773826389.442385,208.594,0.026,0,24,0,8,8,3,100,0,0
1773826391.441755,208.699,0.020,0,24,0,8,8,3,100,0,0
1773826393.441235,208.797,0.038,0,24,0,8,8,3,100,0,0
1773826395.438551,208.895,0.022,0,24,0,8,8,3,100,0,0
1773826397.440283,208.996,0.023,0,24,0,8,8,3,100,0,0
1773826399.441114,209.109,0.026,0,24,0,8,8,3,100,0,0
1773826401.441356,209.203,0.019,0,24,0,8,8,3,100,0,0
1773826403.442023,209.312,0.028,0,24,0,8,8,3,100,0,0
1773826405.441611,209.414,0.023,0,24,0,8,8,3,100,0,0
1773826407.442194,209.520,0.022,0,24,0,8,8,3,100,0,0
1773826409.441166,209.613,0.022,0,24,0,8,8,3,100,0,0
1773826411.441480,209.711,0.031,0,24,0,8,8,3,100,0,0
1773826413.438917,209.812,0.028,0,24,0,8,8,3,100,0,0
1773826415.441469,209.914,0.022,0,24,0,8,8,3,100,0,0
1773826417.441988,210.023,0.029,0,24,0,8,8,3,100,0,0
1773826419.441167,210.125,0.024,0,24,0,8,8,3,100,0,0
1773826421.441035,210.227,0.022,0,24,0,8,8,3,100,0,0
1773826423.442403,210.324,0.023,0,24,0,8,8,3,100,0,0
1773826425.441736,210.430,0.021,0,24,0,8,8,3,100,0,0
1773826427.442219,210.527,0.027,0,24,0,8,8,3,100,0,0
1773826429.442375,210.629,0.027,0,24,0,8,8,3,100,0,0
1773826431.442595,210.738,0.031,0,24,0,8,8,3,100,0,0
1773826433.441668,210.840,0.021,0,24,0,8,8,3,100,0,0
1773826435.441346,210.938,0.031,0,24,0,8,8,3,100,0,0
1773826437.441384,211.035,0.029,0,24,0,8,8,3,100,0,0
1773826439.441609,211.141,0.025,0,24,0,8,8,3,100,0,0
1773826441.441319,211.246,0.032,0,24,0,8,8,3,100,0,0
1773826443.442158,211.352,0.034,0,24,0,8,8,3,100,0,0
1773826445.441521,211.445,0.022,0,24,0,8,8,3,100,0,0
1773826447.441934,211.547,0.022,0,24,0,8,8,3,100,0,0
1773826449.441585,211.652,0.022,0,24,0,8,8,3,100,0,0
1773826451.439543,211.754,0.036,0,24,0,8,8,3,100,0,0
1773826453.441619,211.859,0.018,0,24,0,8,8,3,100,0,0
1773826455.440494,211.953,0.024,0,24,0,8,8,3,100,0,0
1773826457.441550,212.055,0.017,0,24,0,8,8,3,100,0,0
1773826459.441149,212.160,0.019,0,24,0,8,8,3,100,0,0
1773826461.442755,212.258,0.021,0,24,0,8,8,3,100,0,0
1773826463.440307,212.359,0.026,0,24,0,8,8,3,100,0,0
1773826465.441644,212.465,0.020,0,24,0,8,8,3,100,0,0
1773826467.439296,200.863,0.018,0,24,0,8,8,3,100,0,0
1773826469.441422,197.504,0.019,0,24,0,8,8,3,100,0,0
1773826471.441132,197.574,0.027,0,24,0,8,8,3,100,0,0
1773826473.443162,197.676,0.024,0,24,0,8,8,3,100,0,0
1773826475.441830,197.770,0.025,0,24,0,8,8,3,100,0,0
1773826477.441884,197.871,0.020,0,24,0,8,8,3,100,0,0
1773826479.441378,197.969,0.024,0,24,0,8,8,3,100,0,0
1773826481.441990,198.070,0.024,0,24,0,8,8,3,100,0,0
1773826483.439328,198.172,0.021,0,24,0,8,8,3,100,0,0
1773826485.441957,198.273,0.027,0,24,0,8,8,3,100,0,0
1773826487.442348,198.387,0.023,0,24,0,8,8,3,100,0,0
1773826489.441422,198.484,0.042,0,24,0,8,8,3,100,0,0
1773826491.441659,198.590,0.032,0,24,0,8,8,3,100,0,0
1773826493.441475,198.688,0.022,0,24,0,8,8,3,100,0,0
1773826495.442183,198.797,0.029,0,24,0,8,8,3,100,0,0
1773826497.441560,198.895,0.022,0,24,0,8,8,3,100,0,0
1773826499.438400,198.992,0.023,0,24,0,8,8,3,100,0,0
1773826501.442270,199.102,0.024,0,24,0,8,8,3,100,0,0
1773826503.441194,199.203,0.024,0,24,0,8,8,3,100,0,0
1773826505.441984,199.309,0.019,0,24,0,8,8,3,100,0,0
1773826507.441199,199.410,0.021,0,24,0,8,8,3,100,0,0
1773826509.440647,199.512,0.027,0,24,0,8,8,3,100,0,0
1773826511.441804,199.609,0.031,0,24,0,8,8,3,100,0,0
1773826513.438347,199.703,0.020,0,24,0,8,8,3,100,0,0
1773826515.441489,199.797,0.022,0,24,0,8,8,3,100,0,0
1773826517.441651,199.898,0.018,0,24,0,8,8,3,100,0,0
1773826519.439375,200.004,0.030,0,24,0,8,8,3,100,0,0
1773826521.440854,200.109,0.023,0,24,0,8,8,3,100,0,0
1773826523.442145,200.219,0.023,0,24,0,8,8,3,100,0,0
1773826525.442063,200.320,0.023,0,24,0,8,8,3,100,0,0
1773826527.441923,200.414,0.023,0,24,0,8,8,3,100,0,0
1773826529.439695,200.516,0.020,0,24,0,8,8,3,100,0,0
1773826531.441447,200.625,0.019,0,24,0,8,8,3,100,0,0
1773826533.440811,200.730,0.028,0,24,0,8,8,3,100,0,0
1773826535.442175,200.828,0.022,0,24,0,8,8,3,100,0,0
1773826537.439931,200.934,0.031,0,24,0,8,8,3,100,0,0
1773826539.441492,201.031,0.019,0,24,0,8,8,3,100,0,0
1773826541.442150,201.137,0.029,0,24,0,8,8,3,100,0,0
1773826543.444360,201.238,0.024,0,24,0,8,8,3,100,0,0
1773826545.442251,201.336,0.024,0,24,0,8,8,3,100,0,0
1773826547.441714,201.438,0.025,0,24,0,8,8,3,100,0,0
1773826549.441310,201.539,0.023,0,24,0,8,8,3,100,0,0
1773826551.440752,201.645,0.021,0,24,0,8,8,3,100,0,0
1773826553.442082,201.750,0.020,0,24,0,8,8,3,100,0,0
1773826555.442823,201.848,0.022,0,24,0,8,8,3,100,0,0
1773826557.443420,201.949,0.018,0,24,0,8,8,3,100,0,0
1773826559.438462,202.059,0.021,0,24,0,8,8,3,100,0,0
1773826561.438326,202.160,0.018,0,24,0,8,8,3,100,0,0
1773826563.441128,199.836,0.018,0,24,0,8,8,3,100,0,0
1773826565.442003,197.246,0.018,0,24,0,8,8,3,100,0,0
1773826567.441629,197.246,0.018,0,24,0,8,8,3,100,0,0
1773826569.441495,197.246,0.018,0,24,0,8,8,3,100,0,0
1773826571.443226,197.246,0.018,0,24,0,8,8,3,100,0,0
1773826573.441964,197.246,0.018,0,24,0,8,8,3,100,0,0
1773826575.441929,197.246,0.018,0,24,0,8,8,3,100,0,0
1773826577.439446,197.246,0.018,0,24,0,8,8,3,100,0,0
1773826579.440727,197.246,0.018,0,24,0,8,8,3,100,0,0
1773826581.440080,197.246,0.018,0,24,0,8,8,3,100,0,0
1773826583.440202,197.246,0.018,0,24,0,8,8,3,100,0,0
1773826585.443393,197.246,0.018,0,24,0,8,8,3,100,0,0
1773826587.441412,197.246,0.018,0,24,0,8,8,3,100,0,0
1773826589.442384,197.246,0.018,0,24,0,8,8,3,100,0,0
1773826591.437751,197.246,0.018,0,24,0,8,8,3,100,0,0
1773826593.438839,197.246,0.018,0,24,0,8,8,3,100,0,0
1773826595.441995,197.246,0.018,0,24,0,8,8,3,100,0,0
1773826597.441652,197.246,0.018,0,24,0,8,8,3,100,0,0
1773826599.442907,197.246,0.018,0,24,0,8,8,3,100,0,0
1773826601.438484,197.246,0.018,0,24,0,8,8,3,100,0,0
1773826603.442301,197.246,0.018,0,24,0,8,8,3,100,0,0
1773826605.439545,197.234,0.018,0,24,0,8,8,3,100,0,0
1773826607.438055,197.234,0.018,0,24,0,8,8,3,100,0,0
1773826609.441814,197.512,0.021,0,24,0,8,8,3,100,0,0
1773826611.441695,197.508,0.022,0,24,0,8,8,3,100,0,0
1773826613.442705,197.508,0.035,0,24,0,8,8,3,100,0,0
1773826615.441658,197.508,0.028,0,24,0,8,8,3,100,0,0
1773826617.442079,197.508,0.020,0,24,0,8,8,3,100,0,0
1773826619.440126,197.508,0.021,0,24,0,8,8,3,100,0,0
1773826621.438066,197.508,0.025,0,24,0,8,8,3,100,0,0
1773826623.442084,197.512,0.024,0,24,0,8,8,3,100,0,0
1773826625.440204,197.512,0.024,0,24,0,8,8,3,100,0,0
1773826627.441602,197.512,0.023,0,24,0,8,8,3,100,0,0
1773826629.441507,197.512,0.019,0,24,0,8,8,3,100,0,0
1773826631.439306,197.512,0.025,0,24,0,8,8,3,100,0,0
1773826633.441442,197.512,0.025,0,24,0,8,8,3,100,0,0
1773826635.439053,197.512,0.024,0,24,0,8,8,3,100,0,0
1773826637.441629,197.512,0.023,0,24,0,8,8,3,100,0,0
1773826639.441745,197.512,0.024,0,24,0,8,8,3,100,0,0
1773826641.441170,197.512,0.063,0,24,0,8,8,3,100,0,0
1773826643.438959,197.512,0.025,0,24,0,8,8,3,100,0,0
1773826645.441446,197.512,0.031,0,24,0,8,8,3,100,0,0
1773826647.438126,197.512,0.027,0,24,0,8,8,3,100,0,0
1773826649.442062,197.512,0.019,0,24,0,8,8,3,100,0,0
1773826651.442213,197.512,0.023,0,24,0,8,8,3,100,0,0
1773826653.441192,197.516,0.024,0,24,0,8,8,3,100,0,0
1773826655.438064,197.516,0.025,0,24,0,8,8,3,100,0,0
1773826657.441605,197.516,0.026,0,24,0,8,8,3,100,0,0
1773826659.440886,197.516,0.023,0,24,0,8,8,3,100,0,0
1773826661.441786,197.516,0.031,0,24,0,8,8,3,100,0,0
1773826663.440618,197.516,0.029,0,24,0,8,8,3,100,0,0
1773826665.438307,197.504,0.026,0,24,0,8,8,3,100,0,0
1773826667.441746,197.504,0.020,0,24,0,8,8,3,100,0,0
1773826669.438206,197.508,0.024,0,24,0,8,8,3,100,0,0
1773826671.437895,197.504,0.026,0,24,0,8,8,3,100,0,0
1773826673.439272,197.504,0.032,0,24,0,8,8,3,100,0,0
1773826675.438586,197.504,0.028,0,24,0,8,8,3,100,0,0
1773826677.441229,197.504,0.022,0,24,0,8,8,3,100,0,0
1773826679.438317,197.504,0.029,0,24,0,8,8,3,100,0,0
1773826681.441332,197.504,0.029,0,24,0,8,8,3,100,0,0
1773826683.441962,197.504,0.021,0,24,0,8,8,3,100,0,0
1773826685.439188,197.504,0.025,0,24,0,8,8,3,100,0,0
1773826687.443555,197.504,0.021,0,24,0,8,8,3,100,0,0
1773826689.439363,197.504,0.030,0,24,0,8,8,3,100,0,0
1773826691.442089,197.504,0.037,0,24,0,8,8,3,100,0,0
1773826693.438824,197.504,0.027,0,24,0,8,8,3,100,0,0
1773826695.441498,197.504,0.024,0,24,0,8,8,3,100,0,0
1773826697.442608,197.504,0.020,0,24,0,8,8,3,100,0,0
1773826699.441365,197.504,0.020,0,24,0,8,8,3,100,0,0
1773826701.442341,197.504,0.019,0,24,0,8,8,3,100,0,0
1773826703.441419,197.504,0.020,0,24,0,8,8,3,100,0,0
1773826705.437377,197.504,0.021,0,24,0,8,8,3,100,0,0
1773826707.442114,197.504,0.019,0,24,0,8,8,3,100,0,0
1773826709.441473,197.504,0.027,0,24,0,8,8,3,100,0,0
1773826711.442102,197.504,0.022,0,24,0,8,8,3,100,0,0
1773826713.442397,197.504,0.021,0,24,0,8,8,3,100,0,0
1773826715.442086,197.504,0.019,0,24,0,8,8,3,100,0,0
1773826717.440498,197.504,0.021,0,24,0,8,8,3,100,0,0
1773826719.438497,197.504,0.022,0,24,0,8,8,3,100,0,0
1773826721.441262,197.504,0.020,0,24,0,8,8,3,100,0,0
1773826723.438528,197.504,0.026,0,24,0,8,8,3,100,0,0
1773826725.439007,197.504,0.023,0,24,0,8,8,3,100,0,0
1773826727.441716,197.504,0.023,0,24,0,8,8,3,100,0,0
1773826729.441594,197.504,0.024,0,24,0,8,8,3,100,0,0
1773826731.442389,197.504,0.026,0,24,0,8,8,3,100,0,0
1773826733.440539,197.504,0.018,0,24,0,8,8,3,100,0,0
1773826735.441571,197.504,0.031,0,24,0,8,8,3,100,0,0
1773826737.441036,197.504,0.033,0,24,0,8,8,3,100,0,0
1773826739.442508,197.504,0.027,0,24,0,8,8,3,100,0,0
1773826741.441309,197.504,0.022,0,24,0,8,8,3,100,0,0
1773826743.441567,197.504,0.033,0,24,0,8,8,3,100,0,0
1773826745.442344,197.504,0.033,0,24,0,8,8,3,100,0,0
1773826747.441530,197.504,0.024,0,24,0,8,8,3,100,0,0
1773826749.441508,197.504,0.033,0,24,0,8,8,3,100,0,0
1773826751.441469,197.504,0.025,0,24,0,8,8,3,100,0,0
1773826753.441058,197.504,0.021,0,24,0,8,8,3,100,0,0
1773826755.438218,197.504,0.031,0,24,0,8,8,3,100,0,0
1773826757.439085,197.504,0.021,0,24,0,8,8,3,100,0,0
1773826759.437724,197.512,0.022,0,24,0,8,8,3,100,0,0
1773826761.441301,197.512,0.024,0,24,0,8,8,3,100,0,0
1773826763.438300,197.512,0.022,0,24,0,8,8,3,100,0,0
1773826765.441950,197.512,0.020,0,24,0,8,8,3,100,0,0
1773826767.440684,197.512,0.024,0,24,0,8,8,3,100,0,0
1773826769.441484,197.512,0.025,0,24,0,8,8,3,100,0,0
1773826771.441816,197.512,0.021,0,24,0,8,8,3,100,0,0
1773826773.437737,197.512,0.031,0,24,0,8,8,3,100,0,0
1773826775.441084,197.512,0.024,0,24,0,8,8,3,100,0,0
1773826777.441435,197.512,0.022,0,24,0,8,8,3,100,0,0
1773826779.441768,197.512,0.024,0,24,0,8,8,3,100,0,0
1773826781.442472,197.512,0.023,0,24,0,8,8,3,100,0,0
1773826783.442026,197.512,0.028,0,24,0,8,8,3,100,0,0
1773826785.438255,197.512,0.025,0,24,0,8,8,3,100,0,0
1773826787.438774,197.512,0.020,0,24,0,8,8,3,100,0,0
1773826789.441450,197.512,0.017,0,24,0,8,8,3,100,0,0
1773826791.441140,197.512,0.021,0,24,0,8,8,3,100,0,0
1773826793.442090,197.512,0.022,0,24,0,8,8,3,100,0,0
1773826795.440372,197.512,0.022,0,24,0,8,8,3,100,0,0
1773826797.441562,197.512,0.024,0,24,0,8,8,3,100,0,0
1773826799.440469,197.512,0.021,0,24,0,8,8,3,100,0,0
1773826801.440142,197.512,0.021,0,24,0,8,8,3,100,0,0
1773826803.441752,197.512,0.098,0,24,0,8,8,3,100,0,0
1773826805.437950,197.512,0.023,0,24,0,8,8,3,100,0,0
1773826807.439920,197.512,0.025,0,24,0,8,8,3,100,0,0
1773826809.442229,197.512,0.032,0,24,0,8,8,3,100,0,0
1773826811.441311,197.512,0.022,0,24,0,8,8,3,100,0,0
1773826813.442139,197.512,0.025,0,24,0,8,8,3,100,0,0
1773826815.438198,197.512,0.024,0,24,0,8,8,3,100,0,0
1773826817.446175,197.512,0.033,0,24,0,8,8,3,100,0,0
1773826819.444603,197.516,0.036,0,24,0,8,8,3,100,0,0
1773826821.442247,197.512,0.020,0,24,0,8,8,3,100,0,0
1773826823.440246,197.512,0.034,0,24,0,8,8,3,100,0,0
1773826825.441384,197.512,0.022,0,24,0,8,8,3,100,0,0
1773826827.441669,197.512,0.024,0,24,0,8,8,3,100,0,0
1773826829.438014,197.512,0.029,0,24,0,8,8,3,100,0,0
1773826831.441534,197.512,0.022,0,24,0,8,8,3,100,0,0
1773826833.442175,197.512,0.024,0,24,0,8,8,3,100,0,0
1773826835.440842,197.512,0.021,0,24,0,8,8,3,100,0,0
1773826837.440267,197.512,0.022,0,24,0,8,8,3,100,0,0
1773826839.441034,197.512,0.028,0,24,0,8,8,3,100,0,0
1773826841.440203,197.512,0.030,0,24,0,8,8,3,100,0,0
1773826843.441277,197.512,0.035,0,24,0,8,8,3,100,0,0
1773826845.438495,197.512,0.026,0,24,0,8,8,3,100,0,0
1773826847.441219,197.512,0.030,0,24,0,8,8,3,100,0,0
1773826849.441496,197.512,0.027,0,24,0,8,8,3,100,0,0
1773826851.441414,197.512,0.025,0,24,0,8,8,3,100,0,0
1773826853.437891,197.512,0.023,0,24,0,8,8,3,100,0,0
1773826855.440932,197.512,0.030,0,24,0,8,8,3,100,0,0
1773826857.440880,197.512,0.041,0,24,0,8,8,3,100,0,0
1773826859.437498,197.512,0.029,0,24,0,8,8,3,100,0,0
1773826861.437711,197.512,0.022,0,24,0,8,8,3,100,0,0
1773826863.440965,197.512,0.040,0,24,0,8,8,3,100,0,0
1773826865.441771,197.512,0.023,0,24,0,8,8,3,100,0,0
1773826867.441778,197.512,0.028,0,24,0,8,8,3,100,0,0
1773826869.441069,197.512,0.021,0,24,0,8,8,3,100,0,0
1773826871.442314,197.512,0.028,0,24,0,8,8,3,100,0,0
1773826873.441209,197.512,0.024,0,24,0,8,8,3,100,0,0
1773826875.439722,197.512,0.028,0,24,0,8,8,3,100,0,0
1773826877.441186,197.512,0.019,0,24,0,8,8,3,100,0,0
1773826879.441767,197.512,0.023,0,24,0,8,8,3,100,0,0
1773826881.441584,197.512,0.025,0,24,0,8,8,3,100,0,0
1773826883.441264,197.512,0.024,0,24,0,8,8,3,100,0,0
1773826885.440768,197.512,0.029,0,24,0,8,8,3,100,0,0
1773826887.437556,197.512,0.029,0,24,0,8,8,3,100,0,0
1773826889.438560,197.512,0.029,0,24,0,8,8,3,100,0,0
1773826891.441193,197.512,0.025,0,24,0,8,8,3,100,0,0
1773826893.441181,197.512,0.026,0,24,0,8,8,3,100,0,0
1773826895.441354,197.512,0.035,0,24,0,8,8,3,100,0,0
1773826897.441365,197.512,0.021,0,24,0,8,8,3,100,0,0
1773826899.441422,197.512,0.023,0,24,0,8,8,3,100,0,0
1773826901.440413,197.512,0.027,0,24,0,8,8,3,100,0,0
1773826903.438349,197.512,0.027,0,24,0,8,8,3,100,0,0
1773826905.438265,197.512,0.023,0,24,0,8,8,3,100,0,0
1773826907.441605,197.512,0.032,0,24,0,8,8,3,100,0,0
1773826909.440089,197.512,0.023,0,24,0,8,8,3,100,0,0
1773826911.441742,197.512,0.022,0,24,0,8,8,3,100,0,0
1773826913.440847,197.512,0.016,0,24,0,8,8,3,100,0,0
1773826915.437599,197.512,0.015,0,24,0,8,8,3,100,0,0
1773826917.441222,197.512,0.019,0,24,0,8,8,3,100,0,0
1773826919.440969,197.512,0.017,0,24,0,8,8,3,100,0,0
1773826921.441674,197.512,0.014,0,24,0,8,8,3,100,0,0
1773826923.441806,197.512,0.014,0,24,0,8,8,3,100,0,0
1773826925.438359,197.512,0.022,0,24,0,8,8,3,100,0,0
1773826927.442663,197.512,0.016,0,24,0,8,8,3,100,0,0
1773826929.438290,197.512,0.019,0,24,0,8,8,3,100,0,0
1773826931.441560,197.512,0.017,0,24,0,8,8,3,100,0,0
1773826933.442442,197.512,0.019,0,24,0,8,8,3,100,0,0
1773826935.441793,197.512,0.019,0,24,0,8,8,3,100,0,0
1773826937.440900,197.512,0.019,0,24,0,8,8,3,100,0,0
1773826939.437771,197.512,0.017,0,24,0,8,8,3,100,0,0
1773826941.441626,197.512,0.020,0,24,0,8,8,3,100,0,0
1773826943.438731,197.512,0.019,0,24,0,8,8,3,100,0,0
1773826945.441716,197.512,0.018,0,24,0,8,8,3,100,0,0
1773826947.442261,197.512,0.021,0,24,0,8,8,3,100,0,0
1773826949.443338,197.512,0.029,0,24,0,8,8,3,100,0,0
1773826951.441252,197.512,0.015,0,24,0,8,8,3,100,0,0
1773826953.438273,197.512,0.015,0,24,0,8,8,3,100,0,0
1773826955.442060,197.512,0.018,0,24,0,8,8,3,100,0,0
1773826957.439667,197.512,0.020,0,24,0,8,8,3,100,0,0
1773826959.441327,197.512,0.019,0,24,0,8,8,3,100,0,0
1773826961.441368,197.512,0.014,0,24,0,8,8,3,100,0,0
1773826963.442418,197.512,0.015,0,24,0,8,8,3,100,0,0
1773826965.441260,197.512,0.024,0,24,0,8,8,3,100,0,0
1773826967.439498,197.512,0.015,0,24,0,8,8,3,100,0,0
1773826969.439022,197.512,0.017,0,24,0,8,8,3,100,0,0
1773826971.441305,197.512,0.015,0,24,0,8,8,3,100,0,0
1773826973.441366,197.512,0.015,0,24,0,8,8,3,100,0,0
1773826975.441633,197.512,0.017,0,24,0,8,8,3,100,0,0
1773826977.441451,197.512,0.013,0,24,0,8,8,3,100,0,0
1773826979.438810,197.512,0.018,0,24,0,8,8,3,100,0,0
1773826981.442584,197.512,0.016,0,24,0,8,8,3,100,0,0
1773826983.441942,197.512,0.013,0,24,0,8,8,3,100,0,0
1773826985.441489,197.512,0.022,0,24,0,8,8,3,100,0,0
1773826987.441894,197.512,0.026,0,24,0,8,8,3,100,0,0
1773826989.442322,197.512,0.019,0,24,0,8,8,3,100,0,0
1773826991.437645,197.512,0.016,0,24,0,8,8,3,100,0,0
1773826993.438603,197.512,0.018,0,24,0,8,8,3,100,0,0
1773826995.438853,197.512,0.018,0,24,0,8,8,3,100,0,0
1773826997.438033,197.512,0.017,0,24,0,8,8,3,100,0,0
1773826999.441336,197.512,0.020,0,24,0,8,8,3,100,0,0
1773827001.439796,197.512,0.014,0,24,0,8,8,3,100,0,0
1773827003.442618,197.512,0.019,0,24,0,8,8,3,100,0,0
1773827005.441777,197.512,0.014,0,24,0,8,8,3,100,0,0
1773827007.442094,197.512,0.016,0,24,0,8,8,3,100,0,0
1773827009.442965,197.512,0.014,0,24,0,8,8,3,100,0,0
1773827011.441767,197.512,0.014,0,24,0,8,8,3,100,0,0
1773827013.441611,197.512,0.014,0,24,0,8,8,3,100,0,0
1773827015.441066,197.512,0.019,0,24,0,8,8,3,100,0,0
1773827017.443587,197.512,0.025,0,24,0,8,8,3,100,0,0
1773827019.439451,197.512,0.016,0,24,0,8,8,3,100,0,0
1773827021.441445,197.512,0.014,0,24,0,8,8,3,100,0,0
1773827023.439517,197.512,0.013,0,24,0,8,8,3,100,0,0
1773827025.441361,197.512,0.015,0,24,0,8,8,3,100,0,0
1773827027.441128,197.512,0.019,0,24,0,8,8,3,100,0,0
1773827029.441145,197.512,0.018,0,24,0,8,8,3,100,0,0
1773827031.441623,197.512,0.020,0,24,0,8,8,3,100,0,0
1773827033.441030,197.512,0.015,0,24,0,8,8,3,100,0,0
1773827035.441246,197.512,0.021,0,24,0,8,8,3,100,0,0
1773827037.442172,197.512,0.019,0,24,0,8,8,3,100,0,0
1773827039.441743,197.512,0.013,0,24,0,8,8,3,100,0,0
1773827041.441095,197.512,0.013,0,24,0,8,8,3,100,0,0
1773827043.441769,197.512,0.014,0,24,0,8,8,3,100,0,0
1773827045.441182,197.512,0.014,0,24,0,8,8,3,100,0,0
1773827047.442115,197.512,0.013,0,24,0,8,8,3,100,0,0
1773827049.441625,197.512,0.019,0,24,0,8,8,3,100,0,0
1773827051.442154,197.512,0.018,0,24,0,8,8,3,100,0,0
1773827053.441358,197.512,0.014,0,24,0,8,8,3,100,0,0
1773827055.439205,197.512,0.021,0,24,0,8,8,3,100,0,0
1773827057.441501,197.512,0.017,0,24,0,8,8,3,100,0,0
1773827059.441068,197.512,0.014,0,24,0,8,8,3,100,0,0
1773827061.442143,197.512,0.013,0,24,0,8,8,3,100,0,0
1773827063.438179,197.512,0.015,0,24,0,8,8,3,100,0,0
1773827065.441863,197.512,0.013,0,24,0,8,8,3,100,0,0
1773827067.441873,197.512,0.016,0,24,0,8,8,3,100,0,0
1773827069.438666,197.512,0.026,0,24,0,8,8,3,100,0,0
1773827071.441248,197.512,0.020,0,24,0,8,8,3,100,0,0
1773827073.441544,197.512,0.016,0,24,0,8,8,3,100,0,0
1773827075.441655,197.512,0.016,0,24,0,8,8,3,100,0,0
1773827077.442180,197.512,0.015,0,24,0,8,8,3,100,0,0
1773827079.443363,197.512,0.018,0,24,0,8,8,3,100,0,0
1773827081.441434,197.512,0.020,0,24,0,8,8,3,100,0,0
1773827083.441525,197.512,0.017,0,24,0,8,8,3,100,0,0
1773827085.441391,197.512,0.015,0,24,0,8,8,3,100,0,0
1773827087.441280,197.512,0.013,0,24,0,8,8,3,100,0,0
1773827089.441050,197.512,0.017,0,24,0,8,8,3,100,0,0
1773827091.438597,197.512,0.016,0,24,0,8,8,3,100,0,0
1773827093.443410,197.512,0.015,0,24,0,8,8,3,100,0,0
1773827095.441125,197.512,0.015,0,24,0,8,8,3,100,0,0
1773827097.441200,197.512,0.023,0,24,0,8,8,3,100,0,0
1773827099.442119,197.512,0.014,0,24,0,8,8,3,100,0,0
1773827101.441507,197.512,0.017,0,24,0,8,8,3,100,0,0
1773827103.438925,197.512,0.014,0,24,0,8,8,3,100,0,0
1773827105.441401,197.512,0.023,0,24,0,8,8,3,100,0,0
1773827107.442113,197.512,0.021,0,24,0,8,8,3,100,0,0
1773827109.441532,197.512,0.018,0,24,0,8,8,3,100,0,0
1773827111.442328,197.512,0.025,0,24,0,8,8,3,100,0,0
1773827113.440204,197.512,0.014,0,24,0,8,8,3,100,0,0
1773827115.437663,197.512,0.045,0,24,0,8,8,3,100,0,0
1773827117.441401,197.512,0.016,0,24,0,8,8,3,100,0,0
1773827119.441416,197.512,0.016,0,24,0,8,8,3,100,0,0
1773827121.441952,197.512,0.018,0,24,0,8,8,3,100,0,0
1773827123.441166,197.512,0.023,0,24,0,8,8,3,100,0,0
1773827125.440346,197.512,0.016,0,24,0,8,8,3,100,0,0
1773827127.441582,197.512,0.018,0,24,0,8,8,3,100,0,0
1773827129.447837,197.512,0.026,0,24,0,8,8,3,100,0,0
1773827131.441137,197.512,0.022,0,24,0,8,8,3,100,0,0
1773827133.442012,197.512,0.013,0,24,0,8,8,3,100,0,0
1773827135.443023,197.512,0.017,0,24,0,8,8,3,100,0,0
1773827137.440671,197.512,0.018,0,24,0,8,8,3,100,0,0
1773827139.439396,197.512,0.013,0,24,0,8,8,3,100,0,0
1773827141.440242,197.512,0.014,0,24,0,8,8,3,100,0,0
1773827143.440990,197.512,0.016,0,24,0,8,8,3,100,0,0
1773827145.442262,197.512,0.014,0,24,0,8,8,3,100,0,0
1773827147.439241,197.512,0.016,0,24,0,8,8,3,100,0,0
1773827149.442302,197.512,0.036,0,24,0,8,8,3,100,0,0
1773827151.440467,197.512,0.018,0,24,0,8,8,3,100,0,0
1773827153.441725,197.512,0.021,0,24,0,8,8,3,100,0,0
1773827155.441990,197.512,0.014,0,24,0,8,8,3,100,0,0
1773827157.440849,197.512,0.014,0,24,0,8,8,3,100,0,0
1773827159.442786,197.512,0.017,0,24,0,8,8,3,100,0,0
1773827161.440809,197.512,0.016,0,24,0,8,8,3,100,0,0
1773827163.442887,197.512,0.016,0,24,0,8,8,3,100,0,0
1773827165.441204,197.512,0.013,0,24,0,8,8,3,100,0,0
1773827167.441240,197.512,0.013,0,24,0,8,8,3,100,0,0
1773827169.441237,197.512,0.013,0,24,0,8,8,3,100,0,0
1773827171.442306,197.512,0.026,0,24,0,8,8,3,100,0,0
1773827173.442080,197.512,0.014,0,24,0,8,8,3,100,0,0
1773827175.438507,197.512,0.024,0,24,0,8,8,3,100,0,0
1773827177.441826,197.512,0.013,0,24,0,8,8,3,100,0,0
1773827179.441458,197.512,0.013,0,24,0,8,8,3,100,0,0
1773827181.441167,197.512,0.016,0,24,0,8,8,3,100,0,0
1773827183.441571,197.512,0.014,0,24,0,8,8,3,100,0,0
1773827185.442025,197.512,0.014,0,24,0,8,8,3,100,0,0
1773827187.442188,197.512,0.014,0,24,0,8,8,3,100,0,0
1773827189.438065,197.512,0.019,0,24,0,8,8,3,100,0,0
1773827191.441594,197.512,0.021,0,24,0,8,8,3,100,0,0
1773827193.440958,197.512,0.017,0,24,0,8,8,3,100,0,0
1773827195.441118,197.512,0.015,0,24,0,8,8,3,100,0,0
1773827197.441035,197.512,0.015,0,24,0,8,8,3,100,0,0
1773827199.440224,197.512,0.030,0,24,0,8,8,3,100,0,0
1773827201.441471,197.512,0.018,0,24,0,8,8,3,100,0,0
1773827203.441184,197.512,0.018,0,24,0,8,8,3,100,0,0
1773827205.442467,197.512,0.018,0,24,0,8,8,3,100,0,0
1773827207.441309,197.512,0.019,0,24,0,8,8,3,100,0,0
1773827209.441462,197.512,0.032,0,24,0,8,8,3,100,0,0
1773827211.441364,197.512,0.013,0,24,0,8,8,3,100,0,0
1773827213.442081,197.512,0.018,0,24,0,8,8,3,100,0,0
1773827215.441160,197.512,0.023,0,24,0,8,8,3,100,0,0
1773827217.441537,197.512,0.018,0,24,0,8,8,3,100,0,0
1773827219.442904,197.512,0.021,0,24,0,8,8,3,100,0,0
1773827221.441428,197.512,0.012,0,24,0,8,8,3,100,0,0
1773827223.439700,197.512,0.021,0,24,0,8,8,3,100,0,0
1773827225.441018,197.512,0.014,0,24,0,8,8,3,100,0,0
1773827227.441110,197.512,0.017,0,24,0,8,8,3,100,0,0
1773827229.440712,197.512,0.018,0,24,0,8,8,3,100,0,0
1773827231.438297,197.512,0.019,0,24,0,8,8,3,100,0,0
1773827233.442466,197.512,0.022,0,24,0,8,8,3,100,0,0
1773827235.441949,197.512,0.018,0,24,0,8,8,3,100,0,0
1773827237.441689,197.512,0.017,0,24,0,8,8,3,100,0,0
1773827239.442022,197.512,0.016,0,24,0,8,8,3,100,0,0
1773827241.441545,197.512,0.014,0,24,0,8,8,3,100,0,0
1773827243.438332,197.512,0.016,0,24,0,8,8,3,100,0,0
1773827245.441542,197.512,0.014,0,24,0,8,8,3,100,0,0
1773827247.441873,197.512,0.015,0,24,0,8,8,3,100,0,0
1773827249.441730,197.512,0.014,0,24,0,8,8,3,100,0,0
1773827251.440916,197.512,0.019,0,24,0,8,8,3,100,0,0
1773827253.438378,197.512,0.018,0,24,0,8,8,3,100,0,0
1773827255.441142,197.512,0.029,0,24,0,8,8,3,100,0,0
1773827257.441549,197.512,0.024,0,24,0,8,8,3,100,0,0
1773827259.439080,197.512,0.021,0,24,0,8,8,3,100,0,0
1773827261.441819,197.512,0.017,0,24,0,8,8,3,100,0,0
1773827263.441194,197.512,0.015,0,24,0,8,8,3,100,0,0
1773827265.441550,197.512,0.022,0,24,0,8,8,3,100,0,0
1773827267.439677,197.512,0.020,0,24,0,8,8,3,100,0,0
1773827269.442012,197.512,0.015,0,24,0,8,8,3,100,0,0
1773827271.441756,197.512,0.017,0,24,0,8,8,3,100,0,0
1773827273.438419,197.512,0.019,0,24,0,8,8,3,100,0,0
1773827275.442747,197.512,0.013,0,24,0,8,8,3,100,0,0
1773827277.438982,197.512,0.016,0,24,0,8,8,3,100,0,0
1773827279.441058,197.512,0.015,0,24,0,8,8,3,100,0,0
1773827281.441997,197.512,0.019,0,24,0,8,8,3,100,0,0
1773827283.441659,197.512,0.021,0,24,0,8,8,3,100,0,0
1773827285.442130,197.512,0.017,0,24,0,8,8,3,100,0,0
1773827287.438256,197.512,0.014,0,24,0,8,8,3,100,0,0
1773827289.442167,197.512,0.019,0,24,0,8,8,3,100,0,0
1773827291.441462,197.512,0.015,0,24,0,8,8,3,100,0,0
1773827293.441647,197.512,0.017,0,24,0,8,8,3,100,0,0
1773827295.441236,197.512,0.018,0,24,0,8,8,3,100,0,0
1773827297.440458,197.512,0.013,0,24,0,8,8,3,100,0,0
1773827299.440755,197.512,0.020,0,24,0,8,8,3,100,0,0
1773827301.441334,197.512,0.016,0,24,0,8,8,3,100,0,0
1773827303.442363,197.512,0.026,0,24,0,8,8,3,100,0,0
1773827305.438354,197.512,0.018,0,24,0,8,8,3,100,0,0
1773827307.440389,197.512,0.013,0,24,0,8,8,3,100,0,0
1773827309.441382,197.512,0.022,0,24,0,8,8,3,100,0,0
1773827311.443628,197.512,0.022,0,24,0,8,8,3,100,0,0
1773827313.441353,197.512,0.013,0,24,0,8,8,3,100,0,0
1773827315.442006,197.512,0.012,0,24,0,8,8,3,100,0,0
1773827317.443010,197.512,0.013,0,24,0,8,8,3,100,0,0
1773827319.441844,197.512,0.013,0,24,0,8,8,3,100,0,0
1773827321.437630,197.512,0.013,0,24,0,8,8,3,100,0,0
1773827323.442055,197.512,0.013,0,24,0,8,8,3,100,0,0
1773827325.442081,197.512,0.015,0,24,0,8,8,3,100,0,0
1773827327.442608,197.512,0.015,0,24,0,8,8,3,100,0,0
1773827329.441674,197.512,0.017,0,24,0,8,8,3,100,0,0
1773827331.442151,197.512,0.013,0,24,0,8,8,3,100,0,0
1773827333.438245,197.512,0.016,0,24,0,8,8,3,100,0,0
1773827335.442576,197.512,0.022,0,24,0,8,8,3,100,0,0
1773827337.441844,197.512,0.018,0,24,0,8,8,3,100,0,0
1773827339.438934,197.512,0.020,0,24,0,8,8,3,100,0,0
1773827341.442177,197.512,0.012,0,24,0,8,8,3,100,0,0
1773827343.441666,197.512,0.014,0,24,0,8,8,3,100,0,0
1773827345.444408,197.512,0.014,0,24,0,8,8,3,100,0,0
1773827347.440937,197.512,0.025,0,24,0,8,8,3,100,0,0
1773827349.442118,197.512,0.023,0,24,0,8,8,3,100,0,0
1773827351.441230,197.512,0.017,0,24,0,8,8,3,100,0,0
1773827353.438360,197.512,0.014,0,24,0,8,8,3,100,0,0
1773827355.441292,197.512,0.024,0,24,0,8,8,3,100,0,0
1773827357.441197,197.512,0.016,0,24,0,8,8,3,100,0,0
1773827359.440354,197.512,0.025,0,24,0,8,8,3,100,0,0
1773827361.437853,197.512,0.014,0,24,0,8,8,3,100,0,0
1773827363.441939,197.512,0.014,0,24,0,8,8,3,100,0,0
1773827365.441084,197.512,0.016,0,24,0,8,8,3,100,0,0
1773827367.437261,197.512,0.014,0,24,0,8,8,3,100,0,0
1773827369.441964,197.512,0.013,0,24,0,8,8,3,100,0,0
1773827371.437266,197.512,0.018,0,24,0,8,8,3,100,0,0
1773827373.442577,197.512,0.019,0,24,0,8,8,3,100,0,0
1773827375.438226,197.512,0.018,0,24,0,8,8,3,100,0,0
1773827377.440112,197.512,0.018,0,24,0,8,8,3,100,0,0
1773827379.441736,197.512,0.017,0,24,0,8,8,3,100,0,0
1773827381.441897,197.512,0.016,0,24,0,8,8,3,100,0,0
1773827383.441218,197.512,0.013,0,24,0,8,8,3,100,0,0
1773827385.441181,197.512,0.016,0,24,0,8,8,3,100,0,0
1773827387.442055,197.512,0.017,0,24,0,8,8,3,100,0,0
1773827389.441255,197.512,0.013,0,24,0,8,8,3,100,0,0
1773827391.438602,197.512,0.014,0,24,0,8,8,3,100,0,0
1773827393.441459,197.512,0.012,0,24,0,8,8,3,100,0,0
1773827395.438683,197.512,0.018,0,24,0,8,8,3,100,0,0
1773827397.441511,197.512,0.022,0,24,0,8,8,3,100,0,0
1773827399.440845,197.512,0.021,0,24,0,8,8,3,100,0,0
1773827401.442425,197.512,0.016,0,24,0,8,8,3,100,0,0
1773827403.441240,197.512,0.021,0,24,0,8,8,3,100,0,0
1773827405.437833,197.512,0.015,0,24,0,8,8,3,100,0,0
1773827407.441369,197.512,0.014,0,24,0,8,8,3,100,0,0
1773827409.438452,197.512,0.014,0,24,0,8,8,3,100,0,0
1773827411.441189,197.512,0.014,0,24,0,8,8,3,100,0,0
1773827413.442261,197.512,0.014,0,24,0,8,8,3,100,0,0
1773827415.442339,197.512,0.014,0,24,0,8,8,3,100,0,0
1773827417.441754,197.512,0.018,0,24,0,8,8,3,100,0,0
1773827419.441208,197.512,0.014,0,24,0,8,8,3,100,0,0
1773827421.441458,197.512,0.012,0,24,0,8,8,3,100,0,0
1773827423.441898,197.512,0.019,0,24,0,8,8,3,100,0,0
1773827425.441157,197.512,0.019,0,24,0,8,8,3,100,0,0
1773827427.441184,197.512,0.013,0,24,0,8,8,3,100,0,0
1773827429.439113,197.512,0.018,0,24,0,8,8,3,100,0,0
1773827431.441976,197.512,0.016,0,24,0,8,8,3,100,0,0
1773827433.441771,197.512,0.013,0,24,0,8,8,3,100,0,0
1773827435.441896,197.512,0.028,0,24,0,8,8,3,100,0,0
1773827437.442185,197.512,0.015,0,24,0,8,8,3,100,0,0
1773827439.441197,197.512,0.014,0,24,0,8,8,3,100,0,0
1773827441.437827,197.512,0.013,0,24,0,8,8,3,100,0,0
1773827443.442604,197.512,0.015,0,24,0,8,8,3,100,0,0
1773827445.442135,197.512,0.025,0,24,0,8,8,3,100,0,0
1773827447.440092,197.512,0.014,0,24,0,8,8,3,100,0,0
1773827449.441280,197.512,0.013,0,24,0,8,8,3,100,0,0
1773827451.441397,197.512,0.020,0,24,0,8,8,3,100,0,0
1773827453.441225,197.512,0.015,0,24,0,8,8,3,100,0,0
1773827455.441257,197.512,0.016,0,24,0,8,8,3,100,0,0
1773827457.441978,197.512,0.020,0,24,0,8,8,3,100,0,0
1773827459.440094,197.512,0.027,0,24,0,8,8,3,100,0,0
1773827461.441102,197.512,0.019,0,24,0,8,8,3,100,0,0
1773827463.441279,197.512,0.016,0,24,0,8,8,3,100,0,0
1773827465.441067,197.512,0.016,0,24,0,8,8,3,100,0,0
1773827467.438070,197.512,0.020,0,24,0,8,8,3,100,0,0
1773827469.441289,197.512,0.013,0,24,0,8,8,3,100,0,0
1773827471.442384,197.512,0.017,0,24,0,8,8,3,100,0,0
1773827473.437781,197.512,0.018,0,24,0,8,8,3,100,0,0
1773827475.441578,197.512,0.012,0,24,0,8,8,3,100,0,0
1773827477.440725,197.512,0.017,0,24,0,8,8,3,100,0,0
1773827479.441144,197.512,0.014,0,24,0,8,8,3,100,0,0
1773827481.441719,197.512,0.016,0,24,0,8,8,3,100,0,0
1773827483.441287,197.512,0.019,0,24,0,8,8,3,100,0,0
1773827485.441869,197.512,0.016,0,24,0,8,8,3,100,0,0
1773827487.441873,197.512,0.021,0,24,0,8,8,3,100,0,0
1773827489.441344,197.512,0.013,0,24,0,8,8,3,100,0,0
1773827491.441488,197.512,0.019,0,24,0,8,8,3,100,0,0
1773827493.438219,197.512,0.017,0,24,0,8,8,3,100,0,0
1773827495.439453,197.512,0.013,0,24,0,8,8,3,100,0,0
1773827497.441867,197.512,0.015,0,24,0,8,8,3,100,0,0
1773827499.442614,197.512,0.018,0,24,0,8,8,3,100,0,0
1773827501.437978,197.512,0.016,0,24,0,8,8,3,100,0,0
1773827503.443057,197.512,0.019,0,24,0,8,8,3,100,0,0
1773827505.440040,197.512,0.022,0,24,0,8,8,3,100,0,0
1773827507.440976,197.512,0.018,0,24,0,8,8,3,100,0,0
1773827509.441280,197.512,0.019,0,24,0,8,8,3,100,0,0
1773827511.441263,197.512,0.030,0,24,0,8,8,3,100,0,0
1773827513.442206,197.512,0.021,0,24,0,8,8,3,100,0,0
1773827515.439337,197.512,0.024,0,24,0,8,8,3,100,0,0
1773827517.440807,197.512,0.025,0,24,0,8,8,3,100,0,0
1773827519.441278,197.512,0.015,0,24,0,8,8,3,100,0,0
1773827521.441812,197.512,0.013,0,24,0,8,8,3,100,0,0
1773827523.437769,197.512,0.015,0,24,0,8,8,3,100,0,0
1773827525.438474,197.512,0.013,0,24,0,8,8,3,100,0,0
1773827527.441730,197.512,0.018,0,24,0,8,8,3,100,0,0
1773827529.441237,197.512,0.014,0,24,0,8,8,3,100,0,0
1773827531.441438,197.512,0.016,0,24,0,8,8,3,100,0,0
1773827533.437919,197.512,0.018,0,24,0,8,8,3,100,0,0
1773827535.441552,197.512,0.017,0,24,0,8,8,3,100,0,0
1773827537.441705,197.512,0.025,0,24,0,8,8,3,100,0,0
1773827539.441691,197.512,0.014,0,24,0,8,8,3,100,0,0
1773827541.438407,197.512,0.019,0,24,0,8,8,3,100,0,0
1773827543.437764,197.512,0.017,0,24,0,8,8,3,100,0,0
1773827545.440065,197.512,0.022,0,24,0,8,8,3,100,0,0
1773827547.441290,197.512,0.012,0,24,0,8,8,3,100,0,0
1773827549.439979,197.512,0.015,0,24,0,8,8,3,100,0,0
1773827551.442240,197.512,0.016,0,24,0,8,8,3,100,0,0
1773827553.441064,197.512,0.020,0,24,0,8,8,3,100,0,0
1773827555.439540,197.512,0.027,0,24,0,8,8,3,100,0,0
1773827557.440734,197.512,0.016,0,24,0,8,8,3,100,0,0
1773827559.441286,197.512,0.020,0,24,0,8,8,3,100,0,0
1773827561.441260,197.512,0.018,0,24,0,8,8,3,100,0,0
1773827563.441066,197.512,0.013,0,24,0,8,8,3,100,0,0
1773827565.438125,197.512,0.017,0,24,0,8,8,3,100,0,0
1773827567.441650,197.512,0.023,0,24,0,8,8,3,100,0,0
1773827569.438489,197.512,0.023,0,24,0,8,8,3,100,0,0
1773827571.441628,197.512,0.012,0,24,0,8,8,3,100,0,0
1773827573.441247,197.512,0.014,0,24,0,8,8,3,100,0,0
1773827575.441086,197.512,0.015,0,24,0,8,8,3,100,0,0
1773827577.448931,197.512,0.021,0,24,0,8,8,3,100,0,0
1773827579.441170,197.512,0.013,0,24,0,8,8,3,100,0,0
1773827581.437727,197.512,0.013,0,24,0,8,8,3,100,0,0
1773827583.442968,197.512,0.027,0,24,0,8,8,3,100,0,0
1773827585.441290,197.512,0.017,0,24,0,8,8,3,100,0,0
1773827587.441550,197.512,0.012,0,24,0,8,8,3,100,0,0
1773827589.441201,197.512,0.021,0,24,0,8,8,3,100,0,0
1773827591.442809,197.512,0.021,0,24,0,8,8,3,100,0,0
1773827593.438332,197.512,0.015,0,24,0,8,8,3,100,0,0
1773827595.441956,197.512,0.017,0,24,0,8,8,3,100,0,0
1773827597.442564,197.512,0.026,0,24,0,8,8,3,100,0,0
1773827599.441187,197.512,0.013,0,24,0,8,8,3,100,0,0
1773827601.441088,197.512,0.016,0,24,0,8,8,3,100,0,0
1773827603.442581,197.512,0.016,0,24,0,8,8,3,100,0,0
1773827605.440203,197.512,0.013,0,24,0,8,8,3,100,0,0
1773827607.442067,197.512,0.022,0,24,0,8,8,3,100,0,0
1773827609.438823,197.512,0.014,0,24,0,8,8,3,100,0,0
1773827611.440929,197.512,0.017,0,24,0,8,8,3,100,0,0
1773827613.440654,197.512,0.017,0,24,0,8,8,3,100,0,0
1773827615.441359,197.512,0.016,0,24,0,8,8,3,100,0,0
1773827617.440026,197.512,0.015,0,24,0,8,8,3,100,0,0
1773827619.441313,197.512,0.013,0,24,0,8,8,3,100,0,0
1773827621.441642,197.512,0.014,0,24,0,8,8,3,100,0,0
1773827623.441025,197.512,0.013,0,24,0,8,8,3,100,0,0
1773827625.441850,197.512,0.020,0,24,0,8,8,3,100,0,0
1773827627.441669,197.512,0.014,0,24,0,8,8,3,100,0,0
1773827629.441294,197.512,0.019,0,24,0,8,8,3,100,0,0
1773827631.441065,197.512,0.014,0,24,0,8,8,3,100,0,0
1773827633.439630,197.512,0.015,0,24,0,8,8,3,100,0,0
1773827635.442220,197.512,0.015,0,24,0,8,8,3,100,0,0
1773827637.441597,197.512,0.013,0,24,0,8,8,3,100,0,0
1773827639.442707,197.512,0.020,0,24,0,8,8,3,100,0,0
1773827641.439496,197.512,0.048,0,24,0,8,8,3,100,0,0
1773827643.441472,197.516,0.033,0,24,0,8,8,3,100,0,0
1773827645.441842,197.512,0.015,0,24,0,8,8,3,100,0,0
1773827647.439083,197.512,0.019,0,24,0,8,8,3,100,0,0
1773827649.441691,197.512,0.013,0,24,0,8,8,3,100,0,0
1773827651.441566,197.512,0.019,0,24,0,8,8,3,100,0,0
1773827653.440053,197.512,0.018,0,24,0,8,8,3,100,0,0
1773827655.438950,197.512,0.016,0,24,0,8,8,3,100,0,0
1773827657.441784,197.512,0.015,0,24,0,8,8,3,100,0,0
1773827659.439674,197.512,0.014,0,24,0,8,8,3,100,0,0
1773827661.445184,197.512,0.019,0,24,0,8,8,3,100,0,0
1773827663.441400,197.512,0.016,0,24,0,8,8,3,100,0,0
1773827665.441091,197.512,0.014,0,24,0,8,8,3,100,0,0
1773827667.443421,197.512,0.014,0,24,0,8,8,3,100,0,0
1773827669.441701,197.512,0.016,0,24,0,8,8,3,100,0,0
1773827671.441233,197.512,0.015,0,24,0,8,8,3,100,0,0
1773827673.441289,197.512,0.016,0,24,0,8,8,3,100,0,0
1773827675.441194,197.512,0.021,0,24,0,8,8,3,100,0,0
1773827677.438048,197.512,0.024,0,24,0,8,8,3,100,0,0
1773827679.441572,197.512,0.014,0,24,0,8,8,3,100,0,0
1773827681.441921,197.512,0.013,0,24,0,8,8,3,100,0,0
1773827683.437528,197.512,0.019,0,24,0,8,8,3,100,0,0
1773827685.442533,197.512,0.013,0,24,0,8,8,3,100,0,0
1773827687.441025,197.512,0.014,0,24,0,8,8,3,100,0,0
1773827689.438705,197.512,0.018,0,24,0,8,8,3,100,0,0
1773827691.441516,197.512,0.013,0,24,0,8,8,3,100,0,0
1773827693.440015,197.512,0.013,0,24,0,8,8,3,100,0,0
1773827695.440393,197.512,0.023,0,24,0,8,8,3,100,0,0
1773827697.441647,197.512,0.014,0,24,0,8,8,3,100,0,0
1773827699.442109,197.512,0.013,0,24,0,8,8,3,100,0,0
1773827701.439370,197.512,0.015,0,24,0,8,8,3,100,0,0
1773827703.441064,197.512,0.014,0,24,0,8,8,3,100,0,0
1773827705.438047,197.512,0.022,0,24,0,8,8,3,100,0,0
1773827707.442169,197.512,0.019,0,24,0,8,8,3,100,0,0
1773827709.441772,197.512,0.017,0,24,0,8,8,3,100,0,0
1773827711.440298,197.512,0.044,0,24,0,8,8,3,100,0,0
1773827713.440923,197.512,0.014,0,24,0,8,8,3,100,0,0
1773827715.438969,197.512,0.016,0,24,0,8,8,3,100,0,0
1773827717.439409,197.512,0.015,0,24,0,8,8,3,100,0,0
1773827719.441317,197.512,0.013,0,24,0,8,8,3,100,0,0
1773827721.438711,197.512,0.016,0,24,0,8,8,3,100,0,0
1773827723.441761,197.512,0.013,0,24,0,8,8,3,100,0,0
1773827725.441790,197.512,0.016,0,24,0,8,8,3,100,0,0
1773827727.440796,197.512,0.012,0,24,0,8,8,3,100,0,0
1773827729.441304,197.512,0.017,0,24,0,8,8,3,100,0,0
1773827731.437571,197.512,0.017,0,24,0,8,8,3,100,0,0
1773827733.442465,197.512,0.015,0,24,0,8,8,3,100,0,0
1773827735.440560,197.512,0.014,0,24,0,8,8,3,100,0,0
1773827737.442459,197.512,0.013,0,24,0,8,8,3,100,0,0
1773827739.441969,197.512,0.014,0,24,0,8,8,3,100,0,0
1773827741.441916,197.512,0.014,0,24,0,8,8,3,100,0,0
1773827743.439586,197.512,0.019,0,24,0,8,8,3,100,0,0
1773827745.441243,197.512,0.014,0,24,0,8,8,3,100,0,0
1773827747.441777,197.512,0.017,0,24,0,8,8,3,100,0,0
1773827749.442437,197.512,0.012,0,24,0,8,8,3,100,0,0
1773827751.442464,197.512,0.015,0,24,0,8,8,3,100,0,0
1773827753.440848,197.512,0.014,0,24,0,8,8,3,100,0,0
1773827755.441674,197.512,0.013,0,24,0,8,8,3,100,0,0
1773827757.441438,197.512,0.015,0,24,0,8,8,3,100,0,0
1773827759.441351,197.512,0.013,0,24,0,8,8,3,100,0,0
1773827761.441533,197.512,0.016,0,24,0,8,8,3,100,0,0
1773827763.441445,197.512,0.016,0,24,0,8,8,3,100,0,0
1773827765.443251,197.512,0.014,0,24,0,8,8,3,100,0,0
1773827767.439235,197.512,0.015,0,24,0,8,8,3,100,0,0
1773827769.441196,197.512,0.015,0,24,0,8,8,3,100,0,0
1773827771.441144,197.512,0.012,0,24,0,8,8,3,100,0,0
1773827773.440165,197.512,0.016,0,24,0,8,8,3,100,0,0
1773827775.441142,197.512,0.014,0,24,0,8,8,3,100,0,0
1773827777.439557,197.512,0.015,0,24,0,8,8,3,100,0,0
1773827779.442881,197.512,0.014,0,24,0,8,8,3,100,0,0
1773827781.441037,197.512,0.015,0,24,0,8,8,3,100,0,0
1773827783.441133,197.512,0.013,0,24,0,8,8,3,100,0,0
1773827785.441082,197.512,0.019,0,24,0,8,8,3,100,0,0
1773827787.438472,197.512,0.017,0,24,0,8,8,3,100,0,0
1773827789.441430,197.512,0.013,0,24,0,8,8,3,100,0,0
1773827791.441427,197.512,0.013,0,24,0,8,8,3,100,0,0
1773827793.441393,197.512,0.016,0,24,0,8,8,3,100,0,0
1773827795.441040,197.512,0.018,0,24,0,8,8,3,100,0,0
1773827797.437952,197.512,0.019,0,24,0,8,8,3,100,0,0
1773827799.442153,197.512,0.015,0,24,0,8,8,3,100,0,0
1773827801.442827,197.512,0.020,0,24,0,8,8,3,100,0,0
1773827803.441166,197.512,0.013,0,24,0,8,8,3,100,0,0
1773827805.441418,197.512,0.016,0,24,0,8,8,3,100,0,0
1773827807.441223,197.512,0.022,0,24,0,8,8,3,100,0,0
1773827809.439341,197.512,0.019,0,24,0,8,8,3,100,0,0
1773827811.441088,197.512,0.018,0,24,0,8,8,3,100,0,0
1773827813.441188,197.512,0.017,0,24,0,8,8,3,100,0,0
1773827815.441172,197.512,0.024,0,24,0,8,8,3,100,0,0
1773827817.441319,197.512,0.020,0,24,0,8,8,3,100,0,0
1773827819.441135,197.512,0.014,0,24,0,8,8,3,100,0,0
1773827821.438557,197.512,0.022,0,24,0,8,8,3,100,0,0
1773827823.440491,197.512,0.015,0,24,0,8,8,3,100,0,0
1773827825.441085,197.512,0.012,0,24,0,8,8,3,100,0,0
1773827827.441312,197.512,0.017,0,24,0,8,8,3,100,0,0
1773827829.441098,197.512,0.017,0,24,0,8,8,3,100,0,0
1773827831.440913,197.512,0.014,0,24,0,8,8,3,100,0,0
1773827833.441173,197.512,0.019,0,24,0,8,8,3,100,0,0
1773827835.441548,197.512,0.018,0,24,0,8,8,3,100,0,0
1773827837.441283,197.512,0.013,0,24,0,8,8,3,100,0,0
1773827839.437483,197.512,0.019,0,24,0,8,8,3,100,0,0
1773827841.438534,197.512,0.018,0,24,0,8,8,3,100,0,0
1773827843.441568,197.512,0.015,0,24,0,8,8,3,100,0,0
1773827845.439969,197.512,0.014,0,24,0,8,8,3,100,0,0
1773827847.437699,197.512,0.016,0,24,0,8,8,3,100,0,0
1773827849.440639,197.512,0.016,0,24,0,8,8,3,100,0,0
1773827851.441123,197.512,0.017,0,24,0,8,8,3,100,0,0
1773827853.441420,197.512,0.017,0,24,0,8,8,3,100,0,0
1773827855.440903,197.512,0.022,0,24,0,8,8,3,100,0,0
1773827857.438316,197.512,0.018,0,24,0,8,8,3,100,0,0
1773827859.441236,197.512,0.013,0,24,0,8,8,3,100,0,0
1773827861.440326,197.512,0.027,0,24,0,8,8,3,100,0,0
1773827863.443497,197.512,0.023,0,24,0,8,8,3,100,0,0
1773827865.442352,197.512,0.016,0,24,0,8,8,3,100,0,0
1773827867.440049,197.512,0.015,0,24,0,8,8,3,100,0,0
1773827869.441335,197.512,0.013,0,24,0,8,8,3,100,0,0
1773827871.439021,197.512,0.018,0,24,0,8,8,3,100,0,0
1773827873.441161,197.512,0.017,0,24,0,8,8,3,100,0,0
1773827875.441785,197.512,0.017,0,24,0,8,8,3,100,0,0
1773827877.441597,197.512,0.013,0,24,0,8,8,3,100,0,0
1773827879.437655,197.512,0.014,0,24,0,8,8,3,100,0,0
1773827881.439278,197.512,0.020,0,24,0,8,8,3,100,0,0
1773827883.441277,197.512,0.019,0,24,0,8,8,3,100,0,0
1773827885.440442,197.512,0.015,0,24,0,8,8,3,100,0,0
1773827887.440233,197.512,0.016,0,24,0,8,8,3,100,0,0
1773827889.442190,197.512,0.017,0,24,0,8,8,3,100,0,0
1773827891.442342,197.512,0.013,0,24,0,8,8,3,100,0,0
1773827893.442000,197.512,0.013,0,24,0,8,8,3,100,0,0
1773827895.440834,197.512,0.017,0,24,0,8,8,3,100,0,0
1773827897.437508,197.512,0.079,0,24,0,8,8,3,100,0,0
1773827899.441246,197.512,0.014,0,24,0,8,8,3,100,0,0
1773827901.441094,197.512,0.015,0,24,0,8,8,3,100,0,0
1773827903.441272,197.512,0.017,0,24,0,8,8,3,100,0,0
1773827905.439728,197.512,0.015,0,24,0,8,8,3,100,0,0
1773827907.441929,197.512,0.015,0,24,0,8,8,3,100,0,0
1773827909.439438,197.512,0.014,0,24,0,8,8,3,100,0,0
1773827911.441041,197.512,0.013,0,24,0,8,8,3,100,0,0
1773827913.437263,197.512,0.015,0,24,0,8,8,3,100,0,0
1773827915.441388,197.512,0.016,0,24,0,8,8,3,100,0,0
1773827917.438460,197.512,0.019,0,24,0,8,8,3,100,0,0
1773827919.443808,197.512,0.016,0,24,0,8,8,3,100,0,0
1773827921.441051,197.512,0.017,0,24,0,8,8,3,100,0,0
1773827923.441720,197.512,0.013,0,24,0,8,8,3,100,0,0
1773827925.441568,197.512,0.025,0,24,0,8,8,3,100,0,0
1773827927.441043,197.512,0.013,0,24,0,8,8,3,100,0,0
1773827929.441331,197.512,0.013,0,24,0,8,8,3,100,0,0
1773827931.438575,197.512,0.014,0,24,0,8,8,3,100,0,0
1773827933.441835,197.512,0.017,0,24,0,8,8,3,100,0,0
1773827935.440937,197.512,0.015,0,24,0,8,8,3,100,0,0
1773827937.440930,197.512,0.018,0,24,0,8,8,3,100,0,0
1773827939.441427,197.512,0.016,0,24,0,8,8,3,100,0,0
1773827941.441648,197.512,0.016,0,24,0,8,8,3,100,0,0
1773827943.441415,197.512,0.013,0,24,0,8,8,3,100,0,0
1773827945.440480,197.512,0.014,0,24,0,8,8,3,100,0,0
1773827947.440786,197.512,0.027,0,24,0,8,8,3,100,0,0
1773827949.441209,197.512,0.018,0,24,0,8,8,3,100,0,0
1773827951.440967,197.512,0.025,0,24,0,8,8,3,100,0,0
1773827953.441669,197.512,0.016,0,24,0,8,8,3,100,0,0
1773827955.441976,197.512,0.014,0,24,0,8,8,3,100,0,0
1773827957.438369,197.512,0.016,0,24,0,8,8,3,100,0,0
1773827959.440964,197.512,0.013,0,24,0,8,8,3,100,0,0
1773827961.442220,197.512,0.015,0,24,0,8,8,3,100,0,0
1773827963.439224,197.512,0.025,0,24,0,8,8,3,100,0,0
1773827965.441056,197.512,0.017,0,24,0,8,8,3,100,0,0
1773827967.440172,197.512,0.015,0,24,0,8,8,3,100,0,0
1773827969.448708,197.512,0.025,0,24,0,8,8,3,100,0,0
1773827971.438633,197.512,0.014,0,24,0,8,8,3,100,0,0
1773827973.441078,197.512,0.014,0,24,0,8,8,3,100,0,0
1773827975.442130,197.512,0.016,0,24,0,8,8,3,100,0,0
1773827977.440848,197.512,0.014,0,24,0,8,8,3,100,0,0
1773827979.440821,197.512,0.024,0,24,0,8,8,3,100,0,0
1773827981.441140,197.512,0.014,0,24,0,8,8,3,100,0,0
1773827983.441330,197.512,0.015,0,24,0,8,8,3,100,0,0
1773827985.441899,197.512,0.019,0,24,0,8,8,3,100,0,0
1773827987.440120,197.512,0.018,0,24,0,8,8,3,100,0,0
1773827989.440195,197.512,0.017,0,24,0,8,8,3,100,0,0
1773827991.441381,197.512,0.017,0,24,0,8,8,3,100,0,0
1773827993.441859,197.512,0.012,0,24,0,8,8,3,100,0,0
1773827995.437985,197.512,0.016,0,24,0,8,8,3,100,0,0
1773827997.440901,197.512,0.013,0,24,0,8,8,3,100,0,0
1773827999.441091,197.512,0.012,0,24,0,8,8,3,100,0,0
1773828001.441764,197.512,0.015,0,24,0,8,8,3,100,0,0
1773828003.437317,197.512,0.021,0,24,0,8,8,3,100,0,0
1773828005.438094,197.512,0.021,0,24,0,8,8,3,100,0,0
1773828007.441519,197.512,0.014,0,24,0,8,8,3,100,0,0
1773828009.441159,197.512,0.012,0,24,0,8,8,3,100,0,0
1773828011.440928,197.512,0.017,0,24,0,8,8,3,100,0,0
1773828013.440820,197.512,0.017,0,24,0,8,8,3,100,0,0
1773828015.441156,197.512,0.016,0,24,0,8,8,3,100,0,0
1773828017.442094,197.512,0.017,0,24,0,8,8,3,100,0,0
1773828019.441218,197.512,0.021,0,24,0,8,8,3,100,0,0
1773828021.439623,197.512,0.017,0,24,0,8,8,3,100,0,0
1773828023.440277,197.512,0.017,0,24,0,8,8,3,100,0,0
1773828025.440778,197.512,0.013,0,24,0,8,8,3,100,0,0
1773828027.441137,197.512,0.017,0,24,0,8,8,3,100,0,0
1773828029.440954,197.512,0.017,0,24,0,8,8,3,100,0,0
1773828031.441713,197.512,0.012,0,24,0,8,8,3,100,0,0
1773828033.438526,197.512,0.018,0,24,0,8,8,3,100,0,0
1773828035.440927,197.512,0.016,0,24,0,8,8,3,100,0,0
1773828037.441024,197.512,0.016,0,24,0,8,8,3,100,0,0
1773828039.440860,197.512,0.019,0,24,0,8,8,3,100,0,0
1773828041.441296,197.512,0.013,0,24,0,8,8,3,100,0,0
1773828043.437283,197.512,0.014,0,24,0,8,8,3,100,0,0
1773828045.442628,197.512,0.013,0,24,0,8,8,3,100,0,0
1773828047.441050,197.512,0.012,0,24,0,8,8,3,100,0,0
1773828049.438759,197.512,0.015,0,24,0,8,8,3,100,0,0
1773828051.441269,197.512,0.017,0,24,0,8,8,3,100,0,0
1773828053.441644,197.512,0.013,0,24,0,8,8,3,100,0,0
1773828055.441187,197.512,0.020,0,24,0,8,8,3,100,0,0
1773828057.441030,197.512,0.022,0,24,0,8,8,3,100,0,0
1773828059.442344,197.512,0.019,0,24,0,8,8,3,100,0,0
1773828061.439847,197.512,0.021,0,24,0,8,8,3,100,0,0
1773828063.441087,197.512,0.017,0,24,0,8,8,3,100,0,0
1773828065.441133,197.512,0.013,0,24,0,8,8,3,100,0,0
1773828067.441028,197.512,0.015,0,24,0,8,8,3,100,0,0
1773828069.441378,197.512,0.022,0,24,0,8,8,3,100,0,0
1773828071.441673,197.512,0.016,0,24,0,8,8,3,100,0,0
1773828073.441811,197.512,0.014,0,24,0,8,8,3,100,0,0
1773828075.441062,197.512,0.015,0,24,0,8,8,3,100,0,0
1773828077.441180,197.512,0.013,0,24,0,8,8,3,100,0,0
1773828079.438346,197.512,0.012,0,24,0,8,8,3,100,0,0
1773828081.441392,197.512,0.017,0,24,0,8,8,3,100,0,0
1773828083.441190,197.512,0.018,0,24,0,8,8,3,100,0,0
1773828085.441125,197.512,0.014,0,24,0,8,8,3,100,0,0
1773828087.445128,197.512,0.019,0,24,0,8,8,3,100,0,0
1773828089.442889,197.512,0.018,0,24,0,8,8,3,100,0,0
1773828091.440626,197.512,0.019,0,24,0,8,8,3,100,0,0
1773828093.441869,197.512,0.020,0,24,0,8,8,3,100,0,0
1773828095.441873,197.512,0.019,0,24,0,8,8,3,100,0,0
1773828097.441919,197.512,0.019,0,24,0,8,8,3,100,0,0
1773828099.439691,197.512,0.018,0,24,0,8,8,3,100,0,0
1773828101.438533,197.512,0.021,0,24,0,8,8,3,100,0,0
1773828103.437382,197.512,0.018,0,24,0,8,8,3,100,0,0
1773828105.439043,197.512,0.014,0,24,0,8,8,3,100,0,0
1773828107.441923,197.512,0.014,0,24,0,8,8,3,100,0,0
1773828109.440761,197.512,0.016,0,24,0,8,8,3,100,0,0
1773828111.441246,197.512,0.021,0,24,0,8,8,3,100,0,0
1773828113.441036,197.516,0.016,0,24,0,8,8,3,100,0,0
1773828115.439349,197.512,0.017,0,24,0,8,8,3,100,0,0
1773828117.440769,197.512,0.016,0,24,0,8,8,3,100,0,0
1773828119.441093,197.512,0.015,0,24,0,8,8,3,100,0,0
1773828121.441754,197.512,0.014,0,24,0,8,8,3,100,0,0
1773828123.441187,197.512,0.014,0,24,0,8,8,3,100,0,0
1773828125.441207,197.512,0.018,0,24,0,8,8,3,100,0,0
1773828127.442315,197.512,0.012,0,24,0,8,8,3,100,0,0
1773828129.442125,197.512,0.013,0,24,0,8,8,3,100,0,0
1773828131.440941,197.512,0.012,0,24,0,8,8,3,100,0,0
1773828133.441341,197.512,0.016,0,24,0,8,8,3,100,0,0
1773828135.441669,197.512,0.015,0,24,0,8,8,3,100,0,0
1773828137.441072,197.512,0.019,0,24,0,8,8,3,100,0,0
1773828139.441619,197.512,0.014,0,24,0,8,8,3,100,0,0
1773828141.437771,197.512,0.025,0,24,0,8,8,3,100,0,0
1773828143.443293,197.512,0.013,0,24,0,8,8,3,100,0,0
1773828145.441681,197.512,0.020,0,24,0,8,8,3,100,0,0
1773828147.437730,197.512,0.020,0,24,0,8,8,3,100,0,0
1773828149.439881,197.512,0.013,0,24,0,8,8,3,100,0,0
1773828151.450476,197.512,0.021,0,24,0,8,8,3,100,0,0
1773828153.441443,197.512,0.013,0,24,0,8,8,3,100,0,0
1773828155.441899,197.512,0.015,0,24,0,8,8,3,100,0,0
1773828157.439955,197.512,0.022,0,24,0,8,8,3,100,0,0
1773828159.438108,197.512,0.016,0,24,0,8,8,3,100,0,0
1773828161.441027,197.512,0.015,0,24,0,8,8,3,100,0,0
1773828163.439470,197.512,0.014,0,24,0,8,8,3,100,0,0
1773828165.440893,197.512,0.017,0,24,0,8,8,3,100,0,0
1773828167.438140,197.512,0.014,0,24,0,8,8,3,100,0,0
1773828169.441137,197.512,0.024,0,24,0,8,8,3,100,0,0
1773828171.439825,197.512,0.014,0,24,0,8,8,3,100,0,0
1773828173.441240,197.512,0.018,0,24,0,8,8,3,100,0,0
1773828175.441525,197.512,0.013,0,24,0,8,8,3,100,0,0
1773828177.439524,197.512,0.016,0,24,0,8,8,3,100,0,0
1773828179.441107,197.512,0.015,0,24,0,8,8,3,100,0,0
1773828181.441021,197.512,0.013,0,24,0,8,8,3,100,0,0
1773828183.441348,197.512,0.012,0,24,0,8,8,3,100,0,0
1773828185.443541,197.512,0.023,0,24,0,8,8,3,100,0,0
1773828187.438459,197.512,0.014,0,24,0,8,8,3,100,0,0
1773828189.440908,197.512,0.013,0,24,0,8,8,3,100,0,0
1773828191.441001,197.512,0.015,0,24,0,8,8,3,100,0,0
1773828193.440922,197.512,0.013,0,24,0,8,8,3,100,0,0
1773828195.439958,197.512,0.016,0,24,0,8,8,3,100,0,0
1773828197.441667,197.516,0.016,0,24,0,8,8,3,100,0,0
1773828199.439419,197.512,0.014,0,24,0,8,8,3,100,0,0
1773828201.441343,197.512,0.013,0,24,0,8,8,3,100,0,0
1773828203.437716,197.512,0.013,0,24,0,8,8,3,100,0,0
1773828205.440878,197.512,0.013,0,24,0,8,8,3,100,0,0
1773828207.437946,197.512,0.018,0,24,0,8,8,3,100,0,0
1773828209.441059,197.512,0.018,0,24,0,8,8,3,100,0,0
1773828211.441602,197.512,0.017,0,24,0,8,8,3,100,0,0
1773828213.443582,197.512,0.014,0,24,0,8,8,3,100,0,0
1773828215.438230,197.512,0.015,0,24,0,8,8,3,100,0,0
1773828217.441587,197.512,0.021,0,24,0,8,8,3,100,0,0
1773828219.442056,197.512,0.017,0,24,0,8,8,3,100,0,0
1773828221.438948,197.512,0.025,0,24,0,8,8,3,100,0,0
1773828223.440957,197.512,0.014,0,24,0,8,8,3,100,0,0
1773828225.441138,197.512,0.013,0,24,0,8,8,3,100,0,0
1773828227.442466,197.512,0.014,0,24,0,8,8,3,100,0,0
1773828229.441832,197.512,0.015,0,24,0,8,8,3,100,0,0
1773828231.441200,197.512,0.013,0,24,0,8,8,3,100,0,0
1773828233.441094,197.512,0.015,0,24,0,8,8,3,100,0,0
1773828235.439778,197.512,0.015,0,24,0,8,8,3,100,0,0
1773828237.440965,197.512,0.019,0,24,0,8,8,3,100,0,0
1773828239.440958,197.512,0.014,0,24,0,8,8,3,100,0,0
1773828241.441130,197.512,0.013,0,24,0,8,8,3,100,0,0
1773828243.440869,197.512,0.016,0,24,0,8,8,3,100,0,0
1773828245.441678,197.512,0.015,0,24,0,8,8,3,100,0,0
1773828247.438923,197.516,0.017,0,24,0,8,8,3,100,0,0
1773828249.440118,197.512,0.019,0,24,0,8,8,3,100,0,0
1773828251.440779,197.512,0.012,0,24,0,8,8,3,100,0,0
1773828253.442231,197.512,0.013,0,24,0,8,8,3,100,0,0
1773828255.442261,197.512,0.017,0,24,0,8,8,3,100,0,0
1773828257.438684,197.512,0.018,0,24,0,8,8,3,100,0,0
1773828259.441191,197.512,0.019,0,24,0,8,8,3,100,0,0
1773828261.442452,197.512,0.014,0,24,0,8,8,3,100,0,0
1773828263.440983,197.512,0.017,0,24,0,8,8,3,100,0,0
1773828265.438266,197.512,0.018,0,24,0,8,8,3,100,0,0
1773828267.438712,197.512,0.020,0,24,0,8,8,3,100,0,0
1773828269.442725,197.512,0.016,0,24,0,8,8,3,100,0,0
1773828271.441699,197.512,0.019,0,24,0,8,8,3,100,0,0
1773828273.441909,197.512,0.013,0,24,0,8,8,3,100,0,0
1773828275.440589,197.512,0.014,0,24,0,8,8,3,100,0,0
1773828277.441022,197.512,0.013,0,24,0,8,8,3,100,0,0
1773828279.441253,197.512,0.014,0,24,0,8,8,3,100,0,0
1773828281.440975,197.512,0.017,0,24,0,8,8,3,100,0,0
1773828283.442397,197.512,0.014,0,24,0,8,8,3,100,0,0
1773828285.441585,197.512,0.017,0,24,0,8,8,3,100,0,0
1773828287.441034,197.512,0.013,0,24,0,8,8,3,100,0,0
1773828289.441141,197.512,0.013,0,24,0,8,8,3,100,0,0
1773828291.444646,197.512,0.021,0,24,0,8,8,3,100,0,0
1773828293.440895,197.512,0.014,0,24,0,8,8,3,100,0,0
1773828295.441121,197.512,0.012,0,24,0,8,8,3,100,0,0
1773828297.442379,197.512,0.017,0,24,0,8,8,3,100,0,0
1773828299.440252,197.512,0.014,0,24,0,8,8,3,100,0,0
1773828301.440808,197.512,0.015,0,24,0,8,8,3,100,0,0
1773828303.441650,197.512,0.014,0,24,0,8,8,3,100,0,0
1773828305.440836,197.512,0.014,0,24,0,8,8,3,100,0,0
1773828307.441713,197.512,0.014,0,24,0,8,8,3,100,0,0
1773828309.441300,197.512,0.019,0,24,0,8,8,3,100,0,0
1773828311.441531,197.512,0.015,0,24,0,8,8,3,100,0,0
1773828313.440525,197.512,0.027,0,24,0,8,8,3,100,0,0
1773828315.438723,197.512,0.020,0,24,0,8,8,3,100,0,0
1773828317.441703,197.512,0.014,0,24,0,8,8,3,100,0,0
1773828319.441110,197.512,0.017,0,24,0,8,8,3,100,0,0
1773828321.440530,197.512,0.014,0,24,0,8,8,3,100,0,0
1773828323.441894,197.512,0.016,0,24,0,8,8,3,100,0,0
1773828325.438376,197.512,0.017,0,24,0,8,8,3,100,0,0
1773828327.440941,197.512,0.012,0,24,0,8,8,3,100,0,0
1773828329.440913,197.512,0.022,0,24,0,8,8,3,100,0,0
1773828331.438949,197.512,0.015,0,24,0,8,8,3,100,0,0
1773828333.441165,197.512,0.017,0,24,0,8,8,3,100,0,0
1773828335.441036,197.512,0.016,0,24,0,8,8,3,100,0,0
1773828337.437909,197.512,0.015,0,24,0,8,8,3,100,0,0
1773828339.443595,197.512,0.013,0,24,0,8,8,3,100,0,0
1773828341.440867,197.512,0.014,0,24,0,8,8,3,100,0,0
1773828343.441436,197.512,0.016,0,24,0,8,8,3,100,0,0
1773828345.441633,197.512,0.015,0,24,0,8,8,3,100,0,0
1773828347.440491,197.512,0.020,0,24,0,8,8,3,100,0,0
1773828349.441659,197.512,0.012,0,24,0,8,8,3,100,0,0
1773828351.441316,197.512,0.016,0,24,0,8,8,3,100,0,0
1773828353.438277,197.512,0.014,0,24,0,8,8,3,100,0,0
1773828355.440977,197.512,0.018,0,24,0,8,8,3,100,0,0
1773828357.441156,197.512,0.014,0,24,0,8,8,3,100,0,0
1773828359.441144,197.512,0.020,0,24,0,8,8,3,100,0,0
1773828361.440997,197.512,0.014,0,24,0,8,8,3,100,0,0
1773828363.441435,197.512,0.016,0,24,0,8,8,3,100,0,0
1773828365.440765,197.512,0.017,0,24,0,8,8,3,100,0,0
1773828367.441883,197.512,0.019,0,24,0,8,8,3,100,0,0
1773828369.441590,197.512,0.019,0,24,0,8,8,3,100,0,0
1773828371.441056,197.512,0.017,0,24,0,8,8,3,100,0,0
1773828373.441415,197.512,0.014,0,24,0,8,8,3,100,0,0
1773828375.438412,197.512,0.015,0,24,0,8,8,3,100,0,0
1773828377.439680,197.512,0.014,0,24,0,8,8,3,100,0,0
1773828379.441289,197.512,0.013,0,24,0,8,8,3,100,0,0
1773828381.439871,197.512,0.019,0,24,0,8,8,3,100,0,0
1773828383.437835,197.512,0.017,0,24,0,8,8,3,100,0,0
1773828385.439477,197.512,0.022,0,24,0,8,8,3,100,0,0
1773828387.441194,197.512,0.014,0,24,0,8,8,3,100,0,0
1773828389.437927,197.512,0.021,0,24,0,8,8,3,100,0,0
1773828391.441164,197.512,0.014,0,24,0,8,8,3,100,0,0
1773828393.441341,197.512,0.014,0,24,0,8,8,3,100,0,0
1773828395.441457,197.512,0.013,0,24,0,8,8,3,100,0,0
1773828397.441143,197.512,0.015,0,24,0,8,8,3,100,0,0
1773828399.441321,197.512,0.015,0,24,0,8,8,3,100,0,0
1773828401.442139,197.512,0.014,0,24,0,8,8,3,100,0,0
1773828403.441215,197.512,0.013,0,24,0,8,8,3,100,0,0
1773828405.441049,197.512,0.021,0,24,0,8,8,3,100,0,0
1773828407.441604,197.512,0.026,0,24,0,8,8,3,100,0,0
1773828409.442399,197.512,0.014,0,24,0,8,8,3,100,0,0
1773828411.441158,197.512,0.016,0,24,0,8,8,3,100,0,0
1773828413.441264,197.512,0.015,0,24,0,8,8,3,100,0,0
1773828415.439824,197.512,0.014,0,24,0,8,8,3,100,0,0
1773828417.441229,197.512,0.012,0,24,0,8,8,3,100,0,0
1773828419.441777,197.512,0.016,0,24,0,8,8,3,100,0,0
1773828421.441513,197.512,0.016,0,24,0,8,8,3,100,0,0
1773828423.439642,197.512,0.016,0,24,0,8,8,3,100,0,0
1773828425.441568,197.512,0.018,0,24,0,8,8,3,100,0,0
1773828427.441401,197.512,0.014,0,24,0,8,8,3,100,0,0
1773828429.441288,197.512,0.013,0,24,0,8,8,3,100,0,0
1773828431.437336,197.512,0.021,0,24,0,8,8,3,100,0,0
1773828433.441411,197.512,0.023,0,24,0,8,8,3,100,0,0
1773828435.441175,197.512,0.013,0,24,0,8,8,3,100,0,0
1773828437.443732,197.512,0.022,0,24,0,8,8,3,100,0,0
1773828439.441424,197.512,0.014,0,24,0,8,8,3,100,0,0
1773828441.441061,197.512,0.015,0,24,0,8,8,3,100,0,0
1773828443.440073,197.512,0.018,0,24,0,8,8,3,100,0,0
1773828445.441007,197.512,0.013,0,24,0,8,8,3,100,0,0
1773828447.440506,197.512,0.021,0,24,0,8,8,3,100,0,0
1773828449.441319,197.512,0.013,0,24,0,8,8,3,100,0,0
1773828451.442546,197.512,0.020,0,24,0,8,8,3,100,0,0
1773828453.440822,197.512,0.016,0,24,0,8,8,3,100,0,0
1773828455.441526,197.512,0.012,0,24,0,8,8,3,100,0,0
1773828457.441751,197.512,0.018,0,24,0,8,8,3,100,0,0
1773828459.441146,197.512,0.013,0,24,0,8,8,3,100,0,0
1773828461.438738,197.512,0.015,0,24,0,8,8,3,100,0,0
1773828463.440525,197.512,0.018,0,24,0,8,8,3,100,0,0
1773828465.439690,197.512,0.013,0,24,0,8,8,3,100,0,0
1773828467.440809,197.512,0.024,0,24,0,8,8,3,100,0,0
1773828469.440125,197.512,0.017,0,24,0,8,8,3,100,0,0
1773828471.442137,197.512,0.017,0,24,0,8,8,3,100,0,0
1773828473.441176,197.512,0.017,0,24,0,8,8,3,100,0,0
1773828475.438122,197.512,0.026,0,24,0,8,8,3,100,0,0
1773828477.440926,197.512,0.017,0,24,0,8,8,3,100,0,0
1773828479.438592,197.512,0.016,0,24,0,8,8,3,100,0,0
1773828481.441632,197.512,0.013,0,24,0,8,8,3,100,0,0
1773828483.439160,197.512,0.013,0,24,0,8,8,3,100,0,0
1773828485.440742,197.512,0.015,0,24,0,8,8,3,100,0,0
1773828487.437833,197.512,0.016,0,24,0,8,8,3,100,0,0
1773828489.440894,197.512,0.013,0,24,0,8,8,3,100,0,0
1773828491.440458,197.512,0.018,0,24,0,8,8,3,100,0,0
1773828493.441293,197.512,0.013,0,24,0,8,8,3,100,0,0
1773828495.440693,197.512,0.013,0,24,0,8,8,3,100,0,0
1773828497.441672,197.512,0.013,0,24,0,8,8,3,100,0,0
1773828499.439793,197.512,0.014,0,24,0,8,8,3,100,0,0
1773828501.438311,197.512,0.016,0,24,0,8,8,3,100,0,0
1773828503.439577,197.512,0.014,0,24,0,8,8,3,100,0,0
1773828505.441686,197.512,0.016,0,24,0,8,8,3,100,0,0
1773828507.442356,197.512,0.015,0,24,0,8,8,3,100,0,0
1773828509.441971,197.512,0.017,0,24,0,8,8,3,100,0,0
1773828511.441044,197.512,0.017,0,24,0,8,8,3,100,0,0
1773828513.441168,197.512,0.020,0,24,0,8,8,3,100,0,0
1773828515.440581,197.512,0.014,0,24,0,8,8,3,100,0,0
1773828517.440693,197.512,0.015,0,24,0,8,8,3,100,0,0
1773828519.441371,197.512,0.017,0,24,0,8,8,3,100,0,0
1773828521.441710,197.512,0.019,0,24,0,8,8,3,100,0,0
1773828523.441553,197.512,0.015,0,24,0,8,8,3,100,0,0
1773828525.437850,197.512,0.014,0,24,0,8,8,3,100,0,0
1773828527.441212,197.512,0.013,0,24,0,8,8,3,100,0,0
1773828529.441033,197.512,0.019,0,24,0,8,8,3,100,0,0
1773828531.438415,197.512,0.015,0,24,0,8,8,3,100,0,0
1773828533.438300,197.512,0.018,0,24,0,8,8,3,100,0,0
1773828535.441787,197.512,0.023,0,24,0,8,8,3,100,0,0
1773828537.440829,197.512,0.013,0,24,0,8,8,3,100,0,0
1773828539.441062,197.512,0.016,0,24,0,8,8,3,100,0,0
1773828541.440663,197.512,0.017,0,24,0,8,8,3,100,0,0
1773828543.441229,197.512,0.017,0,24,0,8,8,3,100,0,0
1773828545.439673,197.512,0.018,0,24,0,8,8,3,100,0,0
1773828547.437093,197.512,0.025,0,24,0,8,8,3,100,0,0
1773828549.439875,197.512,0.017,0,24,0,8,8,3,100,0,0
1773828551.441102,197.512,0.013,0,24,0,8,8,3,100,0,0
1773828553.441099,197.512,0.013,0,24,0,8,8,3,100,0,0
1773828555.440865,197.512,0.017,0,24,0,8,8,3,100,0,0
1773828557.440536,197.512,0.016,0,24,0,8,8,3,100,0,0
1773828559.440888,197.512,0.022,0,24,0,8,8,3,100,0,0
1773828561.438685,197.512,0.020,0,24,0,8,8,3,100,0,0
1773828563.441971,197.512,0.022,0,24,0,8,8,3,100,0,0
1773828565.441274,197.512,0.014,0,24,0,8,8,3,100,0,0
1773828567.441640,197.512,0.015,0,24,0,8,8,3,100,0,0
1773828569.441680,197.512,0.015,0,24,0,8,8,3,100,0,0
1773828571.440933,197.512,0.016,0,24,0,8,8,3,100,0,0
1773828573.441307,197.512,0.014,0,24,0,8,8,3,100,0,0
1773828575.440995,197.512,0.018,0,24,0,8,8,3,100,0,0
1773828577.441611,197.512,0.021,0,24,0,8,8,3,100,0,0
1773828579.441135,197.512,0.020,0,24,0,8,8,3,100,0,0
1773828581.441236,197.512,0.012,0,24,0,8,8,3,100,0,0
1773828583.441239,197.512,0.018,0,24,0,8,8,3,100,0,0
1773828585.440604,197.512,0.015,0,24,0,8,8,3,100,0,0
1773828587.441019,197.512,0.015,0,24,0,8,8,3,100,0,0
1773828589.440977,197.512,0.016,0,24,0,8,8,3,100,0,0
1773828591.441861,197.512,0.013,0,24,0,8,8,3,100,0,0
1773828593.440932,197.512,0.019,0,24,0,8,8,3,100,0,0
1773828595.441707,197.512,0.016,0,24,0,8,8,3,100,0,0
1773828597.441464,197.512,0.015,0,24,0,8,8,3,100,0,0
1773828599.437835,197.512,0.014,0,24,0,8,8,3,100,0,0
1773828601.441864,197.512,0.017,0,24,0,8,8,3,100,0,0
1773828603.441240,197.512,0.016,0,24,0,8,8,3,100,0,0
1773828605.442065,197.512,0.013,0,24,0,8,8,3,100,0,0
1773828607.440372,197.512,0.015,0,24,0,8,8,3,100,0,0
1773828609.437898,197.512,0.017,0,24,0,8,8,3,100,0,0
1773828611.439901,197.512,0.013,0,24,0,8,8,3,100,0,0
1773828613.441746,197.512,0.016,0,24,0,8,8,3,100,0,0
1773828615.441134,197.512,0.015,0,24,0,8,8,3,100,0,0
1773828617.441453,197.512,0.025,0,24,0,8,8,3,100,0,0
1773828619.439369,197.512,0.017,0,24,0,8,8,3,100,0,0
1773828621.440760,197.512,0.019,0,24,0,8,8,3,100,0,0
1773828623.440817,197.512,0.015,0,24,0,8,8,3,100,0,0
1773828625.438829,197.512,0.019,0,24,0,8,8,3,100,0,0
1773828627.442053,197.512,0.015,0,24,0,8,8,3,100,0,0
1773828629.440976,197.512,0.015,0,24,0,8,8,3,100,0,0
1773828631.439770,197.512,0.019,0,24,0,8,8,3,100,0,0
1773828633.440724,197.512,0.023,0,24,0,8,8,3,100,0,0
1773828635.441022,197.512,0.014,0,24,0,8,8,3,100,0,0
1773828637.441175,197.512,0.017,0,24,0,8,8,3,100,0,0
1773828639.441027,197.512,0.016,0,24,0,8,8,3,100,0,0
1773828641.440552,197.512,0.013,0,24,0,8,8,3,100,0,0
1773828643.440878,197.512,0.013,0,24,0,8,8,3,100,0,0
1773828645.441346,197.512,0.017,0,24,0,8,8,3,100,0,0
1773828647.441791,197.512,0.022,0,24,0,8,8,3,100,0,0
1773828649.437831,197.512,0.015,0,24,0,8,8,3,100,0,0
1773828651.441236,197.512,0.016,0,24,0,8,8,3,100,0,0
1773828653.440028,197.512,0.020,0,24,0,8,8,3,100,0,0
1773828655.441948,197.512,0.013,0,24,0,8,8,3,100,0,0
1773828657.441245,197.512,0.013,0,24,0,8,8,3,100,0,0
1773828659.441205,197.512,0.016,0,24,0,8,8,3,100,0,0
1773828661.442976,197.512,0.017,0,24,0,8,8,3,100,0,0
1773828663.441580,197.512,0.022,0,24,0,8,8,3,100,0,0
1773828665.440784,197.512,0.014,0,24,0,8,8,3,100,0,0
1773828667.441245,197.516,0.014,0,24,0,8,8,3,100,0,0
1773828669.437669,197.512,0.019,0,24,0,8,8,3,100,0,0
1773828671.441244,197.512,0.017,0,24,0,8,8,3,100,0,0
1773828673.440500,197.512,0.016,0,24,0,8,8,3,100,0,0
1773828675.441771,197.512,0.018,0,24,0,8,8,3,100,0,0
1773828677.441310,197.512,0.014,0,24,0,8,8,3,100,0,0
1773828679.438272,197.512,0.015,0,24,0,8,8,3,100,0,0
1773828681.439236,197.512,0.014,0,24,0,8,8,3,100,0,0
1773828683.440945,197.512,0.013,0,24,0,8,8,3,100,0,0
1773828685.440973,197.512,0.021,0,24,0,8,8,3,100,0,0
1773828687.441394,197.512,0.015,0,24,0,8,8,3,100,0,0
1773828689.442047,197.512,0.013,0,24,0,8,8,3,100,0,0
1773828691.440896,197.512,0.016,0,24,0,8,8,3,100,0,0
1773828693.442505,197.512,0.017,0,24,0,8,8,3,100,0,0
1773828695.439552,197.512,0.021,0,24,0,8,8,3,100,0,0
1773828697.440945,197.512,0.018,0,24,0,8,8,3,100,0,0
1773828699.441769,197.512,0.014,0,24,0,8,8,3,100,0,0
1773828701.440911,197.512,0.013,0,24,0,8,8,3,100,0,0
1773828703.442102,197.512,0.013,0,24,0,8,8,3,100,0,0
1773828705.438552,197.512,0.017,0,24,0,8,8,3,100,0,0
1773828707.441812,197.512,0.012,0,24,0,8,8,3,100,0,0
1773828709.441216,197.512,0.013,0,24,0,8,8,3,100,0,0
1773828711.440941,197.512,0.014,0,24,0,8,8,3,100,0,0
1773828713.441797,197.512,0.012,0,24,0,8,8,3,100,0,0
1773828715.441267,197.512,0.016,0,24,0,8,8,3,100,0,0
1773828717.441781,197.512,0.015,0,24,0,8,8,3,100,0,0
1773828719.436923,197.512,0.022,0,24,0,8,8,3,100,0,0
1773828721.441098,197.512,0.019,0,24,0,8,8,3,100,0,0
1773828723.439811,197.512,0.015,0,24,0,8,8,3,100,0,0
1773828725.448382,197.512,0.018,0,24,0,8,8,3,100,0,0
1773828727.441018,197.512,0.014,0,24,0,8,8,3,100,0,0
1773828729.441745,197.512,0.014,0,24,0,8,8,3,100,0,0
1773828731.442267,197.512,0.025,0,24,0,8,8,3,100,0,0
1773828733.441234,197.512,0.022,0,24,0,8,8,3,100,0,0
1773828735.439033,197.512,0.014,0,24,0,8,8,3,100,0,0
1773828737.440938,197.512,0.015,0,24,0,8,8,3,100,0,0
1773828739.440988,197.512,0.014,0,24,0,8,8,3,100,0,0
1773828741.441601,197.512,0.013,0,24,0,8,8,3,100,0,0
1773828743.441099,197.512,0.015,0,24,0,8,8,3,100,0,0
1773828745.441391,197.512,0.014,0,24,0,8,8,3,100,0,0
1773828747.441061,197.512,0.016,0,24,0,8,8,3,100,0,0
1773828749.441690,197.512,0.020,0,24,0,8,8,3,100,0,0
1773828751.441553,197.512,0.018,0,24,0,8,8,3,100,0,0
1773828753.441209,197.512,0.014,0,24,0,8,8,3,100,0,0
1773828755.441369,197.512,0.017,0,24,0,8,8,3,100,0,0
1773828757.441452,197.512,0.019,0,24,0,8,8,3,100,0,0
1773828759.441593,197.512,0.013,0,24,0,8,8,3,100,0,0
1773828761.441381,197.512,0.017,0,24,0,8,8,3,100,0,0
1773828763.437513,197.512,0.014,0,24,0,8,8,3,100,0,0
1773828765.437617,197.512,0.019,0,24,0,8,8,3,100,0,0
1773828767.439188,197.512,0.016,0,24,0,8,8,3,100,0,0
1773828769.441501,197.512,0.016,0,24,0,8,8,3,100,0,0
1773828771.442254,197.512,0.023,0,24,0,8,8,3,100,0,0
1773828773.443183,197.512,0.021,0,24,0,8,8,3,100,0,0
1773828775.440887,197.512,0.020,0,24,0,8,8,3,100,0,0
1773828777.442581,197.512,0.017,0,24,0,8,8,3,100,0,0
1773828779.440931,197.512,0.016,0,24,0,8,8,3,100,0,0
1773828781.440629,197.512,0.019,0,24,0,8,8,3,100,0,0
1773828783.440963,197.512,0.014,0,24,0,8,8,3,100,0,0
1773828785.438265,197.512,0.016,0,24,0,8,8,3,100,0,0
1773828787.442450,197.512,0.016,0,24,0,8,8,3,100,0,0
1773828789.441230,197.512,0.018,0,24,0,8,8,3,100,0,0
1773828791.441172,197.512,0.012,0,24,0,8,8,3,100,0,0
1773828793.441338,197.512,0.018,0,24,0,8,8,3,100,0,0
1773828795.441088,197.512,0.019,0,24,0,8,8,3,100,0,0
1773828797.437944,197.512,0.022,0,24,0,8,8,3,100,0,0
1773828799.441451,197.512,0.013,0,24,0,8,8,3,100,0,0
1773828801.441250,197.512,0.014,0,24,0,8,8,3,100,0,0
1773828803.441594,197.512,0.016,0,24,0,8,8,3,100,0,0
1773828805.441530,197.512,0.015,0,24,0,8,8,3,100,0,0
1773828807.441648,197.512,0.014,0,24,0,8,8,3,100,0,0
1773828809.441048,197.512,0.014,0,24,0,8,8,3,100,0,0
1773828811.441241,197.512,0.013,0,24,0,8,8,3,100,0,0
1773828813.438643,197.512,0.024,0,24,0,8,8,3,100,0,0
1773828815.441889,197.512,0.014,0,24,0,8,8,3,100,0,0
1773828817.437815,197.512,0.017,0,24,0,8,8,3,100,0,0
1773828819.440940,197.512,0.014,0,24,0,8,8,3,100,0,0
1773828821.438442,197.512,0.017,0,24,0,8,8,3,100,0,0
1773828823.440760,197.512,0.015,0,24,0,8,8,3,100,0,0
1773828825.442843,197.512,0.019,0,24,0,8,8,3,100,0,0
1773828827.441395,197.512,0.017,0,24,0,8,8,3,100,0,0
1773828829.441486,197.512,0.019,0,24,0,8,8,3,100,0,0
1773828831.441656,197.512,0.016,0,24,0,8,8,3,100,0,0
1773828833.441609,197.512,0.012,0,24,0,8,8,3,100,0,0
1773828835.438924,197.512,0.016,0,24,0,8,8,3,100,0,0
1773828837.438631,197.512,0.018,0,24,0,8,8,3,100,0,0
1773828839.438653,197.512,0.021,0,24,0,8,8,3,100,0,0
1773828841.441141,197.512,0.023,0,24,0,8,8,3,100,0,0
1773828843.442084,197.512,0.015,0,24,0,8,8,3,100,0,0
1773828845.438790,197.512,0.014,0,24,0,8,8,3,100,0,0
1773828847.440939,197.512,0.015,0,24,0,8,8,3,100,0,0
1773828849.440315,197.512,0.019,0,24,0,8,8,3,100,0,0
1773828851.438075,197.512,0.017,0,24,0,8,8,3,100,0,0
1773828853.440759,197.512,0.015,0,24,0,8,8,3,100,0,0
1773828855.441287,197.512,0.015,0,24,0,8,8,3,100,0,0
1773828857.442615,197.512,0.019,0,24,0,8,8,3,100,0,0
1773828859.440685,197.512,0.019,0,24,0,8,8,3,100,0,0
1773828861.441958,197.512,0.012,0,24,0,8,8,3,100,0,0
1773828863.440621,197.512,0.028,0,24,0,8,8,3,100,0,0
1773828865.438735,197.512,0.016,0,24,0,8,8,3,100,0,0
1773828867.440971,197.512,0.013,0,24,0,8,8,3,100,0,0
1773828869.437844,197.512,0.015,0,24,0,8,8,3,100,0,0
1773828871.441724,197.512,0.013,0,24,0,8,8,3,100,0,0
1773828873.442042,197.512,0.017,0,24,0,8,8,3,100,0,0
1773828875.441754,197.512,0.017,0,24,0,8,8,3,100,0,0
1773828877.442070,197.512,0.019,0,24,0,8,8,3,100,0,0
1773828879.441150,197.512,0.014,0,24,0,8,8,3,100,0,0
1773828881.440700,197.512,0.017,0,24,0,8,8,3,100,0,0
1773828883.439300,197.512,0.015,0,24,0,8,8,3,100,0,0
1773828885.444462,197.512,0.016,0,24,0,8,8,3,100,0,0
1773828887.442173,197.512,0.015,0,24,0,8,8,3,100,0,0
1773828889.440546,197.512,0.013,0,24,0,8,8,3,100,0,0
1773828891.441041,197.512,0.018,0,24,0,8,8,3,100,0,0
1773828893.440812,197.512,0.016,0,24,0,8,8,3,100,0,0
1773828895.439821,197.512,0.022,0,24,0,8,8,3,100,0,0
1773828897.441225,197.512,0.013,0,24,0,8,8,3,100,0,0
1773828899.438206,197.512,0.013,0,24,0,8,8,3,100,0,0
1773828901.441302,197.512,0.014,0,24,0,8,8,3,100,0,0
1773828903.441024,197.512,0.017,0,24,0,8,8,3,100,0,0
1773828905.440711,197.512,0.016,0,24,0,8,8,3,100,0,0
1773828907.437184,197.512,0.015,0,24,0,8,8,3,100,0,0
1773828909.441828,197.512,0.013,0,24,0,8,8,3,100,0,0
1773828911.440874,197.512,0.028,0,24,0,8,8,3,100,0,0
1773828913.441646,197.512,0.014,0,24,0,8,8,3,100,0,0
1773828915.440388,197.512,0.015,0,24,0,8,8,3,100,0,0
1773828917.441205,197.512,0.014,0,24,0,8,8,3,100,0,0
1773828919.441179,197.512,0.013,0,24,0,8,8,3,100,0,0
1773828921.441712,197.512,0.019,0,24,0,8,8,3,100,0,0
1773828923.441539,197.512,0.015,0,24,0,8,8,3,100,0,0
1773828925.439050,197.512,0.024,0,24,0,8,8,3,100,0,0
1773828927.441778,197.512,0.027,0,24,0,8,8,3,100,0,0
1773828929.441728,197.512,0.016,0,24,0,8,8,3,100,0,0
1773828931.438368,197.512,0.020,0,24,0,8,8,3,100,0,0
1773828933.440842,197.512,0.018,0,24,0,8,8,3,100,0,0
1773828935.437893,197.512,0.017,0,24,0,8,8,3,100,0,0
1773828937.440945,197.512,0.013,0,24,0,8,8,3,100,0,0
1773828939.440955,197.512,0.019,0,24,0,8,8,3,100,0,0
1773828941.443436,197.512,0.013,0,24,0,8,8,3,100,0,0
1773828943.441065,197.512,0.016,0,24,0,8,8,3,100,0,0
1773828945.440870,197.512,0.018,0,24,0,8,8,3,100,0,0
1773828947.441218,197.512,0.019,0,24,0,8,8,3,100,0,0
1773828949.439108,197.512,0.018,0,24,0,8,8,3,100,0,0
1773828951.441112,197.512,0.020,0,24,0,8,8,3,100,0,0
1773828953.441450,197.512,0.015,0,24,0,8,8,3,100,0,0
1773828955.442500,197.512,0.012,0,24,0,8,8,3,100,0,0
1773828957.440983,197.512,0.014,0,24,0,8,8,3,100,0,0
1773828959.441151,197.512,0.023,0,24,0,8,8,3,100,0,0
1773828961.440902,197.512,0.013,0,24,0,8,8,3,100,0,0
1773828963.440891,197.512,0.016,0,24,0,8,8,3,100,0,0
1773828965.441674,197.512,0.014,0,24,0,8,8,3,100,0,0
1773828967.440605,197.512,0.015,0,24,0,8,8,3,100,0,0
1773828969.443737,197.512,0.021,0,24,0,8,8,3,100,0,0
1773828971.440863,197.512,0.013,0,24,0,8,8,3,100,0,0
1773828973.440942,197.512,0.013,0,24,0,8,8,3,100,0,0
1773828975.440590,197.512,0.016,0,24,0,8,8,3,100,0,0
1773828977.440857,197.512,0.014,0,24,0,8,8,3,100,0,0
1773828979.440876,197.512,0.017,0,24,0,8,8,3,100,0,0
1773828981.441400,197.512,0.016,0,24,0,8,8,3,100,0,0
1773828983.441365,197.512,0.015,0,24,0,8,8,3,100,0,0
1773828985.440861,197.512,0.014,0,24,0,8,8,3,100,0,0
1773828987.439813,197.512,0.018,0,24,0,8,8,3,100,0,0
1773828989.440879,197.512,0.013,0,24,0,8,8,3,100,0,0
1773828991.441190,197.512,0.019,0,24,0,8,8,3,100,0,0
1773828993.441489,197.512,0.017,0,24,0,8,8,3,100,0,0
1773828995.440833,197.512,0.014,0,24,0,8,8,3,100,0,0
1773828997.441870,197.512,0.016,0,24,0,8,8,3,100,0,0
1773828999.442102,197.512,0.018,0,24,0,8,8,3,100,0,0
1773829001.440736,197.512,0.014,0,24,0,8,8,3,100,0,0
1773829003.438492,197.512,0.022,0,24,0,8,8,3,100,0,0
1773829005.442538,197.512,0.017,0,24,0,8,8,3,100,0,0
1773829007.438619,197.512,0.018,0,24,0,8,8,3,100,0,0
1773829009.441085,197.512,0.017,0,24,0,8,8,3,100,0,0
1773829011.442393,197.512,0.014,0,24,0,8,8,3,100,0,0
1773829013.438543,197.512,0.015,0,24,0,8,8,3,100,0,0
1773829015.441957,197.512,0.017,0,24,0,8,8,3,100,0,0
1773829017.441562,197.512,0.013,0,24,0,8,8,3,100,0,0
1773829019.439392,197.512,0.014,0,24,0,8,8,3,100,0,0
1773829021.441735,197.512,0.014,0,24,0,8,8,3,100,0,0
1773829023.440978,197.512,0.015,0,24,0,8,8,3,100,0,0
1773829025.441744,197.512,0.015,0,24,0,8,8,3,100,0,0
1773829027.438595,197.512,0.013,0,24,0,8,8,3,100,0,0
1773829029.440633,197.512,0.016,0,24,0,8,8,3,100,0,0
1773829031.441295,197.512,0.016,0,24,0,8,8,3,100,0,0
1773829033.439412,197.512,0.021,0,24,0,8,8,3,100,0,0
1773829035.440988,197.512,0.020,0,24,0,8,8,3,100,0,0
1773829037.440885,197.512,0.017,0,24,0,8,8,3,100,0,0
1773829039.443311,197.512,0.014,0,24,0,8,8,3,100,0,0
1773829041.441758,197.512,0.014,0,24,0,8,8,3,100,0,0
1773829043.439277,197.512,0.013,0,24,0,8,8,3,100,0,0
1773829045.441237,197.512,0.014,0,24,0,8,8,3,100,0,0
1773829047.440292,197.512,0.015,0,24,0,8,8,3,100,0,0
1773829049.439116,197.512,0.015,0,24,0,8,8,3,100,0,0
1773829051.440899,197.512,0.017,0,24,0,8,8,3,100,0,0
1773829053.441779,197.512,0.014,0,24,0,8,8,3,100,0,0
1773829055.441495,197.512,0.015,0,24,0,8,8,3,100,0,0
1773829057.440862,197.512,0.023,0,24,0,8,8,3,100,0,0
1773829059.441535,197.512,0.021,0,24,0,8,8,3,100,0,0
1773829061.441540,197.512,0.014,0,24,0,8,8,3,100,0,0
1773829063.440975,197.512,0.016,0,24,0,8,8,3,100,0,0
1773829065.441716,197.512,0.017,0,24,0,8,8,3,100,0,0
1773829067.441977,197.512,0.015,0,24,0,8,8,3,100,0,0
1773829069.440336,197.512,0.019,0,24,0,8,8,3,100,0,0
1773829071.441058,197.512,0.016,0,24,0,8,8,3,100,0,0
1773829073.441340,197.512,0.014,0,24,0,8,8,3,100,0,0
1773829075.444215,197.512,0.020,0,24,0,8,8,3,100,0,0
1773829077.441363,197.512,0.018,0,24,0,8,8,3,100,0,0
1773829079.441429,197.512,0.016,0,24,0,8,8,3,100,0,0
1773829081.440553,197.512,0.016,0,24,0,8,8,3,100,0,0
1773829083.441019,197.512,0.018,0,24,0,8,8,3,100,0,0
1773829085.441025,197.512,0.024,0,24,0,8,8,3,100,0,0
1773829087.438254,197.512,0.015,0,24,0,8,8,3,100,0,0
1773829089.441778,197.512,0.022,0,24,0,8,8,3,100,0,0
1773829091.440791,197.512,0.024,0,24,0,8,8,3,100,0,0
1773829093.440899,197.512,0.013,0,24,0,8,8,3,100,0,0
1773829095.442418,197.512,0.015,0,24,0,8,8,3,100,0,0
1773829097.440684,197.512,0.013,0,24,0,8,8,3,100,0,0
1773829099.438359,197.512,0.016,0,24,0,8,8,3,100,0,0
1773829101.441040,197.512,0.016,0,24,0,8,8,3,100,0,0
1773829103.438785,197.512,0.017,0,24,0,8,8,3,100,0,0
1773829105.441953,197.512,0.016,0,24,0,8,8,3,100,0,0
1773829107.442255,197.512,0.022,0,24,0,8,8,3,100,0,0
1773829109.441846,197.512,0.012,0,24,0,8,8,3,100,0,0
1773829111.441630,197.512,0.019,0,24,0,8,8,3,100,0,0
1773829113.439205,197.512,0.019,0,24,0,8,8,3,100,0,0
1773829115.440688,197.512,0.014,0,24,0,8,8,3,100,0,0
1773829117.440892,197.512,0.019,0,24,0,8,8,3,100,0,0
1773829119.441498,197.512,0.013,0,24,0,8,8,3,100,0,0
1773829121.437560,197.512,0.025,0,24,0,8,8,3,100,0,0
1773829123.442357,197.512,0.014,0,24,0,8,8,3,100,0,0
1773829125.440952,197.512,0.013,0,24,0,8,8,3,100,0,0
1773829127.442326,197.512,0.015,0,24,0,8,8,3,100,0,0
1773829129.441903,197.512,0.015,0,24,0,8,8,3,100,0,0
1773829131.439707,197.512,0.024,0,24,0,8,8,3,100,0,0
1773829133.441611,197.512,0.014,0,24,0,8,8,3,100,0,0
1773829135.440677,197.512,0.017,0,24,0,8,8,3,100,0,0
1773829137.442209,197.512,0.022,0,24,0,8,8,3,100,0,0
1773829139.441067,197.512,0.014,0,24,0,8,8,3,100,0,0
1773829141.439793,197.512,0.014,0,24,0,8,8,3,100,0,0
1773829143.439413,197.512,0.017,0,24,0,8,8,3,100,0,0
1773829145.441249,197.512,0.014,0,24,0,8,8,3,100,0,0
1773829147.440335,197.512,0.024,0,24,0,8,8,3,100,0,0
1773829149.441096,197.512,0.015,0,24,0,8,8,3,100,0,0
1773829151.440088,197.512,0.016,0,24,0,8,8,3,100,0,0
1773829153.440842,197.512,0.014,0,24,0,8,8,3,100,0,0
1773829155.441115,197.512,0.022,0,24,0,8,8,3,100,0,0
1773829157.438502,197.512,0.019,0,24,0,8,8,3,100,0,0
1773829159.440784,197.512,0.020,0,24,0,8,8,3,100,0,0
1773829161.438633,197.512,0.014,0,24,0,8,8,3,100,0,0
1773829163.438220,197.512,0.014,0,24,0,8,8,3,100,0,0
1773829165.438261,197.512,0.014,0,24,0,8,8,3,100,0,0
1773829167.441618,197.512,0.016,0,24,0,8,8,3,100,0,0
1773829169.441335,197.512,0.017,0,24,0,8,8,3,100,0,0
1773829171.440559,197.512,0.014,0,24,0,8,8,3,100,0,0
1773829173.449741,197.512,0.021,0,24,0,8,8,3,100,0,0
1773829175.441394,197.512,0.020,0,24,0,8,8,3,100,0,0
1773829177.440836,197.512,0.019,0,24,0,8,8,3,100,0,0
1773829179.442037,197.512,0.016,0,24,0,8,8,3,100,0,0
1773829181.439048,197.512,0.019,0,24,0,8,8,3,100,0,0
1773829183.439185,197.512,0.016,0,24,0,8,8,3,100,0,0
1773829185.440934,197.512,0.013,0,24,0,8,8,3,100,0,0
1773829187.448949,197.512,0.021,0,24,0,8,8,3,100,0,0
1773829189.437385,197.512,0.016,0,24,0,8,8,3,100,0,0
1773829191.440278,197.512,0.020,0,24,0,8,8,3,100,0,0
1773829193.438850,197.512,0.016,0,24,0,8,8,3,100,0,0
1773829195.440621,197.512,0.013,0,24,0,8,8,3,100,0,0
1773829197.440699,197.512,0.050,0,24,0,8,8,3,100,0,0
1773829199.440890,197.512,0.020,0,24,0,8,8,3,100,0,0
1773829201.442278,197.512,0.015,0,24,0,8,8,3,100,0,0
1773829203.440980,197.512,0.018,0,24,0,8,8,3,100,0,0
1773829205.437660,197.512,0.014,0,24,0,8,8,3,100,0,0
1773829207.441162,197.512,0.025,0,24,0,8,8,3,100,0,0
1773829209.440820,197.512,0.019,0,24,0,8,8,3,100,0,0
1773829211.441167,197.512,0.021,0,24,0,8,8,3,100,0,0
1773829213.441711,197.512,0.015,0,24,0,8,8,3,100,0,0
1773829215.440980,197.512,0.013,0,24,0,8,8,3,100,0,0
1773829217.441001,197.512,0.014,0,24,0,8,8,3,100,0,0
1773829219.441296,197.512,0.012,0,24,0,8,8,3,100,0,0
1773829221.440007,197.512,0.016,0,24,0,8,8,3,100,0,0
1773829223.440912,197.512,0.025,0,24,0,8,8,3,100,0,0
1773829225.439465,197.512,0.017,0,24,0,8,8,3,100,0,0
1773829227.441341,197.512,0.013,0,24,0,8,8,3,100,0,0
1773829229.441379,197.512,0.015,0,24,0,8,8,3,100,0,0
1773829231.440757,197.512,0.016,0,24,0,8,8,3,100,0,0
1773829233.441137,197.512,0.014,0,24,0,8,8,3,100,0,0
1773829235.439039,197.512,0.018,0,24,0,8,8,3,100,0,0
1773829237.437464,197.512,0.018,0,24,0,8,8,3,100,0,0
1773829239.441195,197.512,0.015,0,24,0,8,8,3,100,0,0
1773829241.441039,197.512,0.015,0,24,0,8,8,3,100,0,0
1773829243.440904,197.512,0.019,0,24,0,8,8,3,100,0,0
1773829245.440961,197.512,0.018,0,24,0,8,8,3,100,0,0
1773829247.440844,197.512,0.012,0,24,0,8,8,3,100,0,0
1773829249.441541,197.512,0.014,0,24,0,8,8,3,100,0,0
1773829251.440883,197.512,0.013,0,24,0,8,8,3,100,0,0
1773829253.441156,197.512,0.014,0,24,0,8,8,3,100,0,0
1773829255.440653,197.512,0.018,0,24,0,8,8,3,100,0,0
1773829257.438485,197.512,0.017,0,24,0,8,8,3,100,0,0
1773829259.440578,197.512,0.021,0,24,0,8,8,3,100,0,0
1773829261.440983,197.512,0.022,0,24,0,8,8,3,100,0,0
1773829263.442238,197.512,0.018,0,24,0,8,8,3,100,0,0
1773829265.441526,197.512,0.015,0,24,0,8,8,3,100,0,0
1773829267.440567,197.512,0.020,0,24,0,8,8,3,100,0,0
1773829269.439569,197.512,0.014,0,24,0,8,8,3,100,0,0
1773829271.439589,197.512,0.018,0,24,0,8,8,3,100,0,0
1773829273.437087,197.512,0.014,0,24,0,8,8,3,100,0,0
1773829275.440935,197.512,0.018,0,24,0,8,8,3,100,0,0
1773829277.438443,197.512,0.020,0,24,0,8,8,3,100,0,0
1773829279.440726,197.512,0.017,0,24,0,8,8,3,100,0,0
1773829281.440652,197.512,0.021,0,24,0,8,8,3,100,0,0
1773829283.441682,197.512,0.013,0,24,0,8,8,3,100,0,0
1773829285.440919,197.512,0.021,0,24,0,8,8,3,100,0,0
1773829287.438848,197.512,0.016,0,24,0,8,8,3,100,0,0
1773829289.442124,197.512,0.017,0,24,0,8,8,3,100,0,0
1773829291.443144,197.512,0.016,0,24,0,8,8,3,100,0,0
1773829293.441043,197.512,0.015,0,24,0,8,8,3,100,0,0
1773829295.441108,197.512,0.018,0,24,0,8,8,3,100,0,0
1773829297.441636,197.512,0.020,0,24,0,8,8,3,100,0,0
1773829299.440732,197.512,0.021,0,24,0,8,8,3,100,0,0
1773829301.441278,197.512,0.013,0,24,0,8,8,3,100,0,0
1773829303.438938,197.512,0.023,0,24,0,8,8,3,100,0,0
1773829305.441939,197.516,0.013,0,24,0,8,8,3,100,0,0
1773829307.438208,197.512,0.020,0,24,0,8,8,3,100,0,0
1773829309.441506,197.512,0.015,0,24,0,8,8,3,100,0,0
1773829311.442299,197.512,0.019,0,24,0,8,8,3,100,0,0
1773829313.437998,197.512,0.013,0,24,0,8,8,3,100,0,0
1773829315.438778,197.512,0.021,0,24,0,8,8,3,100,0,0
1773829317.441006,197.512,0.014,0,24,0,8,8,3,100,0,0
1773829319.442505,197.512,0.013,0,24,0,8,8,3,100,0,0
1773829321.441298,197.512,0.013,0,24,0,8,8,3,100,0,0
1773829323.441893,197.512,0.016,0,24,0,8,8,3,100,0,0
1773829325.440936,197.512,0.018,0,24,0,8,8,3,100,0,0
1773829327.448829,197.512,0.021,0,24,0,8,8,3,100,0,0
1773829329.441155,197.512,0.013,0,24,0,8,8,3,100,0,0
1773829331.440458,197.512,0.019,0,24,0,8,8,3,100,0,0
1773829333.441845,197.512,0.020,0,24,0,8,8,3,100,0,0
1773829335.441031,197.512,0.017,0,24,0,8,8,3,100,0,0
1773829337.439229,197.512,0.025,0,24,0,8,8,3,100,0,0
1773829339.440835,197.512,0.014,0,24,0,8,8,3,100,0,0
1773829341.449560,197.512,0.024,0,24,0,8,8,3,100,0,0
1773829343.441415,197.512,0.013,0,24,0,8,8,3,100,0,0
1773829345.441397,197.512,0.014,0,24,0,8,8,3,100,0,0
1773829347.441534,197.512,0.016,0,24,0,8,8,3,100,0,0
1773829349.439785,197.512,0.020,0,24,0,8,8,3,100,0,0
1773829351.440980,197.512,0.012,0,24,0,8,8,3,100,0,0
1773829353.441282,197.512,0.014,0,24,0,8,8,3,100,0,0
1773829355.440746,197.512,0.019,0,24,0,8,8,3,100,0,0
1773829357.440938,197.512,0.013,0,24,0,8,8,3,100,0,0
1773829359.437537,197.512,0.016,0,24,0,8,8,3,100,0,0
1773829361.441807,197.512,0.014,0,24,0,8,8,3,100,0,0
1773829363.440926,197.512,0.016,0,24,0,8,8,3,100,0,0
1773829365.441588,197.512,0.013,0,24,0,8,8,3,100,0,0
1773829367.440815,197.512,0.017,0,24,0,8,8,3,100,0,0
1773829369.440800,197.512,0.041,0,24,0,8,8,3,100,0,0
1773829371.441727,197.512,0.016,0,24,0,8,8,3,100,0,0
1773829373.440693,197.512,0.018,0,24,0,8,8,3,100,0,0
1773829375.438504,197.512,0.017,0,24,0,8,8,3,100,0,0
1773829377.441514,197.512,0.013,0,24,0,8,8,3,100,0,0
1773829379.441082,197.512,0.015,0,24,0,8,8,3,100,0,0
1773829381.440749,197.512,0.015,0,24,0,8,8,3,100,0,0
1773829383.441349,197.512,0.022,0,24,0,8,8,3,100,0,0
1773829385.438255,197.512,0.017,0,24,0,8,8,3,100,0,0
1773829387.440627,197.512,0.013,0,24,0,8,8,3,100,0,0
1773829389.441489,197.512,0.018,0,24,0,8,8,3,100,0,0
1773829391.437570,197.512,0.014,0,24,0,8,8,3,100,0,0
1773829393.440759,197.512,0.012,0,24,0,8,8,3,100,0,0
1773829395.441181,197.512,0.015,0,24,0,8,8,3,100,0,0
1773829397.441031,197.512,0.019,0,24,0,8,8,3,100,0,0
1773829399.440820,197.512,0.015,0,24,0,8,8,3,100,0,0
1773829401.440969,197.512,0.016,0,24,0,8,8,3,100,0,0
1773829403.442683,197.512,0.015,0,24,0,8,8,3,100,0,0
1773829405.437680,197.512,0.016,0,24,0,8,8,3,100,0,0
1773829407.440731,197.512,0.015,0,24,0,8,8,3,100,0,0
1773829409.438689,197.512,0.016,0,24,0,8,8,3,100,0,0
1773829411.440400,197.512,0.017,0,24,0,8,8,3,100,0,0
1773829413.438429,197.512,0.018,0,24,0,8,8,3,100,0,0
1773829415.442073,197.512,0.013,0,24,0,8,8,3,100,0,0
1773829417.440937,197.516,0.015,0,24,0,8,8,3,100,0,0
1773829419.441661,197.516,0.013,0,24,0,8,8,3,100,0,0
1773829421.441457,197.516,0.014,0,24,0,8,8,3,100,0,0
1773829423.441122,197.516,0.014,0,24,0,8,8,3,100,0,0
1773829425.441040,197.516,0.015,0,24,0,8,8,3,100,0,0
1773829427.440918,197.516,0.017,0,24,0,8,8,3,100,0,0
1773829429.441327,197.516,0.016,0,24,0,8,8,3,100,0,0
1773829431.441500,197.516,0.019,0,24,0,8,8,3,100,0,0
1773829433.440394,197.516,0.024,0,24,0,8,8,3,100,0,0
1773829435.439597,197.516,0.014,0,24,0,8,8,3,100,0,0
1773829437.441880,197.516,0.014,0,24,0,8,8,3,100,0,0
1773829439.439871,197.520,0.022,0,24,0,8,8,3,100,0,0
1773829441.440660,197.516,0.017,0,24,0,8,8,3,100,0,0
1773829443.441031,197.516,0.022,0,24,0,8,8,3,100,0,0
1773829445.441058,197.516,0.016,0,24,0,8,8,3,100,0,0
1773829447.440676,197.516,0.013,0,24,0,8,8,3,100,0,0
1773829449.439558,197.516,0.029,0,24,0,8,8,3,100,0,0
1773829451.441223,197.516,0.016,0,24,0,8,8,3,100,0,0
1773829453.440950,197.516,0.017,0,24,0,8,8,3,100,0,0
1773829455.440726,197.516,0.015,0,24,0,8,8,3,100,0,0
1773829457.442126,197.516,0.013,0,24,0,8,8,3,100,0,0
1773829459.443464,197.516,0.018,0,24,0,8,8,3,100,0,0
1773829461.440755,197.516,0.018,0,24,0,8,8,3,100,0,0
1773829463.442050,197.516,0.013,0,24,0,8,8,3,100,0,0
1773829465.438373,197.516,0.019,0,24,0,8,8,3,100,0,0
1773829467.442004,197.516,0.014,0,24,0,8,8,3,100,0,0
1773829469.440747,197.516,0.012,0,24,0,8,8,3,100,0,0
1773829471.440323,197.516,0.015,0,24,0,8,8,3,100,0,0
1773829473.442424,197.516,0.015,0,24,0,8,8,3,100,0,0
1773829475.441130,197.516,0.019,0,24,0,8,8,3,100,0,0
1773829477.438707,197.516,0.023,0,24,0,8,8,3,100,0,0
1773829479.441383,197.516,0.013,0,24,0,8,8,3,100,0,0
1773829481.440933,197.516,0.013,0,24,0,8,8,3,100,0,0
1773829483.440659,197.516,0.018,0,24,0,8,8,3,100,0,0
1773829485.441051,197.516,0.014,0,24,0,8,8,3,100,0,0
1773829487.441969,197.516,0.016,0,24,0,8,8,3,100,0,0
1773829489.439609,197.516,0.020,0,24,0,8,8,3,100,0,0
1773829491.441565,197.516,0.014,0,24,0,8,8,3,100,0,0
1773829493.440896,197.516,0.015,0,24,0,8,8,3,100,0,0
1773829495.440717,197.516,0.017,0,24,0,8,8,3,100,0,0
1773829497.440973,197.516,0.014,0,24,0,8,8,3,100,0,0
1773829499.440790,197.516,0.026,0,24,0,8,8,3,100,0,0
1773829501.442143,197.516,0.013,0,24,0,8,8,3,100,0,0
1773829503.439834,197.516,0.016,0,24,0,8,8,3,100,0,0
1773829505.439708,197.516,0.017,0,24,0,8,8,3,100,0,0
1773829507.438163,197.516,0.018,0,24,0,8,8,3,100,0,0
1773829509.438005,197.516,0.016,0,24,0,8,8,3,100,0,0
1773829511.440662,197.516,0.016,0,24,0,8,8,3,100,0,0
1773829513.441115,197.516,0.015,0,24,0,8,8,3,100,0,0
1773829515.439180,197.516,0.021,0,24,0,8,8,3,100,0,0
1773829517.441391,197.516,0.013,0,24,0,8,8,3,100,0,0
1773829519.441910,197.516,0.015,0,24,0,8,8,3,100,0,0
1773829521.440703,197.516,0.023,0,24,0,8,8,3,100,0,0
1773829523.440906,197.516,0.013,0,24,0,8,8,3,100,0,0
1773829525.440386,197.516,0.022,0,24,0,8,8,3,100,0,0
1773829527.438463,197.516,0.017,0,24,0,8,8,3,100,0,0
1773829529.442660,197.516,0.017,0,24,0,8,8,3,100,0,0
1773829531.437051,197.516,0.015,0,24,0,8,8,3,100,0,0
1773829533.441060,197.516,0.015,0,24,0,8,8,3,100,0,0
1773829535.440857,197.516,0.024,0,24,0,8,8,3,100,0,0
1773829537.441522,197.516,0.013,0,24,0,8,8,3,100,0,0
1773829539.441107,197.516,0.018,0,24,0,8,8,3,100,0,0
1773829541.440880,197.516,0.019,0,24,0,8,8,3,100,0,0
1773829543.442175,197.516,0.019,0,24,0,8,8,3,100,0,0
1773829545.438288,197.516,0.015,0,24,0,8,8,3,100,0,0
1773829547.440831,197.516,0.016,0,24,0,8,8,3,100,0,0
1773829549.437678,197.516,0.016,0,24,0,8,8,3,100,0,0
1773829551.441748,197.516,0.012,0,24,0,8,8,3,100,0,0
1773829553.441150,197.516,0.014,0,24,0,8,8,3,100,0,0
1773829555.441022,197.516,0.015,0,24,0,8,8,3,100,0,0
1773829557.441496,197.516,0.016,0,24,0,8,8,3,100,0,0
1773829559.441063,197.516,0.019,0,24,0,8,8,3,100,0,0
1773829561.441093,197.516,0.013,0,24,0,8,8,3,100,0,0
1773829563.437778,197.516,0.018,0,24,0,8,8,3,100,0,0
1773829565.441066,197.516,0.014,0,24,0,8,8,3,100,0,0
1773829567.438519,197.516,0.014,0,24,0,8,8,3,100,0,0
1773829569.441299,197.516,0.016,0,24,0,8,8,3,100,0,0
1773829571.441735,197.516,0.014,0,24,0,8,8,3,100,0,0
1773829573.438624,197.516,0.012,0,24,0,8,8,3,100,0,0
1773829575.441063,197.516,0.023,0,24,0,8,8,3,100,0,0
1773829577.437461,197.516,0.021,0,24,0,8,8,3,100,0,0
1773829579.442053,197.516,0.018,0,24,0,8,8,3,100,0,0
1773829581.439500,197.516,0.017,0,24,0,8,8,3,100,0,0
1773829583.440669,197.516,0.020,0,24,0,8,8,3,100,0,0
1773829585.437609,197.516,0.017,0,24,0,8,8,3,100,0,0
1773829587.441222,197.516,0.014,0,24,0,8,8,3,100,0,0
1773829589.441099,197.516,0.016,0,24,0,8,8,3,100,0,0
1773829591.438632,197.516,0.015,0,24,0,8,8,3,100,0,0
1773829593.441547,197.516,0.015,0,24,0,8,8,3,100,0,0
1773829595.439620,197.516,0.030,0,24,0,8,8,3,100,0,0
1773829597.440867,197.516,0.017,0,24,0,8,8,3,100,0,0
1773829599.441916,197.516,0.015,0,24,0,8,8,3,100,0,0
1773829601.440791,197.516,0.015,0,24,0,8,8,3,100,0,0
1773829603.437394,197.516,0.016,0,24,0,8,8,3,100,0,0
1773829605.440962,197.516,0.014,0,24,0,8,8,3,100,0,0
1773829607.440989,197.520,0.021,0,24,0,8,8,3,100,0,0
1773829609.441041,197.516,0.013,0,24,0,8,8,3,100,0,0
1773829611.440668,197.516,0.018,0,24,0,8,8,3,100,0,0
1773829613.441472,197.516,0.013,0,24,0,8,8,3,100,0,0
1773829615.441515,197.516,0.013,0,24,0,8,8,3,100,0,0
1773829617.440787,197.516,0.014,0,24,0,8,8,3,100,0,0
1773829619.437285,197.516,0.018,0,24,0,8,8,3,100,0,0
1773829621.445495,197.516,0.018,0,24,0,8,8,3,100,0,0
1773829623.440405,197.516,0.014,0,24,0,8,8,3,100,0,0
1773829625.441086,197.516,0.014,0,24,0,8,8,3,100,0,0
1773829627.439094,197.516,0.015,0,24,0,8,8,3,100,0,0
1773829629.437462,197.516,0.020,0,24,0,8,8,3,100,0,0
1773829631.437778,197.516,0.018,0,24,0,8,8,3,100,0,0
1773829633.438164,197.516,0.021,0,24,0,8,8,3,100,0,0
1773829635.442004,197.516,0.017,0,24,0,8,8,3,100,0,0
1773829637.440731,197.516,0.016,0,24,0,8,8,3,100,0,0
1773829639.440717,197.516,0.022,0,24,0,8,8,3,100,0,0
1773829641.441779,197.516,0.021,0,24,0,8,8,3,100,0,0
1773829643.437545,197.516,0.015,0,24,0,8,8,3,100,0,0
1773829645.440789,197.516,0.018,0,24,0,8,8,3,100,0,0
1773829647.440944,197.516,0.013,0,24,0,8,8,3,100,0,0
1773829649.449693,197.516,0.022,0,24,0,8,8,3,100,0,0
1773829651.437338,197.516,0.015,0,24,0,8,8,3,100,0,0
1773829653.440790,197.516,0.026,0,24,0,8,8,3,100,0,0
1773829655.443210,197.516,0.016,0,24,0,8,8,3,100,0,0
1773829657.438673,197.520,0.014,0,24,0,8,8,3,100,0,0
1773829659.441375,197.516,0.018,0,24,0,8,8,3,100,0,0
1773829661.441019,197.516,0.021,0,24,0,8,8,3,100,0,0
1773829663.440714,197.516,0.017,0,24,0,8,8,3,100,0,0
1773829665.440410,197.516,0.018,0,24,0,8,8,3,100,0,0
1773829667.440892,197.516,0.015,0,24,0,8,8,3,100,0,0
1773829669.444014,197.516,0.014,0,24,0,8,8,3,100,0,0
1773829671.441535,197.516,0.018,0,24,0,8,8,3,100,0,0
1773829673.438987,197.516,0.013,0,24,0,8,8,3,100,0,0
1773829675.440202,197.516,0.014,0,24,0,8,8,3,100,0,0
1773829677.438890,197.516,0.017,0,24,0,8,8,3,100,0,0
1773829679.440353,197.516,0.016,0,24,0,8,8,3,100,0,0
1773829681.440859,197.516,0.019,0,24,0,8,8,3,100,0,0
1773829683.442709,197.516,0.019,0,24,0,8,8,3,100,0,0
1773829685.440748,197.516,0.017,0,24,0,8,8,3,100,0,0
1773829687.438320,197.516,0.017,0,24,0,8,8,3,100,0,0
1773829689.441270,197.516,0.014,0,24,0,8,8,3,100,0,0
1773829691.437301,197.516,0.016,0,24,0,8,8,3,100,0,0
1773829693.441307,197.516,0.018,0,24,0,8,8,3,100,0,0
1773829695.437254,197.516,0.015,0,24,0,8,8,3,100,0,0
1773829697.439450,197.516,0.016,0,24,0,8,8,3,100,0,0
1773829699.441139,197.516,0.016,0,24,0,8,8,3,100,0,0
1773829701.439290,197.516,0.016,0,24,0,8,8,3,100,0,0
1773829703.440947,197.516,0.020,0,24,0,8,8,3,100,0,0
1773829705.441287,197.516,0.020,0,24,0,8,8,3,100,0,0
1773829707.440254,197.516,0.017,0,24,0,8,8,3,100,0,0
1773829709.440809,197.516,0.018,0,24,0,8,8,3,100,0,0
1773829711.437735,197.516,0.015,0,24,0,8,8,3,100,0,0
1773829713.441006,197.516,0.017,0,24,0,8,8,3,100,0,0
1773829715.440038,197.516,0.019,0,24,0,8,8,3,100,0,0
1773829717.441333,197.516,0.019,0,24,0,8,8,3,100,0,0
1773829719.440673,197.516,0.018,0,24,0,8,8,3,100,0,0
1773829721.437812,197.516,0.021,0,24,0,8,8,3,100,0,0
1773829723.441194,197.516,0.019,0,24,0,8,8,3,100,0,0
1773829725.440013,197.516,0.019,0,24,0,8,8,3,100,0,0
1773829727.440487,197.516,0.014,0,24,0,8,8,3,100,0,0
1773829729.441490,197.516,0.013,0,24,0,8,8,3,100,0,0
1773829731.440838,197.516,0.014,0,24,0,8,8,3,100,0,0
1773829733.441446,197.516,0.016,0,24,0,8,8,3,100,0,0
1773829735.440748,197.516,0.018,0,24,0,8,8,3,100,0,0
1773829737.440470,197.516,0.022,0,24,0,8,8,3,100,0,0
1773829739.442266,197.516,0.019,0,24,0,8,8,3,100,0,0
1773829741.438914,197.516,0.017,0,24,0,8,8,3,100,0,0
1773829743.440741,197.516,0.017,0,24,0,8,8,3,100,0,0
1773829745.436857,197.516,0.014,0,24,0,8,8,3,100,0,0
1773829747.440737,197.516,0.023,0,24,0,8,8,3,100,0,0
1773829749.441001,197.516,0.021,0,24,0,8,8,3,100,0,0
1773829751.441528,197.516,0.014,0,24,0,8,8,3,100,0,0
1773829753.441067,197.516,0.019,0,24,0,8,8,3,100,0,0
1773829755.441193,197.516,0.013,0,24,0,8,8,3,100,0,0
1773829757.440725,197.516,0.014,0,24,0,8,8,3,100,0,0
1773829759.440394,197.516,0.018,0,24,0,8,8,3,100,0,0
1773829761.440911,197.516,0.017,0,24,0,8,8,3,100,0,0
1773829763.440936,197.516,0.019,0,24,0,8,8,3,100,0,0
1773829765.441391,197.516,0.015,0,24,0,8,8,3,100,0,0
1773829767.441823,197.516,0.013,0,24,0,8,8,3,100,0,0
1773829769.441652,197.516,0.014,0,24,0,8,8,3,100,0,0
1773829771.437195,197.516,0.013,0,24,0,8,8,3,100,0,0
1773829773.441438,197.516,0.016,0,24,0,8,8,3,100,0,0
1773829775.440772,197.516,0.014,0,24,0,8,8,3,100,0,0
1773829777.440993,197.516,0.014,0,24,0,8,8,3,100,0,0
1773829779.438893,197.516,0.014,0,24,0,8,8,3,100,0,0
1773829781.437678,197.516,0.016,0,24,0,8,8,3,100,0,0
1773829783.437755,197.516,0.013,0,24,0,8,8,3,100,0,0
1773829785.441056,197.516,0.013,0,24,0,8,8,3,100,0,0
1773829787.437499,197.516,0.014,0,24,0,8,8,3,100,0,0
1773829789.441216,197.516,0.013,0,24,0,8,8,3,100,0,0
1773829791.440959,197.516,0.016,0,24,0,8,8,3,100,0,0
1773829793.441242,197.516,0.014,0,24,0,8,8,3,100,0,0
1773829795.439620,197.516,0.022,0,24,0,8,8,3,100,0,0
1773829797.440737,197.516,0.018,0,24,0,8,8,3,100,0,0
1773829799.437234,197.516,0.018,0,24,0,8,8,3,100,0,0
1773829801.441278,197.516,0.015,0,24,0,8,8,3,100,0,0
1773829803.441465,197.516,0.017,0,24,0,8,8,3,100,0,0
1773829805.440586,197.516,0.016,0,24,0,8,8,3,100,0,0
1773829807.441031,197.516,0.015,0,24,0,8,8,3,100,0,0
1773829809.442226,197.516,0.013,0,24,0,8,8,3,100,0,0
1773829811.440737,197.516,0.012,0,24,0,8,8,3,100,0,0
1773829813.439060,197.516,0.015,0,24,0,8,8,3,100,0,0
1773829815.441686,197.516,0.014,0,24,0,8,8,3,100,0,0
1773829817.441318,197.516,0.014,0,24,0,8,8,3,100,0,0
1773829819.441009,197.516,0.015,0,24,0,8,8,3,100,0,0
1773829821.440778,197.516,0.013,0,24,0,8,8,3,100,0,0
1773829823.439816,197.516,0.014,0,24,0,8,8,3,100,0,0
1773829825.439396,197.516,0.014,0,24,0,8,8,3,100,0,0
1773829827.440931,197.516,0.014,0,24,0,8,8,3,100,0,0
1773829829.440911,197.516,0.016,0,24,0,8,8,3,100,0,0
1773829831.440938,197.516,0.013,0,24,0,8,8,3,100,0,0
1773829833.440500,197.516,0.013,0,24,0,8,8,3,100,0,0
1773829835.441004,197.516,0.014,0,24,0,8,8,3,100,0,0
1773829837.442335,197.516,0.014,0,24,0,8,8,3,100,0,0
1773829839.440844,197.516,0.015,0,24,0,8,8,3,100,0,0
1773829841.440716,197.516,0.013,0,24,0,8,8,3,100,0,0
1773829843.440570,197.516,0.014,0,24,0,8,8,3,100,0,0
1773829845.440480,197.516,0.018,0,24,0,8,8,3,100,0,0
1773829847.441436,197.516,0.017,0,24,0,8,8,3,100,0,0
1773829849.437307,197.516,0.014,0,24,0,8,8,3,100,0,0
1773829851.441584,197.516,0.018,0,24,0,8,8,3,100,0,0
1773829853.441409,197.516,0.014,0,24,0,8,8,3,100,0,0
1773829855.440684,197.516,0.014,0,24,0,8,8,3,100,0,0
1773829857.441010,197.516,0.017,0,24,0,8,8,3,100,0,0
1773829859.440110,197.516,0.028,0,24,0,8,8,3,100,0,0
1773829861.440627,197.516,0.013,0,24,0,8,8,3,100,0,0
1773829863.437226,197.516,0.016,0,24,0,8,8,3,100,0,0
1773829865.441737,197.516,0.014,0,24,0,8,8,3,100,0,0
1773829867.440084,197.516,0.030,0,24,0,8,8,3,100,0,0
1773829869.441163,197.516,0.015,0,24,0,8,8,3,100,0,0
1773829871.437184,197.516,0.018,0,24,0,8,8,3,100,0,0
1773829873.440886,197.516,0.024,0,24,0,8,8,3,100,0,0
1773829875.437239,197.516,0.015,0,24,0,8,8,3,100,0,0
1773829877.441256,197.516,0.013,0,24,0,8,8,3,100,0,0
1773829879.441876,197.516,0.031,0,24,0,8,8,3,100,0,0
1773829881.440786,197.516,0.019,0,24,0,8,8,3,100,0,0
1773829883.440742,197.516,0.017,0,24,0,8,8,3,100,0,0
1773829885.439920,197.516,0.022,0,24,0,8,8,3,100,0,0
1773829887.440882,197.516,0.014,0,24,0,8,8,3,100,0,0
1773829889.440729,197.516,0.018,0,24,0,8,8,3,100,0,0
1773829891.441987,197.516,0.017,0,24,0,8,8,3,100,0,0
1773829893.440323,197.516,0.017,0,24,0,8,8,3,100,0,0
1773829895.441607,197.516,0.018,0,24,0,8,8,3,100,0,0
1773829897.438126,197.516,0.015,0,24,0,8,8,3,100,0,0
1773829899.440768,197.516,0.024,0,24,0,8,8,3,100,0,0
1773829901.441622,197.516,0.020,0,24,0,8,8,3,100,0,0
1773829903.440583,197.516,0.015,0,24,0,8,8,3,100,0,0
1773829905.439363,197.516,0.024,0,24,0,8,8,3,100,0,0
1773829907.438359,197.516,0.015,0,24,0,8,8,3,100,0,0
1773829909.440724,197.516,0.013,0,24,0,8,8,3,100,0,0
1773829911.440674,197.516,0.013,0,24,0,8,8,3,100,0,0
1773829913.437417,197.516,0.020,0,24,0,8,8,3,100,0,0
1773829915.441401,197.516,0.015,0,24,0,8,8,3,100,0,0
1773829917.440708,197.516,0.022,0,24,0,8,8,3,100,0,0
1773829919.440555,197.516,0.015,0,24,0,8,8,3,100,0,0
1773829921.437960,197.516,0.016,0,24,0,8,8,3,100,0,0
1773829923.441116,197.516,0.014,0,24,0,8,8,3,100,0,0
1773829925.441153,197.516,0.014,0,24,0,8,8,3,100,0,0
1773829927.441152,197.516,0.013,0,24,0,8,8,3,100,0,0
1773829929.442971,197.516,0.020,0,24,0,8,8,3,100,0,0
1773829931.441599,197.516,0.014,0,24,0,8,8,3,100,0,0
1773829933.440873,197.516,0.017,0,24,0,8,8,3,100,0,0
1773829935.441548,197.516,0.013,0,24,0,8,8,3,100,0,0
1773829937.441147,197.516,0.025,0,24,0,8,8,3,100,0,0
1773829939.440674,197.516,0.015,0,24,0,8,8,3,100,0,0
1773829941.438583,197.516,0.015,0,24,0,8,8,3,100,0,0
1773829943.441080,197.516,0.020,0,24,0,8,8,3,100,0,0
1773829945.440060,197.516,0.014,0,24,0,8,8,3,100,0,0
1773829947.436989,197.516,0.015,0,24,0,8,8,3,100,0,0
1773829949.440243,197.516,0.030,0,24,0,8,8,3,100,0,0
1773829951.440052,197.516,0.023,0,24,0,8,8,3,100,0,0
1773829953.442357,197.516,0.014,0,24,0,8,8,3,100,0,0
1773829955.439620,197.516,0.020,0,24,0,8,8,3,100,0,0
1773829957.440581,197.516,0.016,0,24,0,8,8,3,100,0,0
1773829959.437225,197.516,0.015,0,24,0,8,8,3,100,0,0
1773829961.441005,197.516,0.014,0,24,0,8,8,3,100,0,0
1773829963.441659,197.516,0.015,0,24,0,8,8,3,100,0,0
1773829965.438951,197.516,0.063,0,24,0,8,8,3,100,0,0
1773829967.439269,197.516,0.017,0,24,0,8,8,3,100,0,0
1773829969.441338,197.516,0.015,0,24,0,8,8,3,100,0,0
1773829971.440062,197.516,0.023,0,24,0,8,8,3,100,0,0
1773829973.441792,197.516,0.020,0,24,0,8,8,3,100,0,0
1773829975.441984,197.516,0.015,0,24,0,8,8,3,100,0,0
1773829977.441709,197.516,0.015,0,24,0,8,8,3,100,0,0
1773829979.440304,197.516,0.016,0,24,0,8,8,3,100,0,0
1773829981.438184,197.516,0.018,0,24,0,8,8,3,100,0,0
1773829983.440792,197.516,0.019,0,24,0,8,8,3,100,0,0
1773829985.437348,197.516,0.015,0,24,0,8,8,3,100,0,0
1773829987.440592,197.516,0.017,0,24,0,8,8,3,100,0,0
1773829989.440945,197.516,0.014,0,24,0,8,8,3,100,0,0
1773829991.441344,197.516,0.014,0,24,0,8,8,3,100,0,0
1773829993.436977,197.516,0.014,0,24,0,8,8,3,100,0,0
1773829995.440161,197.516,0.014,0,24,0,8,8,3,100,0,0
1773829997.440765,197.516,0.017,0,24,0,8,8,3,100,0,0
1773829999.440196,197.516,0.016,0,24,0,8,8,3,100,0,0
1773830001.441198,197.516,0.021,0,24,0,8,8,3,100,0,0
1773830003.437706,197.516,0.022,0,24,0,8,8,3,100,0,0
1773830005.442769,197.516,0.018,0,24,0,8,8,3,100,0,0
1773830007.441593,197.516,0.012,0,24,0,8,8,3,100,0,0
1773830009.440802,197.516,0.013,0,24,0,8,8,3,100,0,0
1773830011.437974,197.516,0.019,0,24,0,8,8,3,100,0,0
1773830013.440686,197.516,0.016,0,24,0,8,8,3,100,0,0
1773830015.441118,197.516,0.014,0,24,0,8,8,3,100,0,0
1773830017.440601,197.516,0.019,0,24,0,8,8,3,100,0,0
1773830019.441774,197.516,0.021,0,24,0,8,8,3,100,0,0
1773830021.441507,197.516,0.013,0,24,0,8,8,3,100,0,0
1773830023.441706,197.516,0.023,0,24,0,8,8,3,100,0,0
1773830025.441136,197.516,0.016,0,24,0,8,8,3,100,0,0
1773830027.436677,197.516,0.026,0,24,0,8,8,3,100,0,0
1773830029.440716,197.516,0.019,0,24,0,8,8,3,100,0,0
1773830031.440743,197.516,0.019,0,24,0,8,8,3,100,0,0
1773830033.438074,197.516,0.028,0,24,0,8,8,3,100,0,0
1773830035.440724,197.516,0.016,0,24,0,8,8,3,100,0,0
1773830037.440318,197.516,0.019,0,24,0,8,8,3,100,0,0
1773830039.440483,197.516,0.022,0,24,0,8,8,3,100,0,0
1773830041.443346,197.516,0.021,0,24,0,8,8,3,100,0,0
1773830043.437940,197.516,0.023,0,24,0,8,8,3,100,0,0
1773830045.441903,197.516,0.025,0,24,0,8,8,3,100,0,0
1773830152.950719,149.527,0.000,0,24,0,8,8,3,100,0,0
1773830154.938971,149.441,0.000,0,24,0,8,8,3,100,0,0
1773830156.940658,149.441,0.000,0,24,0,8,8,3,100,0,0
1773830158.940597,149.441,0.000,0,24,0,8,8,3,100,0,0
1773830160.938004,149.441,0.000,0,24,0,8,8,3,100,0,0
1773830162.941001,149.445,0.000,0,24,0,8,8,3,100,0,0
1773830164.938737,149.445,0.000,0,24,0,8,8,3,100,0,0
1773830166.940270,149.449,0.000,0,24,0,8,8,3,100,0,0
1773830168.940992,149.449,0.000,0,24,0,8,8,3,100,0,0
1773830170.940612,149.449,0.000,0,24,0,8,8,3,100,0,0
1773830172.941231,149.453,0.000,0,24,0,8,8,3,100,0,0
1773830174.936890,149.453,0.000,0,24,0,8,8,3,100,0,0
1773830176.939258,149.453,0.000,0,24,0,8,8,3,100,0,0
1773830178.940414,149.199,0.000,0,24,0,8,8,3,100,0,0
1773830180.940349,150.215,0.000,0,24,0,8,8,3,100,0,0
1773830182.940289,178.551,0.000,0,24,0,8,8,3,100,0,0
1773830184.936751,188.715,0.028,0,24,0,4,4,3,300,0,1
1773830186.940918,188.707,0.018,0,24,0,8,8,3,100,0,0
1773830188.937296,188.824,0.019,0,24,0,8,8,3,300,0,1
1773830190.940314,188.883,0.018,0,24,0,8,8,3,300,0,1
1773830192.940109,188.918,0.021,0,24,0,8,8,3,300,0,1
1773830194.938968,188.938,0.020,0,24,0,8,8,3,300,0,1
1773830196.941335,188.945,0.020,0,24,0,8,8,3,300,0,1
1773830198.937267,188.945,0.015,0,24,0,8,8,3,300,0,1
1773830200.940108,188.980,0.022,0,24,0,8,8,3,300,0,1
1773830202.936809,189.023,0.021,0,24,0,8,8,3,300,0,1
1773830204.940879,189.031,0.018,0,24,0,8,8,3,300,0,1
1773830206.940052,189.051,0.016,0,24,0,8,8,3,300,0,1
1773830208.937458,189.004,0.016,0,24,0,8,8,3,300,0,1
1773830210.937925,189.012,0.015,0,24,0,8,8,3,300,0,1
1773830212.941271,189.008,0.015,0,24,0,8,8,3,300,0,1
1773830214.937598,188.996,0.018,0,24,0,8,8,3,300,0,1
1773830216.941096,189.016,0.021,0,24,0,8,8,3,300,0,1
1773830219.216476,193.637,0.017,0,24,0,8,8,3,300,0,1
1773830220.967226,193.793,0.021,0,24,0,8,8,3,300,0,1
1773830222.940330,193.941,0.021,0,24,0,8,8,3,300,0,1
1773830224.942135,193.945,0.019,0,24,0,8,8,3,300,0,1
1773830226.940442,194.027,0.018,0,24,0,8,8,3,300,0,1
1773830228.941276,194.109,0.020,0,24,0,8,8,3,300,0,1
1773830230.940536,194.211,0.023,0,24,0,8,8,3,300,0,1
1773830232.940886,194.312,0.024,0,24,0,8,8,3,300,0,1
1773830234.936692,194.414,0.023,0,24,0,8,8,3,300,0,1
1773830236.941074,194.484,0.018,0,24,0,8,8,3,300,0,1
1773830238.938997,194.590,0.019,0,24,0,8,8,3,300,0,1
1773830240.939775,194.684,0.026,0,24,0,8,8,3,300,0,1
1773830242.941291,194.785,0.020,0,24,0,8,8,3,300,0,1
1773830244.937550,194.895,0.020,0,24,0,8,8,3,300,0,1
1773830246.939929,195.008,0.024,0,24,0,8,8,3,300,0,1
1773830248.940545,195.109,0.023,0,24,0,8,8,3,300,0,1
1773830250.938712,195.227,0.021,0,24,0,8,8,3,300,0,1
1773830252.941092,195.328,0.023,0,24,0,8,8,3,300,0,1
1773830254.936998,195.438,0.023,0,24,0,8,8,3,300,0,1
1773830256.938368,195.543,0.021,0,24,0,8,8,3,300,0,1
1773830258.940616,195.660,0.019,0,24,0,8,8,3,300,0,1
1773830260.940073,195.770,0.020,0,24,0,8,8,3,300,0,1
1773830262.941328,195.879,0.018,0,24,0,8,8,3,300,0,1
1773830264.940910,195.988,0.027,0,24,0,8,8,3,300,0,1
1773830266.941404,196.121,0.027,0,24,0,8,8,3,300,0,1
1773830268.939190,196.238,0.022,0,24,0,8,8,3,100,0,0
1773830270.940682,196.344,0.017,0,24,0,8,8,3,100,0,0
1773830272.941884,196.438,0.034,0,24,0,8,8,3,100,0,0
1773830274.940261,196.551,0.024,0,24,0,8,8,3,300,0,1
1773830276.941696,196.660,0.031,0,24,0,8,8,3,300,0,1
1773830278.941508,196.770,0.022,0,24,0,8,8,3,300,0,1
1773830280.941189,196.875,0.025,0,24,0,8,8,3,300,0,1
1773830282.940784,196.980,0.022,0,24,0,8,8,3,300,0,1
1773830284.940577,197.082,0.023,0,24,0,8,8,3,300,0,1
1773830286.940775,197.199,0.022,0,24,0,8,8,3,300,0,1
1773830288.940663,197.293,0.025,0,24,0,8,8,3,300,0,1
1773830290.941236,197.398,0.037,0,24,0,8,8,3,300,0,1
1773830292.940115,197.508,0.026,0,24,0,8,8,3,300,0,1
1773830294.941054,197.613,0.022,0,24,0,8,8,3,300,0,1
1773830296.939242,197.719,0.022,0,24,0,8,8,3,300,0,1
1773830298.941206,197.820,0.026,0,24,0,8,8,3,300,0,1
1773830300.941196,197.922,0.025,0,24,0,8,8,3,300,0,1
1773830302.940684,198.039,0.019,0,24,0,8,8,3,300,0,1
1773830304.941536,198.141,0.023,0,24,0,8,8,3,300,0,1
1773830306.941000,198.234,0.018,0,24,0,8,8,3,300,0,1
1773830308.937907,198.344,0.020,0,24,0,8,8,3,300,0,1
1773830310.941279,198.445,0.024,0,24,0,8,8,3,300,0,1
1773830312.941338,198.551,0.030,0,24,0,8,8,3,300,0,1
1773830314.940645,198.656,0.018,0,24,0,8,8,3,300,0,1
1773830316.940161,198.758,0.025,0,24,0,8,8,3,300,0,1
1773830318.940761,198.867,0.019,0,24,0,8,8,3,300,0,1
1773830320.941301,198.969,0.017,0,24,0,8,8,3,300,0,1
1773830322.942957,199.074,0.029,0,24,0,8,8,3,300,0,1
1773830324.939127,199.172,0.024,0,24,0,8,8,3,300,0,1
1773830326.940402,199.277,0.019,0,24,0,8,8,3,300,0,1
1773830328.940935,199.391,0.023,0,24,0,8,8,3,300,0,1
1773830330.941427,199.496,0.027,0,24,0,8,8,3,300,0,1
1773830332.940541,199.609,0.023,0,24,0,8,8,3,300,0,1
1773830334.937307,199.715,0.018,0,24,0,8,8,3,300,0,1
1773830336.940835,199.836,0.026,0,24,0,8,8,3,300,0,1
1773830338.941361,199.945,0.022,0,24,0,8,8,3,300,0,1
1773830340.941372,200.039,0.028,0,24,0,8,8,3,300,0,1
1773830342.940444,200.152,0.031,0,24,0,8,8,3,300,0,1
1773830344.938865,200.262,0.020,0,24,0,8,8,3,300,0,1
1773830346.938926,200.387,0.024,0,24,0,8,8,3,300,0,1
1773830348.940661,200.484,0.028,0,24,0,8,8,3,300,0,1
1773830350.941467,200.598,0.018,0,24,0,8,8,3,300,0,1
1773830352.940460,200.707,0.020,0,24,0,8,8,3,300,0,1
1773830354.940785,200.805,0.020,0,24,0,8,8,3,300,0,1
1773830356.940992,200.910,0.019,0,24,0,8,8,3,300,0,1
1773830358.937787,201.008,0.018,0,24,0,8,8,3,300,0,1
1773830360.940304,201.105,0.021,0,24,0,8,8,3,300,0,1
1773830362.937130,201.223,0.019,0,24,0,8,8,3,300,0,1
1773830364.939083,201.324,0.082,0,24,0,8,8,3,300,0,1
1773830366.940982,201.434,0.043,0,24,0,8,8,3,300,0,1
1773830368.937388,201.539,0.029,0,24,0,8,8,3,300,0,1
1773830370.940825,201.637,0.019,0,24,0,8,8,3,300,0,1
1773830372.938242,201.750,0.016,0,24,0,8,8,3,300,0,1
1773830374.940284,201.848,0.026,0,24,0,8,8,3,300,0,1
1773830376.941765,201.957,0.030,0,24,0,8,8,3,300,0,1
1773830378.942575,202.055,0.022,0,24,0,8,8,3,300,0,1
1773830380.941353,202.156,0.021,0,24,0,8,8,3,300,0,1
1773830382.940889,202.262,0.021,0,24,0,8,8,3,300,0,1
1773830384.940459,202.363,0.016,0,24,0,8,8,3,300,0,1
1773830386.942803,202.477,0.020,0,24,0,8,8,3,300,0,1
1773830388.940359,202.574,0.024,0,24,0,8,8,3,300,0,1
1773830390.940932,202.680,0.021,0,24,0,8,8,3,300,0,1
1773830392.938565,202.785,0.020,0,24,0,8,8,3,300,0,1
1773830394.941511,202.895,0.024,0,24,0,8,8,3,300,0,1
1773830396.939209,203.000,0.022,0,24,0,8,8,3,300,0,1
1773830398.938512,203.105,0.026,0,24,0,8,8,3,300,0,1
1773830400.938801,203.215,0.020,0,24,0,8,8,3,300,0,1
1773830402.941632,203.316,0.024,0,24,0,8,8,3,300,0,1
1773830404.939639,203.426,0.023,0,24,0,8,8,3,300,0,1
1773830406.939878,203.535,0.020,0,24,0,8,8,3,300,0,1
1773830408.936816,203.637,0.025,0,24,0,8,8,3,300,0,1
1773830410.941054,203.758,0.021,0,24,0,8,8,3,300,0,1
1773830412.940548,203.859,0.021,0,24,0,8,8,3,300,0,1
1773830414.940467,203.969,0.022,0,24,0,8,8,3,300,0,1
1773830416.939564,204.086,0.019,0,24,0,8,8,3,300,0,1
1773830418.937668,204.188,0.015,0,24,0,8,8,3,300,0,1
1773830420.942566,204.312,0.022,0,24,0,8,8,3,300,0,1
1773830422.940522,197.043,0.019,0,24,0,8,8,3,300,0,1
1773830424.941723,194.230,0.021,0,24,0,8,8,3,300,0,1
1773830426.937993,194.336,0.018,0,24,0,8,8,3,300,0,1
1773830428.941279,194.441,0.021,0,24,0,8,8,3,300,0,1
1773830430.937565,194.551,0.020,0,24,0,8,8,3,300,0,1
1773830432.941178,194.648,0.023,0,24,0,8,8,3,300,0,1
1773830434.941161,194.750,0.024,0,24,0,8,8,3,300,0,1
1773830436.940753,194.852,0.024,0,24,0,8,8,3,300,0,1
1773830438.938713,194.957,0.027,0,24,0,8,8,3,300,0,1
1773830440.941403,195.051,0.022,0,24,0,8,8,3,300,0,1
1773830442.940205,195.156,0.018,0,24,0,8,8,3,300,0,1
1773830444.940477,195.262,0.022,0,24,0,8,8,3,300,0,1
1773830446.940789,195.414,0.020,0,24,0,8,8,3,300,0,1
1773830448.942386,195.523,0.021,0,24,0,8,8,3,300,0,1
1773830450.939706,195.629,0.026,0,24,0,8,8,3,300,0,1
1773830452.940360,195.715,0.022,0,24,0,8,8,3,300,0,1
1773830454.940635,195.816,0.023,0,24,0,8,8,3,300,0,1
1773830456.941715,195.926,0.021,0,24,0,8,8,3,300,0,1
1773830458.940317,196.023,0.024,0,24,0,8,8,3,300,0,1
1773830460.941632,196.121,0.023,0,24,0,8,8,3,300,0,1
1773830462.939372,196.223,0.020,0,24,0,8,8,3,300,0,1
1773830464.940456,196.324,0.028,0,24,0,8,8,3,300,0,1
1773830466.940532,196.438,0.025,0,24,0,8,8,3,300,0,1
1773830468.940542,196.531,0.018,0,24,0,8,8,3,300,0,1
1773830470.940092,196.637,0.021,0,24,0,8,8,3,300,0,1
1773830472.939569,196.746,0.022,0,24,0,8,8,3,300,0,1
1773830474.940749,196.836,0.024,0,24,0,8,8,3,300,0,1
1773830476.940885,196.934,0.031,0,24,0,8,8,3,300,0,1
1773830478.938870,197.031,0.019,0,24,0,8,8,3,300,0,1
1773830480.938276,197.133,0.022,0,24,0,8,8,3,300,0,1
1773830482.941017,197.250,0.018,0,24,0,8,8,3,300,0,1
1773830484.940773,197.352,0.024,0,24,0,8,8,3,300,0,1
1773830486.941117,197.453,0.020,0,24,0,8,8,3,300,0,1
1773830488.938233,197.562,0.025,0,24,0,8,8,3,300,0,1
1773830490.941012,197.664,0.027,0,24,0,8,8,3,300,0,1
1773830492.937528,197.758,0.021,0,24,0,8,8,3,300,0,1
1773830494.940671,197.863,0.019,0,24,0,8,8,3,300,0,1
1773830496.940897,197.969,0.023,0,24,0,8,8,3,300,0,1
1773830498.941337,198.070,0.025,0,24,0,8,8,3,300,0,1
1773830500.936806,198.172,0.018,0,24,0,8,8,3,300,0,1
1773830502.940786,198.281,0.016,0,24,0,8,8,3,300,0,1
1773830504.939759,198.379,0.022,0,24,0,8,8,3,300,0,1
1773830506.941068,198.488,0.026,0,24,0,8,8,3,300,0,1
1773830508.940682,198.578,0.019,0,24,0,8,8,3,300,0,1
1773830510.938483,198.711,0.025,0,24,0,8,8,3,300,0,1
1773830512.940851,198.812,0.022,0,24,0,8,8,3,300,0,1
1773830514.940418,198.914,0.023,0,24,0,8,8,3,300,0,1
1773830516.940400,199.020,0.024,0,24,0,8,8,3,300,0,1
1773830518.940908,199.125,0.024,0,24,0,8,8,3,300,0,1
1773830520.940791,199.238,0.020,0,24,0,8,8,3,300,0,1
1773830522.940481,199.348,0.021,0,24,0,8,8,3,300,0,1
1773830524.940659,199.441,0.018,0,24,0,8,8,3,300,0,1
1773830526.937407,199.551,0.019,0,24,0,8,8,3,300,0,1
1773830528.940643,199.656,0.022,0,24,0,8,8,3,300,0,1
1773830530.940795,199.785,0.019,0,24,0,8,8,3,300,0,1
1773830532.941994,199.887,0.017,0,24,0,8,8,3,300,0,1
1773830534.937582,199.992,0.020,0,24,0,8,8,3,300,0,1
1773830536.938954,200.113,0.016,0,24,0,8,8,3,300,0,1
1773830538.941203,200.219,0.037,0,24,0,8,8,3,300,0,1
1773830540.937024,200.324,0.023,0,24,0,8,8,3,300,0,1
1773830542.940586,200.426,0.023,0,24,0,8,8,3,300,0,1
1773830544.940508,200.535,0.024,0,24,0,8,8,3,300,0,1
1773830546.941680,200.637,0.024,0,24,0,8,8,3,300,0,1
1773830548.941031,200.738,0.025,0,24,0,8,8,3,300,0,1
1773830550.940508,200.848,0.024,0,24,0,8,8,3,300,0,1
1773830552.940353,200.945,0.024,0,24,0,8,8,3,300,0,1
1773830554.939510,201.055,0.019,0,24,0,8,8,3,300,0,1
1773830556.940858,201.148,0.021,0,24,0,8,8,3,300,0,1
1773830558.940730,201.250,0.019,0,24,0,8,8,3,300,0,1
1773830560.941034,201.359,0.018,0,24,0,8,8,3,300,0,1
1773830562.940989,201.461,0.021,0,24,0,8,8,3,300,0,1
1773830564.941449,201.559,0.019,0,24,0,8,8,3,300,0,1
1773830566.938599,201.672,0.018,0,24,0,8,8,3,300,0,1
1773830568.943230,201.770,0.016,0,24,0,8,8,3,300,0,1
1773830570.939390,201.875,0.020,0,24,0,8,8,3,300,0,1
1773830572.940398,201.988,0.017,0,24,0,8,8,3,300,0,1
1773830574.940109,202.090,0.022,0,24,0,8,8,3,300,0,1
1773830576.940672,202.184,0.019,0,24,0,8,8,3,300,0,1
1773830578.940855,202.285,0.036,0,24,0,8,8,3,300,0,1
1773830580.941033,202.395,0.024,0,24,0,8,8,3,300,0,1
1773830582.941540,202.492,0.020,0,24,0,8,8,3,300,0,1
1773830584.940609,202.602,0.016,0,24,0,8,8,3,300,0,1
1773830586.938921,202.684,0.019,0,24,0,8,8,3,300,0,1
1773830588.941528,202.785,0.021,0,24,0,8,8,3,300,0,1
1773830590.940404,202.895,0.023,0,24,0,8,8,3,300,0,1
1773830592.940417,202.988,0.020,0,24,0,8,8,3,300,0,1
1773830594.937354,203.094,0.018,0,24,0,8,8,3,300,0,1
1773830596.938591,203.195,0.031,0,24,0,8,8,3,300,0,1
1773830598.938528,203.305,0.027,0,24,0,8,8,3,300,0,1
1773830600.937930,203.402,0.024,0,24,0,8,8,3,300,0,1
1773830602.940859,203.508,0.020,0,24,0,8,8,3,300,0,1
1773830604.939078,203.609,0.018,0,24,0,8,8,3,300,0,1
1773830606.940774,203.707,0.022,0,24,0,8,8,3,300,0,1
1773830608.940120,203.809,0.024,0,24,0,8,8,3,300,0,1
1773830610.941205,203.910,0.020,0,24,0,8,8,3,300,0,1
1773830612.937600,204.012,0.020,0,24,0,8,8,3,300,0,1
1773830614.938646,204.113,0.031,0,24,0,8,8,3,300,0,1
1773830616.938843,204.223,0.025,0,24,0,8,8,3,300,0,1
1773830618.939306,204.320,0.024,0,24,0,8,8,3,300,0,1
1773830620.937712,204.469,0.018,0,24,0,8,8,3,300,0,1
1773830622.940644,194.387,0.021,0,24,0,8,8,3,300,0,1
1773830624.937385,194.496,0.021,0,24,0,8,8,3,300,0,1
1773830626.940644,194.594,0.026,0,24,0,8,8,3,300,0,1
1773830628.941287,194.699,0.019,0,24,0,8,8,3,300,0,1
1773830630.940877,194.812,0.020,0,24,0,8,8,3,300,0,1
1773830632.941432,194.918,0.022,0,24,0,8,8,3,300,0,1
1773830634.940511,195.023,0.020,0,24,0,8,8,3,300,0,1
1773830636.938066,195.125,0.021,0,24,0,8,8,3,300,0,1
1773830638.940948,195.227,0.017,0,24,0,8,8,3,300,0,1
1773830640.937270,195.332,0.018,0,24,0,8,8,3,300,0,1
1773830642.941242,195.438,0.022,0,24,0,8,8,3,300,0,1
1773830644.940848,195.531,0.019,0,24,0,8,8,3,300,0,1
1773830646.941084,195.641,0.023,0,24,0,8,8,3,300,0,1
1773830648.939079,195.742,0.018,0,24,0,8,8,3,300,0,1
1773830650.940607,195.848,0.023,0,24,0,8,8,3,300,0,1
1773830652.938849,195.941,0.019,0,24,0,8,8,3,300,0,1
1773830654.938011,196.047,0.024,0,24,0,8,8,3,300,0,1
1773830656.940744,196.152,0.021,0,24,0,8,8,3,300,0,1
1773830658.937177,196.234,0.018,0,24,0,8,8,3,300,0,1
1773830660.942053,196.340,0.022,0,24,0,8,8,3,300,0,1
1773830662.940546,196.449,0.019,0,24,0,8,8,3,300,0,1
1773830664.940702,196.543,0.018,0,24,0,8,8,3,300,0,1
1773830666.938358,196.648,0.032,0,24,0,8,8,3,300,0,1
1773830668.937666,196.750,0.028,0,24,0,8,8,3,300,0,1
1773830670.940496,196.855,0.021,0,24,0,8,8,3,300,0,1
1773830672.940621,196.953,0.021,0,24,0,8,8,3,300,0,1
1773830674.939654,197.062,0.021,0,24,0,8,8,3,300,0,1
1773830676.940812,197.152,0.022,0,24,0,8,8,3,300,0,1
1773830678.940374,197.254,0.018,0,24,0,8,8,3,300,0,1
1773830680.939074,197.359,0.017,0,24,0,8,8,3,300,0,1
1773830682.941174,197.461,0.025,0,24,0,8,8,3,300,0,1
1773830684.941019,197.566,0.017,0,24,0,8,8,3,300,0,1
1773830686.941607,197.672,0.022,0,24,0,8,8,3,300,0,1
1773830688.939296,197.773,0.023,0,24,0,8,8,3,300,0,1
1773830690.940909,197.879,0.019,0,24,0,8,8,3,300,0,1
1773830692.938745,197.973,0.019,0,24,0,8,8,3,300,0,1
1773830694.941468,198.078,0.018,0,24,0,8,8,3,300,0,1
1773830696.940532,198.176,0.025,0,24,0,8,8,3,300,0,1
1773830698.940460,198.277,0.022,0,24,0,8,8,3,300,0,1
1773830700.939004,198.379,0.023,0,24,0,8,8,3,300,0,1
1773830702.940830,198.480,0.021,0,24,0,8,8,3,300,0,1
1773830704.940867,198.586,0.020,0,24,0,8,8,3,300,0,1
1773830706.937740,198.684,0.020,0,24,0,8,8,3,300,0,1
1773830708.937707,198.789,0.017,0,24,0,8,8,3,300,0,1
1773830710.942087,198.887,0.017,0,24,0,8,8,3,300,0,1
1773830712.940694,198.988,0.025,0,24,0,8,8,3,300,0,1
1773830714.941219,199.098,0.021,0,24,0,8,8,3,300,0,1
1773830716.938499,199.203,0.025,0,24,0,8,8,3,300,0,1
1773830718.938701,199.301,0.022,0,24,0,8,8,3,300,0,1
1773830720.939599,199.406,0.018,0,24,0,8,8,3,300,0,1
1773830722.940925,199.508,0.020,0,24,0,8,8,3,300,0,1
1773830724.937491,199.617,0.022,0,24,0,8,8,3,300,0,1
1773830726.940538,199.707,0.020,0,24,0,8,8,3,300,0,1
1773830728.940679,199.820,0.019,0,24,0,8,8,3,300,0,1
1773830730.941849,199.918,0.018,0,24,0,8,8,3,300,0,1
1773830732.941404,200.020,0.066,0,24,0,8,8,3,300,0,1
1773830734.941032,200.121,0.038,0,24,0,8,8,3,300,0,1
1773830736.940776,200.227,0.024,0,24,0,8,8,3,300,0,1
1773830738.936785,200.332,0.026,0,24,0,8,8,3,300,0,1
1773830740.940639,200.426,0.023,0,24,0,8,8,3,300,0,1
1773830742.941218,200.535,0.025,0,24,0,8,8,3,300,0,1
1773830744.940745,200.633,0.022,0,24,0,8,8,3,300,0,1
1773830746.938423,200.750,0.024,0,24,0,8,8,3,300,0,1
1773830748.938499,200.852,0.020,0,24,0,8,8,3,300,0,1
1773830750.941185,200.949,0.018,0,24,0,8,8,3,300,0,1
1773830752.941311,201.051,0.020,0,24,0,8,8,3,300,0,1
1773830754.941972,201.164,0.020,0,24,0,8,8,3,300,0,1
1773830756.937801,201.262,0.019,0,24,0,8,8,3,300,0,1
1773830758.940556,201.367,0.020,0,24,0,8,8,3,300,0,1
1773830760.940563,201.469,0.023,0,24,0,8,8,3,300,0,1
1773830762.941230,201.578,0.028,0,24,0,8,8,3,300,0,1
1773830764.940008,201.688,0.022,0,24,0,8,8,3,300,0,1
1773830766.941416,201.793,0.022,0,24,0,8,8,3,300,0,1
1773830768.940609,201.895,0.018,0,24,0,8,8,3,300,0,1
1773830770.941036,202.008,0.023,0,24,0,8,8,3,300,0,1
1773830772.940519,202.105,0.027,0,24,0,8,8,3,300,0,1
1773830774.940410,202.215,0.022,0,24,0,8,8,3,300,0,1
1773830776.941124,202.324,0.018,0,24,0,8,8,3,300,0,1
1773830778.940612,202.430,0.023,0,24,0,8,8,3,300,0,1
1773830780.942815,202.543,0.026,0,24,0,8,8,3,300,0,1
1773830782.941049,202.660,0.019,0,24,0,8,8,3,300,0,1
1773830784.940164,202.758,0.025,0,24,0,8,8,3,300,0,1
1773830786.942029,202.859,0.025,0,24,0,8,8,3,300,0,1
1773830788.936713,202.977,0.022,0,24,0,8,8,3,300,0,1
1773830790.940732,203.066,0.022,0,24,0,8,8,3,300,0,1
1773830792.939514,203.176,0.026,0,24,0,8,8,3,300,0,1
1773830794.941375,203.273,0.037,0,24,0,8,8,3,300,0,1
1773830796.940615,203.375,0.034,0,24,0,8,8,3,300,0,1
1773830798.941056,203.477,0.021,0,24,0,8,8,3,300,0,1
1773830800.941264,203.582,0.018,0,24,0,8,8,3,300,0,1
1773830802.940018,203.688,0.017,0,24,0,8,8,3,300,0,1
1773830804.942491,203.785,0.028,0,24,0,8,8,3,300,0,1
1773830806.938833,203.883,0.021,0,24,0,8,8,3,300,0,1
1773830808.941125,203.988,0.021,0,24,0,8,8,3,300,0,1
1773830810.940538,204.090,0.020,0,24,0,8,8,3,300,0,1
1773830812.941093,204.188,0.022,0,24,0,8,8,3,300,0,1
1773830814.938834,204.293,0.028,0,24,0,8,8,3,300,0,1
1773830816.940508,204.395,0.021,0,24,0,8,8,3,300,0,1
1773830818.938021,204.547,0.029,0,24,0,8,8,3,300,0,1
1773830820.941400,194.438,0.021,0,24,0,8,8,3,300,0,1
1773830822.938736,194.547,0.023,0,24,0,8,8,3,300,0,1
1773830824.940935,194.641,0.018,0,24,0,8,8,3,300,0,1
1773830826.941796,194.750,0.016,0,24,0,8,8,3,300,0,1
1773830828.940331,194.848,0.020,0,24,0,8,8,3,300,0,1
1773830830.937360,194.949,0.021,0,24,0,8,8,3,300,0,1
1773830832.941187,195.055,0.021,0,24,0,8,8,3,300,0,1
1773830834.938313,195.160,0.021,0,24,0,8,8,3,300,0,1
1773830836.938241,195.266,0.021,0,24,0,8,8,3,300,0,1
1773830838.940360,195.359,0.016,0,24,0,8,8,3,300,0,1
1773830840.941466,195.473,0.019,0,24,0,8,8,3,300,0,1
1773830842.936630,195.574,0.019,0,24,0,8,8,3,300,0,1
1773830844.941602,195.672,0.020,0,24,0,8,8,3,300,0,1
1773830846.940379,195.770,0.020,0,24,0,8,8,3,300,0,1
1773830848.940612,195.887,0.018,0,24,0,8,8,3,300,0,1
1773830850.941357,195.980,0.021,0,24,0,8,8,3,300,0,1
1773830852.938796,196.078,0.028,0,24,0,8,8,3,300,0,1
1773830854.940761,196.188,0.022,0,24,0,8,8,3,300,0,1
1773830856.938666,196.289,0.019,0,24,0,8,8,3,300,0,1
1773830858.940880,196.387,0.028,0,24,0,8,8,3,300,0,1
1773830860.941017,196.480,0.026,0,24,0,8,8,3,300,0,1
1773830862.940701,196.586,0.020,0,24,0,8,8,3,300,0,1
1773830864.938796,196.695,0.023,0,24,0,8,8,3,300,0,1
1773830866.940431,196.793,0.024,0,24,0,8,8,3,300,0,1
1773830868.941147,196.887,0.020,0,24,0,8,8,3,300,0,1
1773830870.938493,196.988,0.024,0,24,0,8,8,3,300,0,1
1773830872.940434,197.094,0.019,0,24,0,8,8,3,300,0,1
1773830874.941821,197.191,0.021,0,24,0,8,8,3,300,0,1
1773830876.938880,197.293,0.030,0,24,0,8,8,3,300,0,1
1773830878.937799,197.395,0.019,0,24,0,8,8,3,300,0,1
1773830880.941734,197.500,0.018,0,24,0,8,8,3,300,0,1
1773830882.941012,197.594,0.019,0,24,0,8,8,3,300,0,1
1773830884.940682,197.703,0.019,0,24,0,8,8,3,300,0,1
1773830886.941525,197.805,0.017,0,24,0,8,8,3,300,0,1
1773830888.940402,197.910,0.018,0,24,0,8,8,3,300,0,1
1773830890.938717,198.008,0.019,0,24,0,8,8,3,300,0,1
1773830892.940749,198.109,0.027,0,24,0,8,8,3,300,0,1
1773830894.940710,198.215,0.023,0,24,0,8,8,3,300,0,1
1773830896.941001,198.316,0.026,0,24,0,8,8,3,300,0,1
1773830898.940828,198.422,0.023,0,24,0,8,8,3,300,0,1
1773830900.937632,198.531,0.022,0,24,0,8,8,3,300,0,1
1773830902.941170,198.645,0.019,0,24,0,8,8,3,300,0,1
1773830904.942400,198.738,0.025,0,24,0,8,8,3,300,0,1
1773830906.941214,198.836,0.020,0,24,0,8,8,3,300,0,1
1773830908.937613,198.941,0.018,0,24,0,8,8,3,300,0,1
1773830910.941118,199.035,0.021,0,24,0,8,8,3,300,0,1
1773830912.938275,199.145,0.029,0,24,0,8,8,3,300,0,1
1773830914.941331,199.246,0.023,0,24,0,8,8,3,300,0,1
1773830916.937300,199.348,0.020,0,24,0,8,8,3,300,0,1
1773830918.937954,199.449,0.024,0,24,0,8,8,3,300,0,1
1773830920.937673,199.551,0.023,0,24,0,8,8,3,300,0,1
1773830922.940793,199.652,0.017,0,24,0,8,8,3,300,0,1
1773830924.941086,199.754,0.020,0,24,0,8,8,3,300,0,1
1773830926.940956,199.855,0.020,0,24,0,8,8,3,300,0,1
1773830928.940479,199.953,0.016,0,24,0,8,8,3,300,0,1
1773830930.938153,200.059,0.020,0,24,0,8,8,3,300,0,1
1773830932.940101,200.156,0.016,0,24,0,8,8,3,300,0,1
1773830934.940659,200.266,0.022,0,24,0,8,8,3,300,0,1
1773830936.940980,200.359,0.019,0,24,0,8,8,3,300,0,1
1773830938.940858,200.465,0.022,0,24,0,8,8,3,300,0,1
1773830940.940718,200.566,0.022,0,24,0,8,8,3,300,0,1
1773830942.937264,200.676,0.029,0,24,0,8,8,3,300,0,1
1773830944.940786,200.770,0.023,0,24,0,8,8,3,300,0,1
1773830946.941608,200.867,0.029,0,24,0,8,8,3,300,0,1
1773830948.940348,200.973,0.022,0,24,0,8,8,3,300,0,1
1773830950.938767,201.074,0.024,0,24,0,8,8,3,300,0,1
1773830952.939223,201.176,0.021,0,24,0,8,8,3,300,0,1
1773830955.677213,197.172,0.021,0,24,0,8,8,3,300,0,1
1773830956.940554,194.242,0.021,0,24,0,8,8,3,300,0,1
1773830958.940935,194.242,0.021,0,24,0,8,8,3,300,0,1
1773830960.938393,194.242,0.021,0,24,0,8,8,3,300,0,1
1773830962.940330,194.480,0.020,0,24,0,8,8,3,300,0,1
1773830964.940450,194.480,0.020,0,24,0,8,8,3,300,0,1
1773830966.940895,194.480,0.023,0,24,0,8,8,3,300,0,1
1773830968.938242,194.484,0.030,0,24,0,8,8,3,300,0,1
1773830970.940300,194.512,0.026,0,24,0,8,8,3,300,0,1
1773830972.940536,194.512,0.022,0,24,0,8,8,3,300,0,1
1773830974.940541,194.367,0.020,0,24,0,8,8,3,300,0,1
1773830976.939160,194.367,0.025,0,24,0,8,8,3,300,0,1
1773830978.939948,194.367,0.022,0,24,0,8,8,3,300,0,1
1773830980.940871,194.367,0.021,0,24,0,8,8,3,300,0,1
1773830982.940055,194.367,0.023,0,24,0,8,8,3,300,0,1
1773830984.936767,194.367,0.023,0,24,0,8,8,3,300,0,1
1773830986.940688,194.367,0.022,0,24,0,8,8,3,300,0,1
1773830988.937833,194.367,0.021,0,24,0,8,8,3,300,0,1
1773830990.941123,194.367,0.026,0,24,0,8,8,3,300,0,1
1773830992.940321,194.367,0.024,0,24,0,8,8,3,300,0,1
1773830994.940900,194.367,0.023,0,24,0,8,8,3,300,0,1
1773830996.940833,194.367,0.034,0,24,0,8,8,3,300,0,1
1773830998.939066,194.367,0.032,0,24,0,8,8,3,300,0,1
1773831000.940186,194.367,0.033,0,24,0,8,8,3,300,0,1
1773831002.941941,194.367,0.031,0,24,0,8,8,3,300,0,1
1773831004.940902,194.367,0.027,0,24,0,8,8,3,300,0,1
1773831006.940770,194.367,0.031,0,24,0,8,8,3,300,0,1
1773831008.940758,194.367,0.027,0,24,0,8,8,3,300,0,1
1773831010.940275,194.367,0.022,0,24,0,8,8,3,300,0,1
1773831012.937331,194.367,0.023,0,24,0,8,8,3,300,0,1
1773831014.939212,194.367,0.026,0,24,0,8,8,3,300,0,1
1773831016.940425,194.367,0.021,0,24,0,8,8,3,300,0,1
1773831018.937052,194.355,0.024,0,24,0,8,8,3,300,0,1
1773831020.941724,194.355,0.020,0,24,0,8,8,3,300,0,1
1773831022.940924,194.355,0.021,0,24,0,8,8,3,300,0,1
1773831024.940727,194.355,0.020,0,24,0,8,8,3,300,0,1
1773831026.937918,194.355,0.023,0,24,0,8,8,3,300,0,1
1773831028.940541,194.355,0.024,0,24,0,8,8,3,300,0,1
1773831030.940658,194.355,0.021,0,24,0,8,8,3,300,0,1
1773831032.940828,194.355,0.019,0,24,0,8,8,3,300,0,1
1773831034.941525,194.355,0.020,0,24,0,8,8,3,300,0,1
1773831036.940382,194.355,0.020,0,24,0,8,8,3,300,0,1
1773831038.937010,194.355,0.026,0,24,0,8,8,3,300,0,1
1773831040.939348,194.355,0.020,0,24,0,8,8,3,300,0,1
1773831042.939635,194.355,0.032,0,24,0,8,8,3,300,0,1
1773831044.942428,194.355,0.024,0,24,0,8,8,3,300,0,1
1773831046.940201,194.355,0.022,0,24,0,8,8,3,300,0,1
1773831048.941957,194.355,0.023,0,24,0,8,8,3,300,0,1
1773831050.940861,194.355,0.024,0,24,0,8,8,3,300,0,1
1773831052.940826,194.355,0.025,0,24,0,8,8,3,300,0,1
1773831054.937805,194.355,0.019,0,24,0,8,8,3,300,0,1
1773831056.937414,194.355,0.041,0,24,0,8,8,3,300,0,1
1773831058.938757,194.355,0.030,0,24,0,8,8,3,300,0,1
1773831060.940417,194.355,0.022,0,24,0,8,8,3,300,0,1
1773831062.937591,194.355,0.022,0,24,0,8,8,3,300,0,1
1773831064.940734,194.355,0.021,0,24,0,8,8,3,300,0,1
1773831066.940949,194.355,0.023,0,24,0,8,8,3,300,0,1
1773831068.941048,194.355,0.023,0,24,0,8,8,3,300,0,1
1773831070.940764,194.355,0.025,0,24,0,8,8,3,300,0,1
1773831072.937504,194.355,0.021,0,24,0,8,8,3,300,0,1
1773831074.941384,194.355,0.024,0,24,0,8,8,3,300,0,1
1773831076.940793,194.355,0.024,0,24,0,8,8,3,300,0,1
1773831078.938233,194.355,0.024,0,24,0,8,8,3,300,0,1
1773831080.939528,194.355,0.022,0,24,0,8,8,3,300,0,1
1773831082.943510,194.355,0.022,0,24,0,8,8,3,300,0,1
1773831084.940804,194.355,0.023,0,24,0,8,8,3,300,0,1
1773831086.940372,194.355,0.026,0,24,0,8,8,3,300,0,1
1773831088.937962,194.355,0.025,0,24,0,8,8,3,300,0,1
1773831090.940717,194.355,0.024,0,24,0,8,8,3,300,0,1
1773831092.937492,194.355,0.022,0,24,0,8,8,3,300,0,1
1773831094.940700,194.355,0.023,0,24,0,8,8,3,300,0,1
1773831096.941499,194.355,0.025,0,24,0,8,8,3,300,0,1
1773831098.940602,194.355,0.022,0,24,0,8,8,3,300,0,1
1773831100.937318,194.355,0.029,0,24,0,8,8,3,300,0,1
1773831102.938014,194.355,0.034,0,24,0,8,8,3,300,0,1
1773831104.940335,194.355,0.026,0,24,0,8,8,3,300,0,1
1773831106.940814,194.355,0.023,0,24,0,8,8,3,300,0,1
1773831108.937432,194.355,0.027,0,24,0,8,8,3,300,0,1
1773831110.941320,194.355,0.023,0,24,0,8,8,3,300,0,1
1773831112.940502,194.355,0.025,0,24,0,8,8,3,300,0,1
1773831114.938425,194.355,0.022,0,24,0,8,8,3,300,0,1
1773831116.936732,194.355,0.027,0,24,0,8,8,3,300,0,1
1773831118.937703,194.355,0.027,0,24,0,8,8,3,300,0,1
1773831120.937535,194.355,0.021,0,24,0,8,8,3,300,0,1
1773831122.937205,194.355,0.022,0,24,0,8,8,3,300,0,1
1773831124.937458,194.355,0.027,0,24,0,8,8,3,300,0,1
1773831126.940406,194.355,0.023,0,24,0,8,8,3,300,0,1
1773831128.938106,194.355,0.022,0,24,0,8,8,3,300,0,1
1773831130.940526,194.355,0.026,0,24,0,8,8,3,300,0,1
1773831132.939018,194.355,0.025,0,24,0,8,8,3,300,0,1
1773831134.940421,194.355,0.026,0,24,0,8,8,3,300,0,1
1773831136.937255,194.355,0.373,0,24,0,8,8,3,300,0,1
1773831138.941380,194.355,0.092,0,24,0,8,8,3,300,0,1
1773831140.937115,194.355,0.042,0,24,0,8,8,3,300,0,1
1773831142.936690,194.355,0.028,0,24,0,8,8,3,300,0,1
1773831144.940261,194.355,0.024,0,24,0,8,8,3,300,0,1
1773831146.936658,194.355,0.021,0,24,0,8,8,3,300,0,1
1773831148.941230,194.355,0.026,0,24,0,8,8,3,300,0,1
1773831150.940580,194.359,0.023,0,24,0,8,8,3,300,0,1
1773831152.939949,194.359,0.022,0,24,0,8,8,3,300,0,1
1773831154.939600,194.359,0.022,0,24,0,8,8,3,300,0,1
1773831156.941184,194.359,0.032,0,24,0,8,8,3,300,0,1
1773831158.938675,194.359,0.035,0,24,0,8,8,3,300,0,1
1773831160.940622,194.359,0.031,0,24,0,8,8,3,300,0,1
1773831162.937343,194.359,0.027,0,24,0,8,8,3,300,0,1
1773831164.936526,194.359,0.025,0,24,0,8,8,3,300,0,1
1773831166.938730,194.359,0.022,0,24,0,8,8,3,300,0,1
1773831168.940484,194.359,0.022,0,24,0,8,8,3,300,0,1
1773831170.941052,194.363,0.022,0,24,0,8,8,3,300,0,1
1773831172.940501,194.363,0.031,0,24,0,8,8,3,300,0,1
1773831174.940154,194.363,0.032,0,24,0,8,8,3,300,0,1
1773831176.940782,194.363,0.025,0,24,0,8,8,3,300,0,1
1773831178.940707,194.363,0.023,0,24,0,8,8,3,300,0,1
1773831180.937458,194.363,0.022,0,24,0,8,8,3,300,0,1
1773831182.937636,194.363,0.024,0,24,0,8,8,3,300,0,1
1773831184.936918,194.363,0.024,0,24,0,8,8,3,300,0,1
1773831186.942516,194.363,0.021,0,24,0,8,8,3,300,0,1
1773831188.937303,194.363,0.019,0,24,0,8,8,3,300,0,1
1773831190.940996,194.367,0.018,0,24,0,8,8,3,300,0,1
1773831192.941210,194.367,0.026,0,24,0,8,8,3,300,0,1
1773831194.940980,194.367,0.021,0,24,0,8,8,3,300,0,1
1773831196.939953,194.367,0.020,0,24,0,8,8,3,300,0,1
1773831198.944908,194.367,0.024,0,24,0,8,8,3,300,0,1
1773831200.940845,194.367,0.022,0,24,0,8,8,3,300,0,1
1773831202.940360,194.367,0.020,0,24,0,8,8,3,300,0,1
1773831204.938066,194.367,0.025,0,24,0,8,8,3,300,0,1
1773831206.937422,194.367,0.022,0,24,0,8,8,3,300,0,1
1773831208.940982,194.367,0.023,0,24,0,8,8,3,300,0,1
1773831210.938497,194.367,0.018,0,24,0,8,8,3,300,0,1
1773831212.940436,194.367,0.024,0,24,0,8,8,3,300,0,1
1773831214.940708,194.367,0.021,0,24,0,8,8,3,300,0,1
1773831216.940431,194.367,0.025,0,24,0,8,8,3,300,0,1
1773831218.941742,194.367,0.023,0,24,0,8,8,3,300,0,1
1773831220.940208,194.367,0.020,0,24,0,8,8,3,300,0,1
1773831222.940826,194.367,0.029,0,24,0,8,8,3,300,0,1
1773831224.938228,194.367,0.025,0,24,0,8,8,3,300,0,1
1773831226.940518,194.367,0.022,0,24,0,8,8,3,300,0,1
1773831228.940744,194.367,0.022,0,24,0,8,8,3,300,0,1
1773831230.937640,194.367,0.028,0,24,0,8,8,3,300,0,1
1773831232.941231,194.367,0.022,0,24,0,8,8,3,300,0,1
1773831234.940638,194.367,0.020,0,24,0,8,8,3,300,0,1
1773831236.941071,194.367,0.020,0,24,0,8,8,3,300,0,1
1773831238.939812,194.367,0.020,0,24,0,8,8,3,300,0,1
1773831240.940900,194.367,0.021,0,24,0,8,8,3,300,0,1
1773831242.941053,194.367,0.019,0,24,0,8,8,3,300,0,1
1773831244.940157,194.367,0.023,0,24,0,8,8,3,300,0,1
1773831246.939976,194.367,0.020,0,24,0,8,8,3,300,0,1
1773831248.940554,194.367,0.020,0,24,0,8,8,3,300,0,1
1773831250.940743,194.367,0.026,0,24,0,8,8,3,300,0,1
1773831252.939785,194.367,0.022,0,24,0,8,8,3,300,0,1
1773831254.941174,194.367,0.021,0,24,0,8,8,3,300,0,1
1773831256.940401,194.367,0.030,0,24,0,8,8,3,300,0,1
1773831258.940743,194.367,0.025,0,24,0,8,8,3,300,0,1
1773831260.942191,194.367,0.027,0,24,0,8,8,3,300,0,1
1773831262.939837,194.367,0.019,0,24,0,8,8,3,300,0,1
1773831264.940369,194.367,0.020,0,24,0,8,8,3,300,0,1
1773831266.940896,194.367,0.021,0,24,0,8,8,3,300,0,1
1773831268.941286,194.367,0.020,0,24,0,8,8,3,300,0,1
1773831270.939824,194.367,0.019,0,24,0,8,8,3,300,0,1
1773831272.940785,194.367,0.018,0,24,0,8,8,3,300,0,1
1773831274.942661,194.367,0.019,0,24,0,8,8,3,300,0,1
1773831276.937152,194.367,0.020,0,24,0,8,8,3,300,0,1
1773831278.940497,194.367,0.022,0,24,0,8,8,3,300,0,1
1773831280.940660,194.367,0.026,0,24,0,8,8,3,300,0,1
1773831282.939003,194.367,0.020,0,24,0,8,8,3,300,0,1
1773831284.938693,194.367,0.024,0,24,0,8,8,3,300,0,1
1773831286.939443,194.367,0.024,0,24,0,8,8,3,300,0,1
1773831288.941170,194.367,0.031,0,24,0,8,8,3,300,0,1
1773831290.937716,194.367,0.031,0,24,0,8,8,3,300,0,1
1773831292.939304,194.367,0.025,0,24,0,8,8,3,300,0,1
1773831294.940191,194.367,0.023,0,24,0,8,8,3,300,0,1
1773831296.940464,194.367,0.024,0,24,0,8,8,3,300,0,1
1773831298.938319,194.367,0.020,0,24,0,8,8,3,300,0,1
1773831300.938574,194.367,0.025,0,24,0,8,8,3,300,0,1
1773831302.940800,194.367,0.025,0,24,0,8,8,3,300,0,1
1773831304.941593,194.367,0.027,0,24,0,8,8,3,300,0,1
1773831306.940859,194.367,0.024,0,24,0,8,8,3,300,0,1
1773831308.938960,194.367,0.021,0,24,0,8,8,3,300,0,1
1773831310.939147,194.367,0.020,0,24,0,8,8,3,300,0,1
1773831312.940403,194.367,0.024,0,24,0,8,8,3,300,0,1
1773831314.937151,194.367,0.020,0,24,0,8,8,3,300,0,1
1773831316.940846,194.367,0.024,0,24,0,8,8,3,300,0,1
1773831318.937358,194.367,0.021,0,24,0,8,8,3,300,0,1
1773831320.941098,194.367,0.020,0,24,0,8,8,3,300,0,1
1773831322.939851,194.367,0.019,0,24,0,8,8,3,300,0,1
1773831324.940982,194.367,0.018,0,24,0,8,8,3,300,0,1
1773831326.940398,194.367,0.021,0,24,0,8,8,3,300,0,1
1773831328.938526,194.367,0.024,0,24,0,8,8,3,300,0,1
1773831330.938746,194.367,0.018,0,24,0,8,8,3,300,0,1
1773831332.940927,194.367,0.025,0,24,0,8,8,3,300,0,1
1773831334.943264,194.367,0.021,0,24,0,8,8,3,300,0,1
1773831336.937176,194.367,0.023,0,24,0,8,8,3,300,0,1
1773831338.940304,194.367,0.021,0,24,0,8,8,3,300,0,1
1773831340.936952,194.367,0.020,0,24,0,8,8,3,300,0,1
1773831342.942107,194.367,0.017,0,24,0,8,8,3,300,0,1
1773831344.938744,194.367,0.021,0,24,0,8,8,3,300,0,1
1773831346.940309,194.102,0.021,0,24,0,8,8,3,300,0,1
1773831348.943057,194.102,0.020,0,24,0,8,8,3,300,0,1
1773831350.940715,194.102,0.020,0,24,0,8,8,3,300,0,1
1773831352.936770,194.102,0.043,0,24,0,8,8,3,300,0,1
1773831354.941029,194.102,0.027,0,24,0,8,8,3,300,0,1
1773831356.940593,194.102,0.026,0,24,0,8,8,3,300,0,1
1773831358.940875,194.102,0.029,0,24,0,8,8,3,300,0,1
1773831360.940730,194.102,0.021,0,24,0,8,8,3,300,0,1
1773831362.937802,194.102,0.025,0,24,0,8,8,3,300,0,1
1773831364.940619,194.102,0.024,0,24,0,8,8,3,300,0,1
1773831366.940547,194.102,0.021,0,24,0,8,8,3,300,0,1
1773831368.940789,194.102,0.017,0,24,0,8,8,3,300,0,1
1773831370.940894,194.102,0.019,0,24,0,8,8,3,300,0,1
1773831372.939980,194.102,0.026,0,24,0,8,8,3,300,0,1
1773831374.940572,194.102,0.024,0,24,0,8,8,3,300,0,1
1773831376.941422,194.102,0.029,0,24,0,8,8,3,300,0,1
1773831378.940923,194.102,0.022,0,24,0,8,8,3,300,0,1
1773831380.941284,194.105,0.018,0,24,0,8,8,3,300,0,1
1773831382.938161,194.105,0.023,0,24,0,8,8,3,300,0,1
1773831384.941205,194.113,0.021,0,24,0,8,8,3,300,0,1
1773831386.940624,194.113,0.023,0,24,0,8,8,3,300,0,1
1773831388.940605,194.117,0.020,0,24,0,8,8,3,300,0,1
1773831390.939465,194.121,0.024,0,24,0,8,8,3,300,0,1
1773831392.939170,194.125,0.031,0,24,0,8,8,3,300,0,1
1773831394.939344,194.129,0.022,0,24,0,8,8,3,300,0,1
1773831396.942115,194.129,0.030,0,24,0,8,8,3,300,0,1
1773831398.940550,194.129,0.022,0,24,0,8,8,3,300,0,1
1773831400.940315,194.129,0.023,0,24,0,8,8,3,300,0,1
1773831402.940597,194.129,0.032,0,24,0,8,8,3,300,0,1
1773831404.939633,194.129,0.025,0,24,0,8,8,3,300,0,1
1773831406.940533,194.129,0.032,0,24,0,8,8,3,300,0,1
1773831408.937732,194.129,0.022,0,24,0,8,8,3,300,0,1
1773831410.938415,194.129,0.018,0,24,0,8,8,3,300,0,1
1773831412.940314,194.129,0.022,0,24,0,8,8,3,300,0,1
1773831414.941012,194.129,0.020,0,24,0,8,8,3,300,0,1
1773831416.937825,194.129,0.017,0,24,0,8,8,3,300,0,1
1773831418.940967,194.129,0.019,0,24,0,8,8,3,300,0,1
1773831420.940547,194.129,0.017,0,24,0,8,8,3,300,0,1
1773831422.938662,194.129,0.023,0,24,0,8,8,3,300,0,1
1773831424.940688,194.129,0.020,0,24,0,8,8,3,300,0,1
1773831426.939955,194.129,0.023,0,24,0,8,8,3,300,0,1
1773831428.940749,194.129,0.020,0,24,0,8,8,3,300,0,1
1773831430.939389,194.129,0.017,0,24,0,8,8,3,300,0,1
1773831432.940570,194.129,0.019,0,24,0,8,8,3,300,0,1
1773831434.940541,194.129,0.019,0,24,0,8,8,3,300,0,1
1773831436.939328,194.129,0.020,0,24,0,8,8,3,300,0,1
1773831438.941214,194.129,0.018,0,24,0,8,8,3,300,0,1
1773831440.941875,194.129,0.018,0,24,0,8,8,3,300,0,1
1773831442.941236,194.129,0.021,0,24,0,8,8,3,300,0,1
1773831444.941346,194.129,0.022,0,24,0,8,8,3,300,0,1
1773831446.940946,194.129,0.028,0,24,0,8,8,3,300,0,1
1773831448.940417,194.129,0.019,0,24,0,8,8,3,300,0,1
1773831450.940310,194.129,0.023,0,24,0,8,8,3,300,0,1
1773831452.940895,194.129,0.026,0,24,0,8,8,3,300,0,1
1773831454.940642,194.129,0.020,0,24,0,8,8,3,300,0,1
1773831456.940128,194.129,0.021,0,24,0,8,8,3,300,0,1
1773831458.938720,194.129,0.020,0,24,0,8,8,3,300,0,1
1773831460.941199,194.129,0.025,0,24,0,8,8,3,300,0,1
1773831462.938563,194.129,0.024,0,24,0,8,8,3,300,0,1
1773831464.938205,194.129,0.018,0,24,0,8,8,3,300,0,1
1773831466.938514,194.129,0.021,0,24,0,8,8,3,300,0,1
1773831468.941441,194.129,0.025,0,24,0,8,8,3,300,0,1
1773831470.942667,194.129,0.022,0,24,0,8,8,3,300,0,1
1773831472.940418,194.129,0.028,0,24,0,8,8,3,300,0,1
1773831474.941360,194.129,0.020,0,24,0,8,8,3,300,0,1
1773831476.941216,194.129,0.020,0,24,0,8,8,3,300,0,1
1773831478.941160,194.129,0.021,0,24,0,8,8,3,300,0,1
1773831480.937774,194.129,0.018,0,24,0,8,8,3,300,0,1
1773831482.939087,194.129,0.021,0,24,0,8,8,3,300,0,1
1773831484.940632,194.129,0.020,0,24,0,8,8,3,300,0,1
1773831486.940451,194.129,0.024,0,24,0,8,8,3,300,0,1
1773831488.941028,194.129,0.018,0,24,0,8,8,3,300,0,1
1773831490.940566,194.129,0.026,0,24,0,8,8,3,300,0,1
1773831492.940684,194.129,0.022,0,24,0,8,8,3,300,0,1
1773831494.941336,194.129,0.021,0,24,0,8,8,3,300,0,1
1773831496.940340,194.129,0.019,0,24,0,8,8,3,300,0,1
1773831498.940145,194.129,0.020,0,24,0,8,8,3,300,0,1
1773831500.940997,194.129,0.019,0,24,0,8,8,3,300,0,1
1773831502.938514,194.133,0.020,0,24,0,8,8,3,300,0,1
1773831504.938952,194.141,0.027,0,24,0,8,8,3,300,0,1
1773831506.942184,194.141,0.020,0,24,0,8,8,3,300,0,1
1773831508.939039,194.145,0.022,0,24,0,8,8,3,300,0,1
1773831510.940625,194.148,0.027,0,24,0,8,8,3,300,0,1
1773831512.938293,194.152,0.020,0,24,0,8,8,3,300,0,1
1773831514.937472,194.152,0.018,0,24,0,8,8,3,300,0,1
1773831516.940817,194.152,0.022,0,24,0,8,8,3,300,0,1
1773831518.940529,194.152,0.022,0,24,0,8,8,3,300,0,1
1773831520.939020,194.152,0.031,0,24,0,8,8,3,300,0,1
1773831522.940582,194.152,0.025,0,24,0,8,8,3,300,0,1
1773831524.940583,194.152,0.019,0,24,0,8,8,3,300,0,1
1773831526.940557,194.152,0.022,0,24,0,8,8,3,300,0,1
1773831528.940432,194.152,0.020,0,24,0,8,8,3,300,0,1
1773831530.940497,194.152,0.019,0,24,0,8,8,3,300,0,1
1773831532.939805,194.152,0.017,0,24,0,8,8,3,300,0,1
1773831534.938340,194.152,0.019,0,24,0,8,8,3,300,0,1
1773831536.941027,194.152,0.019,0,24,0,8,8,3,300,0,1
1773831538.937884,194.152,0.018,0,24,0,8,8,3,300,0,1
1773831540.941026,194.152,0.020,0,24,0,8,8,3,300,0,1
1773831542.940557,194.152,0.021,0,24,0,8,8,3,300,0,1
1773831544.938895,194.152,0.026,0,24,0,8,8,3,300,0,1
1773831546.940128,194.152,0.021,0,24,0,8,8,3,300,0,1
1773831548.940557,194.152,0.016,0,24,0,8,8,3,300,0,1
1773831550.939234,194.152,0.019,0,24,0,8,8,3,300,0,1
1773831552.940664,194.152,0.021,0,24,0,8,8,3,300,0,1
1773831554.936851,194.152,0.024,0,24,0,8,8,3,300,0,1
1773831556.940738,194.152,0.023,0,24,0,8,8,3,300,0,1
1773831558.941086,194.152,0.025,0,24,0,8,8,3,300,0,1
1773831560.938041,194.152,0.021,0,24,0,8,8,3,300,0,1
1773831562.940749,194.152,0.019,0,24,0,8,8,3,300,0,1
1773831564.941466,194.152,0.017,0,24,0,8,8,3,300,0,1
1773831566.940009,194.152,0.025,0,24,0,8,8,3,300,0,1
1773831568.940603,194.152,0.022,0,24,0,8,8,3,300,0,1
1773831570.940721,194.152,0.020,0,24,0,8,8,3,300,0,1
1773831572.941052,194.152,0.022,0,24,0,8,8,3,300,0,1
1773831574.940664,194.152,0.019,0,24,0,8,8,3,300,0,1
1773831576.938230,194.152,0.019,0,24,0,8,8,3,300,0,1
1773831578.940496,194.152,0.018,0,24,0,8,8,3,300,0,1
1773831580.940880,194.152,0.018,0,24,0,8,8,3,300,0,1
1773831582.940750,194.152,0.022,0,24,0,8,8,3,300,0,1
1773831584.938882,194.152,0.021,0,24,0,8,8,3,300,0,1
1773831586.939356,194.152,0.019,0,24,0,8,8,3,300,0,1
1773831588.941174,194.152,0.020,0,24,0,8,8,3,300,0,1
1773831590.940254,194.152,0.020,0,24,0,8,8,3,300,0,1
1773831592.940585,194.152,0.020,0,24,0,8,8,3,300,0,1
1773831594.941605,194.152,0.018,0,24,0,8,8,3,300,0,1
1773831596.940813,194.152,0.027,0,24,0,8,8,3,300,0,1
1773831598.936853,194.152,0.018,0,24,0,8,8,3,300,0,1
1773831600.940363,194.152,0.021,0,24,0,8,8,3,300,0,1
1773831602.941326,194.152,0.019,0,24,0,8,8,3,300,0,1
1773831604.940342,194.152,0.016,0,24,0,8,8,3,300,0,1
1773831606.940570,194.152,0.018,0,24,0,8,8,3,300,0,1
1773831608.940062,194.152,0.019,0,24,0,8,8,3,300,0,1
1773831610.940808,194.152,0.025,0,24,0,8,8,3,300,0,1
1773831612.940644,194.152,0.028,0,24,0,8,8,3,300,0,1
1773831614.942008,194.152,0.026,0,24,0,8,8,3,300,0,1
1773831616.940447,194.156,0.022,0,24,0,8,8,3,300,0,1
1773831618.940351,194.156,0.021,0,24,0,8,8,3,300,0,1
1773831620.940421,194.156,0.019,0,24,0,8,8,3,300,0,1
1773831622.937953,194.160,0.020,0,24,0,8,8,3,300,0,1
1773831624.940175,194.160,0.021,0,24,0,8,8,3,300,0,1
1773831626.937574,194.164,0.025,0,24,0,8,8,3,300,0,1
1773831628.941175,194.168,0.019,0,24,0,8,8,3,300,0,1
1773831630.941036,194.168,0.041,0,24,0,8,8,3,300,0,1
1773831632.938252,194.180,0.025,0,24,0,8,8,3,300,0,1
1773831634.939922,194.180,0.031,0,24,0,8,8,3,300,0,1
1773831636.940687,194.184,0.036,0,24,0,8,8,3,300,0,1
1773831638.940640,194.184,0.021,0,24,0,8,8,3,300,0,1
1773831640.940794,194.184,0.025,0,24,0,8,8,3,300,0,1
1773831642.941043,194.184,0.023,0,24,0,8,8,3,300,0,1
1773831644.940917,194.184,0.019,0,24,0,8,8,3,300,0,1
1773831646.937685,194.184,0.020,0,24,0,8,8,3,300,0,1
1773831648.939219,194.184,0.020,0,24,0,8,8,3,300,0,1
1773831650.941290,194.184,0.017,0,24,0,8,8,3,300,0,1
1773831652.938649,194.184,0.018,0,24,0,8,8,3,300,0,1
1773831654.940814,194.184,0.020,0,24,0,8,8,3,300,0,1
1773831656.939259,194.184,0.019,0,24,0,8,8,3,300,0,1
1773831658.937227,194.184,0.019,0,24,0,8,8,3,300,0,1
1773831660.940535,194.184,0.018,0,24,0,8,8,3,300,0,1
1773831662.941117,194.184,0.020,0,24,0,8,8,3,300,0,1
1773831664.940498,194.184,0.023,0,24,0,8,8,3,300,0,1
1773831666.938585,194.184,0.024,0,24,0,8,8,3,300,0,1
1773831668.940460,194.184,0.021,0,24,0,8,8,3,300,0,1
1773831670.940644,194.184,0.022,0,24,0,8,8,3,300,0,1
1773831672.938176,194.184,0.019,0,24,0,8,8,3,300,0,1
1773831674.937785,194.184,0.018,0,24,0,8,8,3,300,0,1
1773831676.940382,194.184,0.021,0,24,0,8,8,3,300,0,1
1773831678.940370,194.184,0.022,0,24,0,8,8,3,300,0,1
1773831680.942056,194.184,0.024,0,24,0,8,8,3,300,0,1
1773831682.938110,194.184,0.019,0,24,0,8,8,3,300,0,1
1773831684.940580,194.184,0.020,0,24,0,8,8,3,300,0,1
1773831686.940420,194.184,0.022,0,24,0,8,8,3,300,0,1
1773831688.940754,194.184,0.019,0,24,0,8,8,3,300,0,1
1773831690.937357,194.184,0.017,0,24,0,8,8,3,300,0,1
1773831692.937541,194.184,0.027,0,24,0,8,8,3,300,0,1
1773831694.940606,194.184,0.021,0,24,0,8,8,3,300,0,1
1773831696.941336,194.188,0.023,0,24,0,8,8,3,300,0,1
1773831698.938021,194.188,0.024,0,24,0,8,8,3,300,0,1
1773831700.940341,194.191,0.021,0,24,0,8,8,3,300,0,1
1773831702.938647,194.191,0.018,0,24,0,8,8,3,300,0,1
1773831704.940965,194.195,0.021,0,24,0,8,8,3,300,0,1
1773831706.940270,194.195,0.018,0,24,0,8,8,3,300,0,1
1773831708.940751,194.195,0.019,0,24,0,8,8,3,300,0,1
1773831710.940135,194.199,0.022,0,24,0,8,8,3,300,0,1
1773831712.940361,194.203,0.020,0,24,0,8,8,3,300,0,1
1773831714.939862,194.203,0.022,0,24,0,8,8,3,300,0,1
1773831716.941494,194.207,0.019,0,24,0,8,8,3,300,0,1
1773831718.938430,194.207,0.020,0,24,0,8,8,3,300,0,1
1773831720.937684,194.207,0.021,0,24,0,8,8,3,300,0,1
1773831722.938119,194.207,0.024,0,24,0,8,8,3,300,0,1
1773831724.940279,194.207,0.023,0,24,0,8,8,3,300,0,1
1773831726.939673,194.207,0.022,0,24,0,8,8,3,300,0,1
1773831728.940387,194.207,0.018,0,24,0,8,8,3,300,0,1
1773831730.937340,194.207,0.019,0,24,0,8,8,3,300,0,1
1773831732.940216,194.207,0.018,0,24,0,8,8,3,300,0,1
1773831734.940324,194.207,0.021,0,24,0,8,8,3,300,0,1
1773831736.940604,194.207,0.023,0,24,0,8,8,3,300,0,1
1773831738.940981,194.207,0.017,0,24,0,8,8,3,300,0,1
1773831740.940692,194.207,0.017,0,24,0,8,8,3,300,0,1
1773831742.940962,194.207,0.019,0,24,0,8,8,3,300,0,1
1773831744.940933,194.207,0.021,0,24,0,8,8,3,300,0,1
1773831746.939731,194.207,0.018,0,24,0,8,8,3,300,0,1
1773831748.940510,194.207,0.017,0,24,0,8,8,3,300,0,1
1773831750.939713,194.207,0.021,0,24,0,8,8,3,300,0,1
1773831752.940476,194.207,0.018,0,24,0,8,8,3,300,0,1
1773831754.938414,194.207,0.019,0,24,0,8,8,3,300,0,1
1773831756.939607,194.207,0.022,0,24,0,8,8,3,300,0,1
1773831758.942951,194.211,0.022,0,24,0,8,8,3,300,0,1
1773831760.940446,194.211,0.020,0,24,0,8,8,3,300,0,1
1773831762.940352,194.211,0.022,0,24,0,8,8,3,300,0,1
1773831764.940431,194.211,0.021,0,24,0,8,8,3,300,0,1
1773831766.940254,194.211,0.020,0,24,0,8,8,3,300,0,1
1773831768.938890,194.211,0.019,0,24,0,8,8,3,300,0,1
1773831770.938905,194.211,0.022,0,24,0,8,8,3,300,0,1
1773831772.941390,194.211,0.024,0,24,0,8,8,3,300,0,1
1773831774.940964,194.211,0.020,0,24,0,8,8,3,300,0,1
1773831776.940855,194.211,0.028,0,24,0,8,8,3,300,0,1
1773831778.940258,194.211,0.019,0,24,0,8,8,3,300,0,1
1773831780.939316,194.211,0.018,0,24,0,8,8,3,300,0,1
1773831782.941732,194.211,0.019,0,24,0,8,8,3,300,0,1
1773831784.939907,194.211,0.019,0,24,0,8,8,3,300,0,1
1773831786.938266,194.211,0.018,0,24,0,8,8,3,300,0,1
1773831788.940618,194.211,0.018,0,24,0,8,8,3,300,0,1
1773831790.941619,194.211,0.021,0,24,0,8,8,3,300,0,1
1773831792.941357,194.211,0.030,0,24,0,8,8,3,300,0,1
1773831794.941333,194.211,0.020,0,24,0,8,8,3,300,0,1
1773831796.940624,194.211,0.019,0,24,0,8,8,3,300,0,1
1773831798.937986,194.211,0.017,0,24,0,8,8,3,300,0,1
1773831800.938177,194.211,0.017,0,24,0,8,8,3,300,0,1
1773831802.940259,194.211,0.020,0,24,0,8,8,3,300,0,1
1773831804.937745,194.211,0.019,0,24,0,8,8,3,300,0,1
1773831806.940712,194.211,0.019,0,24,0,8,8,3,300,0,1
1773831808.940656,194.211,0.018,0,24,0,8,8,3,300,0,1
1773831810.940735,194.211,0.017,0,24,0,8,8,3,300,0,1
1773831812.940486,194.211,0.023,0,24,0,8,8,3,300,0,1
1773831814.940306,194.211,0.025,0,24,0,8,8,3,300,0,1
1773831816.940152,194.211,0.023,0,24,0,8,8,3,300,0,1
1773831818.940549,194.211,0.025,0,24,0,8,8,3,300,0,1
1773831820.940442,194.211,0.030,0,24,0,8,8,3,300,0,1
1773831822.939337,194.211,0.027,0,24,0,8,8,3,300,0,1
1773831824.940840,194.211,0.021,0,24,0,8,8,3,300,0,1
1773831826.940537,194.211,0.020,0,24,0,8,8,3,300,0,1
1773831828.941858,194.211,0.017,0,24,0,8,8,3,300,0,1
1773831830.940633,194.211,0.020,0,24,0,8,8,3,300,0,1
1773831832.940979,194.211,0.022,0,24,0,8,8,3,300,0,1
1773831834.940893,194.211,0.020,0,24,0,8,8,3,300,0,1
1773831836.940348,194.211,0.023,0,24,0,8,8,3,300,0,1
1773831838.940071,194.211,0.023,0,24,0,8,8,3,300,0,1
1773831840.940481,194.211,0.020,0,24,0,8,8,3,300,0,1
1773831842.938289,194.211,0.067,0,24,0,8,8,3,300,0,1
1773831844.940386,194.211,0.031,0,24,0,8,8,3,300,0,1
1773831846.939658,194.211,0.024,0,24,0,8,8,3,300,0,1
1773831848.937842,194.211,0.038,0,24,0,8,8,3,300,0,1
1773831850.937097,194.211,0.024,0,24,0,8,8,3,300,0,1
1773831852.937800,194.211,0.021,0,24,0,8,8,3,300,0,1
1773831854.941081,194.211,0.021,0,24,0,8,8,3,300,0,1
1773831856.940564,194.211,0.025,0,24,0,8,8,3,300,0,1
1773831858.940253,194.211,0.028,0,24,0,8,8,3,300,0,1
1773831860.940418,194.211,0.021,0,24,0,8,8,3,300,0,1
1773831862.940581,194.211,0.022,0,24,0,8,8,3,300,0,1
1773831864.941434,194.211,0.026,0,24,0,8,8,3,300,0,1
1773831866.940253,194.211,0.022,0,24,0,8,8,3,300,0,1
1773831868.938819,194.211,0.027,0,24,0,8,8,3,300,0,1
1773831870.940104,194.211,0.026,0,24,0,8,8,3,300,0,1
1773831872.936449,194.211,0.024,0,24,0,8,8,3,300,0,1
1773831874.939919,194.211,0.025,0,24,0,8,8,3,300,0,1
1773831876.940615,194.211,0.018,0,24,0,8,8,3,300,0,1
1773831878.940432,194.211,0.018,0,24,0,8,8,3,300,0,1
1773831880.940355,194.211,0.019,0,24,0,8,8,3,300,0,1
1773831882.939149,194.211,0.018,0,24,0,8,8,3,300,0,1
1773831884.938870,194.211,0.019,0,24,0,8,8,3,300,0,1
1773831886.940351,194.215,0.022,0,24,0,8,8,3,300,0,1
1773831888.943546,194.211,0.022,0,24,0,8,8,3,300,0,1
1773831890.940046,194.211,0.019,0,24,0,8,8,3,300,0,1
1773831892.938129,194.211,0.023,0,24,0,8,8,3,300,0,1
1773832315.890200,150.449,0.000,0,24,0,8,8,3,100,0,0
1773832317.878738,150.461,0.000,0,24,0,8,8,3,100,0,0
1773832319.874647,150.496,0.000,0,24,0,8,8,3,100,0,0
1773832321.879102,179.219,0.000,0,24,0,8,8,3,100,0,0
1773832323.874276,189.395,0.023,0,24,0,5,5,3,300,0,1
1773832325.875832,189.441,0.018,0,24,0,8,8,3,100,0,0
1773832327.877835,189.496,0.021,0,24,0,8,8,3,300,0,1
1773832329.874495,189.559,0.018,0,24,0,8,8,3,300,0,1
1773832331.879668,189.586,0.024,0,24,0,8,8,3,300,0,1
1773832333.874264,189.598,0.023,0,24,0,8,8,3,300,0,1
1773832335.875458,189.598,0.022,0,24,0,8,8,3,300,0,1
1773832337.879824,189.660,0.019,0,24,0,8,8,3,300,0,1
1773832339.877867,189.664,0.016,0,24,0,8,8,3,300,0,1
1773832341.874837,189.641,0.020,0,24,0,8,8,3,300,0,1
1773832343.873931,189.645,0.015,0,24,0,8,8,3,300,0,1
1773832345.879267,189.664,0.014,0,24,0,8,8,3,300,0,1
1773832347.873963,189.664,0.017,0,24,0,8,8,3,300,0,1
1773832349.874762,189.664,0.017,0,24,0,8,8,3,300,0,1
1773832351.876920,189.664,0.021,0,24,0,8,8,3,300,0,1
1773832353.875109,189.664,0.029,0,24,0,8,8,3,300,0,1
1773832355.874779,189.668,0.019,0,24,0,8,8,3,300,0,1
1773832357.877312,189.668,0.017,0,24,0,8,8,3,300,0,1
1773832359.874426,189.668,0.019,0,24,0,8,8,3,300,0,1
1773832361.874228,189.668,0.015,0,24,0,8,8,3,300,0,1
1773832363.874761,189.691,0.018,0,24,0,8,8,3,300,0,1
1773832365.880474,189.730,0.019,0,24,0,8,8,3,300,0,1
1773832367.874356,189.746,0.023,0,24,0,8,8,3,300,0,1
1773832369.879088,189.746,0.020,0,24,0,8,8,3,300,0,1
1773832371.880708,189.688,0.024,0,24,0,8,8,3,300,0,1
1773832373.919383,194.363,0.019,0,24,0,8,8,3,300,0,1
1773832375.879995,194.672,0.016,0,24,0,8,8,3,300,0,1
1773832377.874883,194.742,0.016,0,24,0,8,8,3,300,0,1
1773832379.874684,194.754,0.016,0,24,0,8,8,3,300,0,1
1773832381.874555,194.773,0.024,0,24,0,8,8,3,300,0,1
1773832383.877485,194.859,0.021,0,24,0,8,8,3,300,0,1
1773832385.881116,194.953,0.021,0,24,0,8,8,3,300,0,1
1773832387.874428,195.051,0.020,0,24,0,8,8,3,300,0,1
1773832389.875129,195.152,0.030,0,24,0,8,8,3,300,0,1
1773832391.874214,195.258,0.023,0,24,0,8,8,3,300,0,1
1773832393.876488,195.363,0.018,0,24,0,8,8,3,300,0,1
1773832395.879547,195.395,0.024,0,24,0,8,8,3,300,0,1
1773832397.880132,195.508,0.021,0,24,0,8,8,3,300,0,1
1773832399.874625,195.609,0.024,0,24,0,8,8,3,300,0,1
1773832401.877187,195.703,0.022,0,24,0,8,8,3,300,0,1
1773832403.879000,195.805,0.022,0,24,0,8,8,3,300,0,1
1773832405.875420,195.910,0.024,0,24,0,8,8,3,300,0,1
1773832407.875345,196.020,0.023,0,24,0,8,8,3,300,0,1
1773832409.874293,196.117,0.026,0,24,0,8,8,3,300,0,1
1773832411.877611,196.234,0.027,0,24,0,8,8,3,300,0,1
1773832413.874040,196.355,0.031,0,24,0,8,8,3,300,0,1
1773832415.873932,196.465,0.021,0,24,0,8,8,3,300,0,1
1773832417.878756,196.570,0.020,0,24,0,8,8,3,300,0,1
1773832419.873935,196.672,0.022,0,24,0,8,8,3,300,0,1
1773832421.875356,196.785,0.022,0,24,0,8,8,3,300,0,1
1773832423.875065,196.891,0.023,0,24,0,8,8,3,300,0,1
1773832425.876493,196.988,0.025,0,24,0,8,8,3,300,0,1
1773832427.876603,197.098,0.022,0,24,0,8,8,3,300,0,1
1773832429.874739,197.207,0.019,0,24,0,8,8,3,300,0,1
1773832431.874087,197.289,0.023,0,24,0,8,8,3,300,0,1
1773832433.877299,197.391,0.023,0,24,0,8,8,3,300,0,1
1773832435.874334,197.488,0.025,0,24,0,8,8,3,300,0,1
1773832437.874729,197.602,0.030,0,24,0,8,8,3,300,0,1
1773832439.877757,197.699,0.028,0,24,0,8,8,3,300,0,1
1773832441.878035,197.797,0.021,0,24,0,8,8,3,300,0,1
1773832443.874260,197.910,0.017,0,24,0,8,8,3,300,0,1
1773832445.874247,198.016,0.029,0,24,0,8,8,3,300,0,1
1773832447.876248,198.121,0.019,0,24,0,8,8,3,300,0,1
1773832449.878596,198.223,0.019,0,24,0,8,8,3,300,0,1
1773832451.877644,198.332,0.020,0,24,0,8,8,3,300,0,1
1773832453.878709,198.438,0.017,0,24,0,8,8,3,300,0,1
1773832455.876604,198.539,0.023,0,24,0,8,8,3,300,0,1
1773832457.879598,198.652,0.023,0,24,0,8,8,3,300,0,1
1773832459.878458,198.750,0.027,0,24,0,8,8,3,300,0,1
1773832461.874117,198.852,0.025,0,24,0,8,8,3,300,0,1
1773832463.874101,198.965,0.021,0,24,0,8,8,3,300,0,1
1773832465.875868,199.066,0.025,0,24,0,8,8,3,300,0,1
1773832467.876784,199.156,0.021,0,24,0,8,8,3,300,0,1
1773832469.873990,199.270,0.020,0,24,0,8,8,3,300,0,1
1773832471.876550,199.383,0.019,0,24,0,8,8,3,300,0,1
1773832473.875687,199.480,0.024,0,24,0,8,8,3,300,0,1
1773832475.874898,199.590,0.019,0,24,0,8,8,3,300,0,1
1773832477.878749,199.699,0.025,0,24,0,8,8,3,300,0,1
1773832479.880007,199.805,0.020,0,24,0,8,8,3,300,0,1
1773832481.879003,199.895,0.023,0,24,0,8,8,3,300,0,1
1773832483.875832,200.004,0.020,0,24,0,8,8,3,300,0,1
1773832485.874445,200.102,0.029,0,24,0,8,8,3,300,0,1
1773832487.876059,200.230,0.027,0,24,0,8,8,3,300,0,1
1773832489.878578,200.332,0.022,0,24,0,8,8,3,300,0,1
1773832491.874375,200.449,0.024,0,24,0,8,8,3,300,0,1
1773832493.878690,200.559,0.019,0,24,0,8,8,3,300,0,1
1773832495.874681,200.652,0.025,0,24,0,8,8,3,300,0,1
1773832497.874220,200.777,0.020,0,24,0,8,8,3,300,0,1
1773832499.874549,200.879,0.027,0,24,0,8,8,3,300,0,1
1773832501.879359,200.984,0.025,0,24,0,8,8,3,300,0,1
1773832503.874562,201.094,0.017,0,24,0,8,8,3,300,0,1
1773832505.878748,201.207,0.020,0,24,0,8,8,3,300,0,1
1773832507.875251,201.309,0.020,0,24,0,8,8,3,300,0,1
1773832509.875356,201.410,0.020,0,24,0,8,8,3,300,0,1
1773832511.877494,201.508,0.033,0,24,0,8,8,3,300,0,1
1773832513.879194,201.613,0.023,0,24,0,8,8,3,300,0,1
1773832515.874932,201.723,0.019,0,24,0,8,8,3,300,0,1
1773832517.874701,201.828,0.020,0,24,0,8,8,3,300,0,1
1773832519.875571,201.930,0.032,0,24,0,8,8,3,300,0,1
1773832521.878363,202.035,0.022,0,24,0,8,8,3,300,0,1
1773832523.875580,202.141,0.019,0,24,0,8,8,3,300,0,1
1773832525.873993,202.238,0.020,0,24,0,8,8,3,300,0,1
1773832527.874895,202.348,0.023,0,24,0,8,8,3,300,0,1
1773832529.878221,202.445,0.029,0,24,0,8,8,3,300,0,1
1773832531.879195,202.559,0.022,0,24,0,8,8,3,300,0,1
1773832533.878087,202.664,0.019,0,24,0,8,8,3,300,0,1
1773832535.878132,202.762,0.022,0,24,0,8,8,3,300,0,1
1773832537.879610,202.871,0.020,0,24,0,8,8,3,300,0,1
1773832539.873962,202.965,0.022,0,24,0,8,8,3,300,0,1
1773832541.875769,203.070,0.020,0,24,0,8,8,3,300,0,1
1773832543.876777,203.176,0.021,0,24,0,8,8,3,300,0,1
1773832545.877752,203.281,0.019,0,24,0,8,8,3,300,0,1
1773832547.878742,203.391,0.021,0,24,0,8,8,3,300,0,1
1773832549.876152,203.496,0.045,0,24,0,8,8,3,300,0,1
1773832551.874948,203.598,0.025,0,24,0,8,8,3,300,0,1
1773832553.874219,203.699,0.024,0,24,0,8,8,3,300,0,1
1773832555.879097,203.812,0.022,0,24,0,8,8,3,300,0,1
1773832557.874972,203.914,0.032,0,24,0,8,8,3,300,0,1
1773832559.874123,204.035,0.024,0,24,0,8,8,3,300,0,1
1773832561.876838,204.141,0.021,0,24,0,8,8,3,300,0,1
1773832563.873934,204.246,0.017,0,24,0,8,8,3,300,0,1
1773832565.874438,204.355,0.020,0,24,0,8,8,3,300,0,1
1773832567.877583,204.461,0.028,0,24,0,8,8,3,300,0,1
1773832569.875604,204.574,0.025,0,24,0,8,8,3,300,0,1
1773832571.874483,204.676,0.017,0,24,0,8,8,3,300,0,1
1773832573.878448,204.789,0.018,0,24,0,8,8,3,300,0,1
1773832575.874899,204.910,0.020,0,24,0,8,8,3,300,0,1
1773832577.879049,197.547,0.026,0,24,0,8,8,3,300,0,1
1773832579.874168,195.062,0.024,0,24,0,8,8,3,300,0,1
1773832581.876881,195.133,0.020,0,24,0,8,8,3,300,0,1
1773832583.874153,195.234,0.022,0,24,0,8,8,3,300,0,1
1773832585.874114,195.328,0.020,0,24,0,8,8,3,300,0,1
1773832587.877116,195.434,0.026,0,24,0,8,8,3,300,0,1
1773832589.874301,195.531,0.024,0,24,0,8,8,3,300,0,1
1773832591.878604,195.637,0.023,0,24,0,8,8,3,300,0,1
1773832593.880414,195.738,0.019,0,24,0,8,8,3,300,0,1
1773832595.877411,195.848,0.022,0,24,0,8,8,3,300,0,1
1773832597.879724,195.949,0.019,0,24,0,8,8,3,300,0,1
1773832599.875815,196.059,0.023,0,24,0,8,8,3,300,0,1
1773832601.875368,196.164,0.022,0,24,0,8,8,3,300,0,1
1773832603.879000,196.254,0.019,0,24,0,8,8,3,300,0,1
1773832605.877953,196.355,0.018,0,24,0,8,8,3,300,0,1
1773832607.877800,196.457,0.018,0,24,0,8,8,3,300,0,1
1773832609.874825,196.562,0.030,0,24,0,8,8,3,300,0,1
1773832611.874776,196.695,0.025,0,24,0,8,8,3,300,0,1
1773832613.879316,196.801,0.019,0,24,0,8,8,3,300,0,1
1773832615.877700,196.902,0.026,0,24,0,8,8,3,300,0,1
1773832617.875354,197.004,0.021,0,24,0,8,8,3,300,0,1
1773832619.874483,197.094,0.030,0,24,0,8,8,3,300,0,1
1773832621.874184,197.211,0.021,0,24,0,8,8,3,300,0,1
1773832623.877389,197.312,0.017,0,24,0,8,8,3,300,0,1
1773832625.879170,197.414,0.020,0,24,0,8,8,3,300,0,1
1773832627.874706,197.523,0.022,0,24,0,8,8,3,300,0,1
1773832629.874151,197.621,0.025,0,24,0,8,8,3,300,0,1
1773832631.874111,197.727,0.022,0,24,0,8,8,3,300,0,1
1773832633.877936,197.836,0.020,0,24,0,8,8,3,300,0,1
1773832635.877922,197.934,0.020,0,24,0,8,8,3,300,0,1
1773832637.874432,198.031,0.020,0,24,0,8,8,3,300,0,1
1773832639.874397,198.137,0.021,0,24,0,8,8,3,300,0,1
1773832641.877317,198.234,0.022,0,24,0,8,8,3,300,0,1
1773832643.874304,198.336,0.020,0,24,0,8,8,3,300,0,1
1773832645.876575,198.441,0.018,0,24,0,8,8,3,300,0,1
1773832647.879102,198.539,0.017,0,24,0,8,8,3,300,0,1
1773832649.875011,198.641,0.022,0,24,0,8,8,3,300,0,1
1773832651.874277,198.750,0.021,0,24,0,8,8,3,300,0,1
1773832653.875434,198.848,0.024,0,24,0,8,8,3,300,0,1
1773832655.877573,198.945,0.030,0,24,0,8,8,3,300,0,1
1773832657.875710,199.047,0.023,0,24,0,8,8,3,300,0,1
1773832659.877712,199.148,0.025,0,24,0,8,8,3,300,0,1
1773832661.876062,199.262,0.030,0,24,0,8,8,3,300,0,1
1773832663.878881,199.363,0.037,0,24,0,8,8,3,300,0,1
1773832665.874959,199.465,0.023,0,24,0,8,8,3,300,0,1
1773832667.876913,199.574,0.023,0,24,0,8,8,3,300,0,1
1773832669.874514,199.672,0.022,0,24,0,8,8,3,300,0,1
1773832671.875528,199.777,0.030,0,24,0,8,8,3,300,0,1
1773832673.874200,199.891,0.026,0,24,0,8,8,3,300,0,1
1773832675.874340,199.996,0.021,0,24,0,8,8,3,300,0,1
1773832677.879603,200.098,0.030,0,24,0,8,8,3,300,0,1
1773832679.874527,200.230,0.020,0,24,0,8,8,3,300,0,1
1773832681.874138,200.344,0.018,0,24,0,8,8,3,300,0,1
1773832683.874566,200.445,0.021,0,24,0,8,8,3,300,0,1
1773832685.874199,200.562,0.023,0,24,0,8,8,3,300,0,1
1773832687.875437,200.664,0.027,0,24,0,8,8,3,300,0,1
1773832689.873999,200.777,0.045,0,24,0,8,8,3,300,0,1
1773832691.874476,200.883,0.022,0,24,0,8,8,3,300,0,1
1773832693.874280,200.992,0.019,0,24,0,8,8,3,300,0,1
1773832695.879374,201.102,0.024,0,24,0,8,8,3,300,0,1
1773832697.874629,201.207,0.029,0,24,0,8,8,3,300,0,1
1773832699.879930,201.316,0.026,0,24,0,8,8,3,300,0,1
1773832701.874628,201.418,0.026,0,24,0,8,8,3,300,0,1
1773832703.875597,201.508,0.019,0,24,0,8,8,3,300,0,1
1773832705.874756,201.621,0.028,0,24,0,8,8,3,300,0,1
1773832707.878938,201.715,0.024,0,24,0,8,8,3,300,0,1
1773832709.874335,201.824,0.023,0,24,0,8,8,3,300,0,1
1773832711.877912,201.922,0.023,0,24,0,8,8,3,300,0,1
1773832713.874552,202.031,0.024,0,24,0,8,8,3,300,0,1
1773832715.876846,202.129,0.020,0,24,0,8,8,3,300,0,1
1773832717.874603,202.230,0.022,0,24,0,8,8,3,300,0,1
1773832719.875127,202.332,0.020,0,24,0,8,8,3,300,0,1
1773832721.875664,202.430,0.018,0,24,0,8,8,3,300,0,1
1773832723.874738,202.535,0.018,0,24,0,8,8,3,300,0,1
1773832725.874059,202.641,0.019,0,24,0,8,8,3,300,0,1
1773832727.878796,202.734,0.017,0,24,0,8,8,3,300,0,1
1773832729.874617,202.840,0.016,0,24,0,8,8,3,300,0,1
1773832731.874647,202.941,0.023,0,24,0,8,8,3,300,0,1
1773832733.874503,203.043,0.022,0,24,0,8,8,3,300,0,1
1773832735.874759,203.148,0.020,0,24,0,8,8,3,300,0,1
1773832737.875058,203.242,0.021,0,24,0,8,8,3,300,0,1
1773832739.874332,203.348,0.028,0,24,0,8,8,3,300,0,1
1773832741.877736,203.449,0.028,0,24,0,8,8,3,300,0,1
1773832743.874193,203.559,0.024,0,24,0,8,8,3,300,0,1
1773832745.874051,203.652,0.019,0,24,0,8,8,3,300,0,1
1773832747.874682,203.762,0.023,0,24,0,8,8,3,300,0,1
1773832749.876794,203.848,0.025,0,24,0,8,8,3,300,0,1
1773832751.875091,203.949,0.026,0,24,0,8,8,3,300,0,1
1773832753.875369,204.051,0.019,0,24,0,8,8,3,300,0,1
1773832755.878268,204.152,0.025,0,24,0,8,8,3,300,0,1
1773832757.875068,204.254,0.023,0,24,0,8,8,3,300,0,1
1773832759.874434,204.359,0.019,0,24,0,8,8,3,300,0,1
1773832761.875812,204.453,0.020,0,24,0,8,8,3,300,0,1
1773832763.876382,204.562,0.029,0,24,0,8,8,3,300,0,1
1773832765.874038,204.664,0.025,0,24,0,8,8,3,300,0,1
1773832767.874216,204.766,0.026,0,24,0,8,8,3,300,0,1
1773832769.874473,204.863,0.024,0,24,0,8,8,3,300,0,1
1773832771.874224,204.973,0.019,0,24,0,8,8,3,300,0,1
1773832773.875479,205.086,0.021,0,24,0,8,8,3,300,0,1
1773832775.874969,198.199,0.021,0,24,0,8,8,3,300,0,1
1773832777.877576,195.109,0.019,0,24,0,8,8,3,300,0,1
1773832779.877822,195.191,0.020,0,24,0,8,8,3,300,0,1
1773832781.874105,195.297,0.025,0,24,0,8,8,3,300,0,1
1773832783.874535,195.402,0.019,0,24,0,8,8,3,300,0,1
1773832785.874585,195.504,0.018,0,24,0,8,8,3,300,0,1
1773832787.874601,195.602,0.018,0,24,0,8,8,3,300,0,1
1773832789.875027,195.703,0.017,0,24,0,8,8,3,300,0,1
1773832791.874662,195.805,0.020,0,24,0,8,8,3,300,0,1
1773832793.879054,195.910,0.021,0,24,0,8,8,3,300,0,1
1773832795.874702,196.016,0.018,0,24,0,8,8,3,300,0,1
1773832797.874307,196.121,0.020,0,24,0,8,8,3,300,0,1
1773832799.874311,196.230,0.026,0,24,0,8,8,3,300,0,1
1773832801.874678,196.328,0.019,0,24,0,8,8,3,300,0,1
1773832803.879606,196.441,0.017,0,24,0,8,8,3,300,0,1
1773832805.877392,196.535,0.023,0,24,0,8,8,3,300,0,1
1773832807.874149,196.641,0.026,0,24,0,8,8,3,300,0,1
1773832809.876565,196.750,0.020,0,24,0,8,8,3,300,0,1
1773832811.874285,196.848,0.024,0,24,0,8,8,3,300,0,1
1773832813.874456,196.957,0.025,0,24,0,8,8,3,300,0,1
1773832815.874861,197.062,0.028,0,24,0,8,8,3,300,0,1
1773832817.874409,197.160,0.026,0,24,0,8,8,3,300,0,1
1773832819.874462,197.270,0.025,0,24,0,8,8,3,300,0,1
1773832821.874514,197.352,0.019,0,24,0,8,8,3,300,0,1
1773832823.874641,197.457,0.021,0,24,0,8,8,3,300,0,1
1773832825.877507,197.559,0.020,0,24,0,8,8,3,300,0,1
1773832827.875457,197.664,0.019,0,24,0,8,8,3,300,0,1
1773832829.878841,197.766,0.018,0,24,0,8,8,3,300,0,1
1773832831.875393,197.867,0.026,0,24,0,8,8,3,300,0,1
1773832833.875458,197.965,0.022,0,24,0,8,8,3,300,0,1
1773832835.874235,198.066,0.024,0,24,0,8,8,3,300,0,1
1773832837.877963,198.164,0.029,0,24,0,8,8,3,300,0,1
1773832839.873849,198.273,0.021,0,24,0,8,8,3,300,0,1
1773832841.876741,198.375,0.019,0,24,0,8,8,3,300,0,1
1773832843.878343,198.473,0.019,0,24,0,8,8,3,300,0,1
1773832845.879061,198.582,0.017,0,24,0,8,8,3,300,0,1
1773832847.878612,198.684,0.019,0,24,0,8,8,3,300,0,1
1773832849.879772,198.785,0.023,0,24,0,8,8,3,300,0,1
1773832851.879080,198.887,0.031,0,24,0,8,8,3,300,0,1
1773832853.878346,198.980,0.023,0,24,0,8,8,3,300,0,1
1773832855.878625,199.090,0.021,0,24,0,8,8,3,300,0,1
1773832857.874071,199.188,0.023,0,24,0,8,8,3,300,0,1
1773832859.875845,199.293,0.020,0,24,0,8,8,3,300,0,1
1773832861.876709,199.391,0.022,0,24,0,8,8,3,300,0,1
1773832863.879374,199.496,0.026,0,24,0,8,8,3,300,0,1
1773832865.878354,199.602,0.029,0,24,0,8,8,3,300,0,1
1773832867.875146,199.703,0.028,0,24,0,8,8,3,300,0,1
1773832869.874682,199.809,0.023,0,24,0,8,8,3,300,0,1
1773832871.874763,199.898,0.023,0,24,0,8,8,3,300,0,1
1773832873.880515,200.008,0.020,0,24,0,8,8,3,300,0,1
1773832875.875489,200.102,0.031,0,24,0,8,8,3,300,0,1
1773832877.873770,200.211,0.021,0,24,0,8,8,3,300,0,1
1773832879.874457,200.316,0.019,0,24,0,8,8,3,300,0,1
1773832881.877970,200.410,0.018,0,24,0,8,8,3,300,0,1
1773832883.877354,200.527,0.019,0,24,0,8,8,3,300,0,1
1773832885.878565,200.629,0.019,0,24,0,8,8,3,300,0,1
1773832887.874753,200.727,0.020,0,24,0,8,8,3,300,0,1
1773832889.877255,200.832,0.022,0,24,0,8,8,3,300,0,1
1773832891.877211,200.930,0.026,0,24,0,8,8,3,300,0,1
1773832893.874954,201.035,0.020,0,24,0,8,8,3,300,0,1
1773832895.874138,201.141,0.019,0,24,0,8,8,3,300,0,1
1773832897.874425,201.242,0.023,0,24,0,8,8,3,300,0,1
1773832899.877005,201.340,0.024,0,24,0,8,8,3,300,0,1
1773832901.874269,201.445,0.021,0,24,0,8,8,3,300,0,1
1773832903.874243,201.551,0.024,0,24,0,8,8,3,300,0,1
1773832905.875597,201.645,0.019,0,24,0,8,8,3,300,0,1
1773832907.874209,201.742,0.021,0,24,0,8,8,3,300,0,1
1773832909.874944,201.848,0.024,0,24,0,8,8,3,300,0,1
1773832911.878785,201.961,0.021,0,24,0,8,8,3,300,0,1
1773832913.874579,202.066,0.038,0,24,0,8,8,3,300,0,1
1773832915.874503,202.164,0.024,0,24,0,8,8,3,300,0,1
1773832917.873630,202.281,0.020,0,24,0,8,8,3,300,0,1
1773832919.875431,202.371,0.024,0,24,0,8,8,3,300,0,1
1773832921.874264,202.473,0.018,0,24,0,8,8,3,300,0,1
1773832923.877410,202.570,0.020,0,24,0,8,8,3,300,0,1
1773832925.874366,202.672,0.018,0,24,0,8,8,3,300,0,1
1773832927.875849,202.781,0.019,0,24,0,8,8,3,300,0,1
1773832929.875146,202.898,0.030,0,24,0,8,8,3,300,0,1
1773832931.874263,203.020,0.019,0,24,0,8,8,3,300,0,1
1773832933.878711,203.129,0.023,0,24,0,8,8,3,300,0,1
1773832935.876402,203.234,0.026,0,24,0,8,8,3,300,0,1
1773832937.877396,203.355,0.036,0,24,0,8,8,3,300,0,1
1773832939.877398,203.445,0.027,0,24,0,8,8,3,300,0,1
1773832941.874951,203.559,0.026,0,24,0,8,8,3,300,0,1
1773832943.877528,203.660,0.026,0,24,0,8,8,3,300,0,1
1773832945.876086,203.762,0.027,0,24,0,8,8,3,300,0,1
1773832947.878524,203.871,0.023,0,24,0,8,8,3,300,0,1
1773832949.875099,203.969,0.021,0,24,0,8,8,3,300,0,1
1773832951.880346,204.074,0.027,0,24,0,8,8,3,300,0,1
1773832953.874755,204.176,0.020,0,24,0,8,8,3,300,0,1
1773832955.877016,204.270,0.023,0,24,0,8,8,3,300,0,1
1773832957.873804,204.371,0.022,0,24,0,8,8,3,300,0,1
1773832959.878697,204.477,0.021,0,24,0,8,8,3,300,0,1
1773832961.876007,204.574,0.025,0,24,0,8,8,3,300,0,1
1773832963.878920,204.684,0.160,0,24,0,8,8,3,300,0,1
1773832965.879133,204.781,0.056,0,24,0,8,8,3,300,0,1
1773832967.874824,204.887,0.034,0,24,0,8,8,3,300,0,1
1773832969.877427,204.988,0.023,0,24,0,8,8,3,300,0,1
1773832971.874641,205.082,0.022,0,24,0,8,8,3,300,0,1
1773832973.876724,205.246,0.021,0,24,0,8,8,3,300,0,1
1773832975.874228,195.086,0.021,0,24,0,8,8,3,300,0,1
1773832977.875624,195.199,0.068,0,24,0,8,8,3,300,0,1
1773832979.877641,195.277,0.033,0,24,0,8,8,3,300,0,1
1773832981.874480,195.379,0.026,0,24,0,8,8,3,300,0,1
1773832983.877613,195.480,0.022,0,24,0,8,8,3,300,0,1
1773832985.876485,195.586,0.020,0,24,0,8,8,3,300,0,1
1773832987.874227,195.691,0.024,0,24,0,8,8,3,300,0,1
1773832989.877262,195.785,0.049,0,24,0,8,8,3,300,0,1
1773832991.875654,195.887,0.037,0,24,0,8,8,3,300,0,1
1773832993.874661,195.996,0.024,0,24,0,8,8,3,300,0,1
1773832995.879333,196.094,0.023,0,24,0,8,8,3,300,0,1
1773832997.873968,196.203,0.020,0,24,0,8,8,3,300,0,1
1773832999.879254,196.305,0.028,0,24,0,8,8,3,300,0,1
1773833001.873875,196.406,0.020,0,24,0,8,8,3,300,0,1
1773833003.874363,196.516,0.018,0,24,0,8,8,3,300,0,1
1773833005.877263,196.613,0.024,0,24,0,8,8,3,300,0,1
1773833007.879602,196.715,0.028,0,24,0,8,8,3,300,0,1
1773833009.877124,196.820,0.022,0,24,0,8,8,3,300,0,1
1773833011.873815,196.926,0.022,0,24,0,8,8,3,300,0,1
1773833013.875458,197.031,0.020,0,24,0,8,8,3,300,0,1
1773833015.876408,197.129,0.021,0,24,0,8,8,3,300,0,1
1773833017.877347,197.227,0.020,0,24,0,8,8,3,300,0,1
1773833019.874058,197.332,0.021,0,24,0,8,8,3,300,0,1
1773833021.874115,197.434,0.021,0,24,0,8,8,3,300,0,1
1773833023.878605,197.535,0.024,0,24,0,8,8,3,300,0,1
1773833025.876975,197.633,0.019,0,24,0,8,8,3,300,0,1
1773833027.874413,197.738,0.062,0,24,0,8,8,3,300,0,1
1773833029.879316,197.840,0.030,0,24,0,8,8,3,300,0,1
1773833031.875693,197.930,0.020,0,24,0,8,8,3,300,0,1
1773833033.874064,198.031,0.022,0,24,0,8,8,3,300,0,1
1773833035.873865,198.145,0.020,0,24,0,8,8,3,300,0,1
1773833037.877076,198.242,0.027,0,24,0,8,8,3,300,0,1
1773833039.878957,198.336,0.026,0,24,0,8,8,3,300,0,1
1773833041.879575,198.438,0.025,0,24,0,8,8,3,300,0,1
1773833043.880438,198.535,0.042,0,24,0,8,8,3,300,0,1
1773833045.879014,198.641,0.031,0,24,0,8,8,3,300,0,1
1773833047.874187,198.746,0.024,0,24,0,8,8,3,300,0,1
1773833049.877455,198.848,0.027,0,24,0,8,8,3,300,0,1
1773833051.874604,198.945,0.020,0,24,0,8,8,3,300,0,1
1773833053.874341,199.059,0.021,0,24,0,8,8,3,300,0,1
1773833055.874851,199.152,0.023,0,24,0,8,8,3,300,0,1
1773833057.874138,199.250,0.019,0,24,0,8,8,3,300,0,1
1773833059.875349,199.352,0.020,0,24,0,8,8,3,300,0,1
1773833061.874639,199.453,0.021,0,24,0,8,8,3,300,0,1
1773833063.878966,199.555,0.021,0,24,0,8,8,3,300,0,1
1773833065.875835,199.656,0.020,0,24,0,8,8,3,300,0,1
1773833067.874670,199.766,0.020,0,24,0,8,8,3,300,0,1
1773833069.877952,199.871,0.022,0,24,0,8,8,3,300,0,1
1773833071.874430,199.957,0.019,0,24,0,8,8,3,300,0,1
1773833073.878547,200.070,0.021,0,24,0,8,8,3,300,0,1
1773833075.875010,200.168,0.030,0,24,0,8,8,3,300,0,1
1773833077.877752,200.270,0.020,0,24,0,8,8,3,300,0,1
1773833079.874712,200.371,0.021,0,24,0,8,8,3,300,0,1
1773833081.874613,200.480,0.020,0,24,0,8,8,3,300,0,1
1773833083.875072,200.578,0.020,0,24,0,8,8,3,300,0,1
1773833085.874954,200.676,0.021,0,24,0,8,8,3,300,0,1
1773833087.874000,200.781,0.017,0,24,0,8,8,3,300,0,1
1773833089.879332,200.879,0.031,0,24,0,8,8,3,300,0,1
1773833091.874058,200.992,0.039,0,24,0,8,8,3,300,0,1
1773833093.877507,201.086,0.023,0,24,0,8,8,3,300,0,1
1773833095.878512,201.188,0.017,0,24,0,8,8,3,300,0,1
1773833097.880693,201.285,0.018,0,24,0,8,8,3,300,0,1
1773833099.874656,201.391,0.026,0,24,0,8,8,3,300,0,1
1773833101.878851,201.492,0.026,0,24,0,8,8,3,300,0,1
1773833103.874343,201.602,0.020,0,24,0,8,8,3,300,0,1
1773833105.874642,201.695,0.022,0,24,0,8,8,3,300,0,1
1773833107.874601,201.797,0.020,0,24,0,8,8,3,300,0,1
1773833109.879770,201.902,0.021,0,24,0,8,8,3,300,0,1
1773833111.877323,202.004,0.021,0,24,0,8,8,3,300,0,1
1773833113.873985,202.105,0.019,0,24,0,8,8,3,300,0,1
1773833115.876530,202.203,0.029,0,24,0,8,8,3,300,0,1
1773833117.875007,202.309,0.019,0,24,0,8,8,3,300,0,1
1773833119.877956,202.406,0.018,0,24,0,8,8,3,300,0,1
1773833121.877812,202.516,0.025,0,24,0,8,8,3,300,0,1
1773833123.877208,202.609,0.023,0,24,0,8,8,3,300,0,1
1773833125.878113,202.707,0.022,0,24,0,8,8,3,300,0,1
1773833127.874732,202.816,0.018,0,24,0,8,8,3,300,0,1
1773833129.874895,202.930,0.020,0,24,0,8,8,3,300,0,1
1773833131.877597,203.035,0.016,0,24,0,8,8,3,300,0,1
1773833133.877841,203.137,0.023,0,24,0,8,8,3,300,0,1
1773833135.876004,203.246,0.024,0,24,0,8,8,3,300,0,1
1773833137.874392,203.348,0.027,0,24,0,8,8,3,300,0,1
1773833139.878598,203.445,0.024,0,24,0,8,8,3,300,0,1
1773833141.879430,203.551,0.026,0,24,0,8,8,3,300,0,1
1773833143.874964,203.656,0.025,0,24,0,8,8,3,300,0,1
1773833145.877279,203.773,0.028,0,24,0,8,8,3,300,0,1
1773833147.874071,203.875,0.032,0,24,0,8,8,3,300,0,1
1773833149.878907,203.984,0.029,0,24,0,8,8,3,300,0,1
1773833151.876463,204.094,0.024,0,24,0,8,8,3,300,0,1
1773833153.879509,204.191,0.028,0,24,0,8,8,3,300,0,1
1773833155.873967,204.297,0.020,0,24,0,8,8,3,300,0,1
1773833157.874461,204.395,0.027,0,24,0,8,8,3,300,0,1
1773833159.874247,204.504,0.023,0,24,0,8,8,3,300,0,1
1773833161.877427,204.617,0.021,0,24,0,8,8,3,300,0,1
1773833163.877534,204.719,0.018,0,24,0,8,8,3,300,0,1
1773833165.877982,204.828,0.030,0,24,0,8,8,3,300,0,1
1773833167.875337,204.930,0.033,0,24,0,8,8,3,300,0,1
1773833169.874300,205.039,0.023,0,24,0,8,8,3,300,0,1
1773833171.874108,205.207,0.022,0,24,0,8,8,3,300,0,1
1773833173.874582,195.059,0.018,0,24,0,8,8,3,300,0,1
1773833175.874473,195.172,0.031,0,24,0,8,8,3,300,0,1
1773833177.879574,195.250,0.023,0,24,0,8,8,3,300,0,1
1773833179.874674,195.359,0.018,0,24,0,8,8,3,300,0,1
1773833181.874964,195.453,0.017,0,24,0,8,8,3,300,0,1
1773833183.874421,195.562,0.019,0,24,0,8,8,3,300,0,1
1773833185.874696,195.664,0.017,0,24,0,8,8,3,300,0,1
1773833187.873735,195.773,0.019,0,24,0,8,8,3,300,0,1
1773833189.874483,195.859,0.020,0,24,0,8,8,3,300,0,1
1773833191.878765,195.961,0.021,0,24,0,8,8,3,300,0,1
1773833193.877900,196.074,0.021,0,24,0,8,8,3,300,0,1
1773833195.878440,196.172,0.018,0,24,0,8,8,3,300,0,1
1773833197.878688,196.273,0.022,0,24,0,8,8,3,300,0,1
1773833199.878809,196.379,0.020,0,24,0,8,8,3,300,0,1
1773833201.879166,196.496,0.023,0,24,0,8,8,3,300,0,1
1773833203.874487,196.594,0.020,0,24,0,8,8,3,300,0,1
1773833205.879109,196.699,0.017,0,24,0,8,8,3,300,0,1
1773833207.874217,196.793,0.031,0,24,0,8,8,3,300,0,1
1773833209.875133,196.895,0.022,0,24,0,8,8,3,300,0,1
1773833211.874217,196.992,0.026,0,24,0,8,8,3,300,0,1
1773833213.878375,197.090,0.031,0,24,0,8,8,3,300,0,1
1773833215.874348,197.195,0.022,0,24,0,8,8,3,300,0,1
1773833217.874495,197.301,0.026,0,24,0,8,8,3,300,0,1
1773833219.876683,197.402,0.025,0,24,0,8,8,3,300,0,1
1773833221.878501,197.508,0.017,0,24,0,8,8,3,300,0,1
1773833223.879685,197.598,0.026,0,24,0,8,8,3,300,0,1
1773833225.873771,197.707,0.019,0,24,0,8,8,3,300,0,1
1773833227.877249,197.805,0.024,0,24,0,8,8,3,300,0,1
1773833229.874195,197.906,0.023,0,24,0,8,8,3,300,0,1
1773833231.877551,198.008,0.019,0,24,0,8,8,3,300,0,1
1773833233.875988,198.117,0.023,0,24,0,8,8,3,300,0,1
1773833235.873686,198.219,0.027,0,24,0,8,8,3,300,0,1
1773833237.874132,198.324,0.023,0,24,0,8,8,3,300,0,1
1773833239.876563,198.422,0.019,0,24,0,8,8,3,300,0,1
1773833241.879430,198.520,0.020,0,24,0,8,8,3,300,0,1
1773833243.878647,198.621,0.020,0,24,0,8,8,3,300,0,1
1773833245.874490,198.719,0.022,0,24,0,8,8,3,300,0,1
1773833247.878133,198.824,0.022,0,24,0,8,8,3,300,0,1
1773833249.874489,198.926,0.021,0,24,0,8,8,3,300,0,1
1773833251.877312,199.031,0.019,0,24,0,8,8,3,300,0,1
1773833253.877129,199.129,0.017,0,24,0,8,8,3,300,0,1
1773833255.879473,199.238,0.024,0,24,0,8,8,3,300,0,1
1773833257.878955,199.328,0.021,0,24,0,8,8,3,300,0,1
1773833259.874398,199.430,0.021,0,24,0,8,8,3,300,0,1
1773833261.874415,199.539,0.018,0,24,0,8,8,3,300,0,1
1773833263.875735,199.637,0.025,0,24,0,8,8,3,300,0,1
1773833265.878695,199.742,0.022,0,24,0,8,8,3,300,0,1
1773833267.874279,199.844,0.023,0,24,0,8,8,3,300,0,1
1773833269.874391,199.949,0.020,0,24,0,8,8,3,300,0,1
1773833271.876937,200.051,0.026,0,24,0,8,8,3,300,0,1
1773833273.878782,200.148,0.029,0,24,0,8,8,3,300,0,1
1773833275.878259,200.246,0.022,0,24,0,8,8,3,300,0,1
1773833277.877680,200.352,0.023,0,24,0,8,8,3,300,0,1
1773833279.878563,200.457,0.025,0,24,0,8,8,3,300,0,1
1773833281.874611,200.566,0.019,0,24,0,8,8,3,300,0,1
1773833283.878248,200.676,0.022,0,24,0,8,8,3,300,0,1
1773833285.874596,200.785,0.020,0,24,0,8,8,3,300,0,1
1773833287.874223,200.887,0.024,0,24,0,8,8,3,300,0,1
1773833289.877675,200.996,0.023,0,24,0,8,8,3,300,0,1
1773833291.875385,201.098,0.021,0,24,0,8,8,3,300,0,1
1773833293.874930,201.191,0.025,0,24,0,8,8,3,300,0,1
1773833295.876362,201.297,0.021,0,24,0,8,8,3,300,0,1
1773833297.874075,201.406,0.019,0,24,0,8,8,3,300,0,1
1773833299.874552,201.500,0.026,0,24,0,8,8,3,300,0,1
1773833301.874000,201.605,0.020,0,24,0,8,8,3,300,0,1
1773833303.873968,201.707,0.015,0,24,0,8,8,3,300,0,1
1773833305.874032,201.809,0.016,0,24,0,8,8,3,300,0,1
1773833307.879882,201.906,0.022,0,24,0,8,8,3,300,0,1
1773833309.876822,202.016,0.055,0,24,0,8,8,3,300,0,1
1773833311.874477,202.109,0.026,0,24,0,8,8,3,300,0,1
1773833313.876024,202.215,0.020,0,24,0,8,8,3,300,0,1
1773833315.874197,202.320,0.022,0,24,0,8,8,3,300,0,1
1773833317.875532,202.422,0.027,0,24,0,8,8,3,300,0,1
1773833319.876439,202.523,0.020,0,24,0,8,8,3,300,0,1
1773833321.875060,202.625,0.019,0,24,0,8,8,3,300,0,1
1773833323.873919,202.723,0.020,0,24,0,8,8,3,300,0,1
1773833325.874094,202.828,0.019,0,24,0,8,8,3,300,0,1
1773833327.874214,202.930,0.019,0,24,0,8,8,3,300,0,1
1773833329.877831,203.051,0.022,0,24,0,8,8,3,300,0,1
1773833331.875276,203.148,0.022,0,24,0,8,8,3,300,0,1
1773833333.877201,203.246,0.019,0,24,0,8,8,3,300,0,1
1773833335.875160,203.359,0.023,0,24,0,8,8,3,300,0,1
1773833337.874459,203.453,0.017,0,24,0,8,8,3,300,0,1
1773833339.875751,203.555,0.020,0,24,0,8,8,3,300,0,1
1773833341.876742,203.660,0.017,0,24,0,8,8,3,300,0,1
1773833343.877593,203.754,0.024,0,24,0,8,8,3,300,0,1
1773833345.877395,203.859,0.023,0,24,0,8,8,3,300,0,1
1773833347.874568,203.965,0.020,0,24,0,8,8,3,300,0,1
1773833349.874805,204.066,0.022,0,24,0,8,8,3,300,0,1
1773833351.874512,204.168,0.022,0,24,0,8,8,3,300,0,1
1773833353.874383,204.266,0.026,0,24,0,8,8,3,300,0,1
1773833355.873877,204.371,0.025,0,24,0,8,8,3,300,0,1
1773833357.874071,204.465,0.019,0,24,0,8,8,3,300,0,1
1773833359.874173,204.570,0.019,0,24,0,8,8,3,300,0,1
1773833361.873955,204.676,0.020,0,24,0,8,8,3,300,0,1
1773833363.876058,204.773,0.018,0,24,0,8,8,3,300,0,1
1773833365.877113,204.883,0.024,0,24,0,8,8,3,300,0,1
1773833367.878495,204.992,0.020,0,24,0,8,8,3,300,0,1
1773833369.877003,205.098,0.022,0,24,0,8,8,3,300,0,1
1773833371.874023,198.188,0.021,0,24,0,8,8,3,300,0,1
1773833373.874659,195.152,0.031,0,24,0,8,8,3,300,0,1
1773833375.877852,195.238,0.027,0,24,0,8,8,3,300,0,1
1773833377.878302,195.336,0.024,0,24,0,8,8,3,300,0,1
1773833379.876100,195.441,0.030,0,24,0,8,8,3,300,0,1
1773833381.874442,195.547,0.023,0,24,0,8,8,3,300,0,1
1773833383.875714,195.645,0.023,0,24,0,8,8,3,300,0,1
1773833385.877520,195.754,0.021,0,24,0,8,8,3,300,0,1
1773833387.877882,195.859,0.021,0,24,0,8,8,3,300,0,1
1773833389.879157,195.961,0.020,0,24,0,8,8,3,300,0,1
1773833391.874870,196.066,0.021,0,24,0,8,8,3,300,0,1
1773833393.874108,196.164,0.021,0,24,0,8,8,3,300,0,1
1773833395.878475,196.266,0.018,0,24,0,8,8,3,300,0,1
1773833397.875675,196.367,0.019,0,24,0,8,8,3,300,0,1
1773833399.873834,196.477,0.024,0,24,0,8,8,3,300,0,1
1773833401.874407,196.586,0.020,0,24,0,8,8,3,300,0,1
1773833403.878751,196.684,0.017,0,24,0,8,8,3,300,0,1
1773833405.879757,196.793,0.019,0,24,0,8,8,3,300,0,1
1773833407.877683,196.898,0.021,0,24,0,8,8,3,300,0,1
1773833409.875863,196.988,0.025,0,24,0,8,8,3,300,0,1
1773833411.874250,197.098,0.020,0,24,0,8,8,3,300,0,1
1773833413.878558,197.203,0.017,0,24,0,8,8,3,300,0,1
1773833415.875608,197.312,0.020,0,24,0,8,8,3,300,0,1
1773833417.874521,197.410,0.022,0,24,0,8,8,3,300,0,1
1773833419.879231,197.512,0.019,0,24,0,8,8,3,300,0,1
1773833421.874191,197.602,0.020,0,24,0,8,8,3,300,0,1
1773833423.874294,197.711,0.020,0,24,0,8,8,3,300,0,1
1773833425.877842,197.805,0.023,0,24,0,8,8,3,300,0,1
1773833427.873940,197.906,0.033,0,24,0,8,8,3,300,0,1
1773833429.877282,198.012,0.026,0,24,0,8,8,3,300,0,1
1773833431.877378,198.109,0.023,0,24,0,8,8,3,300,0,1
1773833433.877907,198.223,0.023,0,24,0,8,8,3,300,0,1
1773833435.874361,198.320,0.019,0,24,0,8,8,3,300,0,1
1773833437.874215,198.422,0.018,0,24,0,8,8,3,300,0,1
1773833439.877731,198.523,0.017,0,24,0,8,8,3,300,0,1
1773833441.873689,198.621,0.017,0,24,0,8,8,3,300,0,1
1773833443.877771,198.719,0.025,0,24,0,8,8,3,300,0,1
1773833445.873947,198.828,0.027,0,24,0,8,8,3,300,0,1
1773833447.877855,198.922,0.019,0,24,0,8,8,3,300,0,1
1773833449.879359,199.027,0.025,0,24,0,8,8,3,300,0,1
1773833451.874287,199.133,0.027,0,24,0,8,8,3,300,0,1
1773833453.877919,199.230,0.018,0,24,0,8,8,3,300,0,1
1773833455.877800,199.340,0.019,0,24,0,8,8,3,300,0,1
1773833457.873970,199.430,0.018,0,24,0,8,8,3,300,0,1
1773833459.874413,199.539,0.017,0,24,0,8,8,3,300,0,1
1773833461.874749,199.641,0.019,0,24,0,8,8,3,300,0,1
1773833463.878180,199.734,0.021,0,24,0,8,8,3,300,0,1
1773833465.874074,199.840,0.030,0,24,0,8,8,3,300,0,1
1773833467.874795,199.941,0.022,0,24,0,8,8,3,300,0,1
1773833469.877430,200.051,0.019,0,24,0,8,8,3,300,0,1
1773833471.874322,200.148,0.018,0,24,0,8,8,3,300,0,1
1773833473.874561,200.254,0.026,0,24,0,8,8,3,300,0,1
1773833475.874309,200.352,0.029,0,24,0,8,8,3,300,0,1
1773833477.877109,200.449,0.026,0,24,0,8,8,3,300,0,1
1773833479.877513,200.559,0.026,0,24,0,8,8,3,300,0,1
1773833481.878619,200.656,0.023,0,24,0,8,8,3,300,0,1
1773833483.877509,200.766,0.022,0,24,0,8,8,3,300,0,1
1773833485.874177,200.863,0.022,0,24,0,8,8,3,300,0,1
1773833487.874026,200.977,0.023,0,24,0,8,8,3,300,0,1
1773833489.877478,201.074,0.023,0,24,0,8,8,3,300,0,1
1773833491.874422,201.164,0.022,0,24,0,8,8,3,300,0,1
1773833493.874386,201.273,0.021,0,24,0,8,8,3,300,0,1
1773833495.878893,201.367,0.023,0,24,0,8,8,3,300,0,1
1773833497.875656,201.477,0.019,0,24,0,8,8,3,300,0,1
1773833499.873729,201.578,0.025,0,24,0,8,8,3,300,0,1
1773833501.878666,201.676,0.024,0,24,0,8,8,3,300,0,1
1773833503.875382,201.781,0.022,0,24,0,8,8,3,300,0,1
1773833505.874078,201.887,0.025,0,24,0,8,8,3,300,0,1
1773833507.874222,201.988,0.022,0,24,0,8,8,3,300,0,1
1773833509.874684,202.090,0.017,0,24,0,8,8,3,300,0,1
1773833511.874054,201.930,0.019,0,24,0,8,8,3,300,0,1
1773833513.876580,202.027,0.023,0,24,0,8,8,3,300,0,1
1773833515.874833,202.129,0.019,0,24,0,8,8,3,300,0,1
1773833517.877888,202.238,0.024,0,24,0,8,8,3,300,0,1
1773833519.874402,202.336,0.028,0,24,0,8,8,3,300,0,1
1773833521.878817,202.441,0.023,0,24,0,8,8,3,300,0,1
1773833523.873934,202.547,0.026,0,24,0,8,8,3,300,0,1
1773833525.875663,202.645,0.030,0,24,0,8,8,3,300,0,1
1773833527.876602,202.754,0.023,0,24,0,8,8,3,300,0,1
1773833529.874521,202.871,0.021,0,24,0,8,8,3,300,0,1
1773833531.875159,202.977,0.018,0,24,0,8,8,3,300,0,1
1773833533.874457,203.098,0.020,0,24,0,8,8,3,300,0,1
1773833535.874045,203.199,0.024,0,24,0,8,8,3,300,0,1
1773833537.874477,203.301,0.042,0,24,0,8,8,3,300,0,1
1773833539.877694,203.406,0.023,0,24,0,8,8,3,300,0,1
1773833541.874565,203.508,0.018,0,24,0,8,8,3,300,0,1
1773833543.876198,203.609,0.018,0,24,0,8,8,3,300,0,1
1773833545.874774,203.715,0.020,0,24,0,8,8,3,300,0,1
1773833547.879774,203.816,0.021,0,24,0,8,8,3,300,0,1
1773833549.874384,203.914,0.021,0,24,0,8,8,3,300,0,1
1773833551.877804,204.023,0.026,0,24,0,8,8,3,300,0,1
1773833553.874041,204.129,0.033,0,24,0,8,8,3,300,0,1
1773833555.876968,204.227,0.022,0,24,0,8,8,3,300,0,1
1773833557.874627,204.332,0.025,0,24,0,8,8,3,300,0,1
1773833559.874724,204.434,0.022,0,24,0,8,8,3,300,0,1
1773833561.874392,204.535,0.019,0,24,0,8,8,3,300,0,1
1773833563.874056,204.637,0.016,0,24,0,8,8,3,300,0,1
1773833565.879394,204.738,0.017,0,24,0,8,8,3,300,0,1
1773833567.878537,204.848,0.024,0,24,0,8,8,3,300,0,1
1773833569.877378,197.832,0.030,0,24,0,8,8,3,300,0,1
1773833571.876863,194.812,0.020,0,24,0,8,8,3,300,0,1
1773833573.875057,194.902,0.031,0,24,0,8,8,3,300,0,1
1773833575.874266,195.000,0.036,0,24,0,8,8,3,300,0,1
1773833577.875623,195.102,0.023,0,24,0,8,8,3,300,0,1
1773833579.874465,195.211,0.022,0,24,0,8,8,3,300,0,1
1773833581.877628,195.312,0.022,0,24,0,8,8,3,300,0,1
1773833583.877660,195.410,0.020,0,24,0,8,8,3,300,0,1
1773833585.878875,195.520,0.027,0,24,0,8,8,3,300,0,1
1773833587.876364,195.617,0.028,0,24,0,8,8,3,300,0,1
1773833589.877097,195.719,0.022,0,24,0,8,8,3,300,0,1
1773833591.878435,195.828,0.019,0,24,0,8,8,3,300,0,1
1773833593.878645,195.930,0.020,0,24,0,8,8,3,300,0,1
1773833595.877277,196.035,0.022,0,24,0,8,8,3,300,0,1
1773833597.878499,196.133,0.022,0,24,0,8,8,3,300,0,1
1773833599.874829,196.234,0.017,0,24,0,8,8,3,300,0,1
1773833601.874686,196.340,0.026,0,24,0,8,8,3,300,0,1
1773833603.875268,196.445,0.023,0,24,0,8,8,3,300,0,1
1773833605.874537,196.543,0.019,0,24,0,8,8,3,300,0,1
1773833607.875823,196.645,0.017,0,24,0,8,8,3,300,0,1
1773833609.873867,196.746,0.023,0,24,0,8,8,3,300,0,1
1773833611.874216,196.840,0.022,0,24,0,8,8,3,300,0,1
1773833613.874007,196.953,0.019,0,24,0,8,8,3,300,0,1
1773833615.876304,197.047,0.020,0,24,0,8,8,3,300,0,1
1773833617.877005,197.156,0.039,0,24,0,8,8,3,300,0,1
1773833619.877659,197.258,0.025,0,24,0,8,8,3,300,0,1
1773833621.874041,197.355,0.023,0,24,0,8,8,3,300,0,1
1773833623.874537,197.457,0.020,0,24,0,8,8,3,300,0,1
1773833625.876448,197.566,0.022,0,24,0,8,8,3,300,0,1
1773833627.874402,197.660,0.019,0,24,0,8,8,3,300,0,1
1773833629.875924,197.766,0.023,0,24,0,8,8,3,300,0,1
1773833631.876370,197.852,0.020,0,24,0,8,8,3,300,0,1
1773833633.877256,197.961,0.021,0,24,0,8,8,3,300,0,1
1773833635.874018,198.062,0.022,0,24,0,8,8,3,300,0,1
1773833637.876648,198.160,0.018,0,24,0,8,8,3,300,0,1
1773833639.878012,198.266,0.019,0,24,0,8,8,3,300,0,1
1773833641.874432,198.367,0.019,0,24,0,8,8,3,300,0,1
1773833643.874746,198.469,0.017,0,24,0,8,8,3,300,0,1
1773833645.876225,198.578,0.019,0,24,0,8,8,3,300,0,1
1773833647.878505,198.676,0.021,0,24,0,8,8,3,300,0,1
1773833649.876336,198.773,0.019,0,24,0,8,8,3,300,0,1
1773833651.874343,198.891,0.022,0,24,0,8,8,3,300,0,1
1773833653.874379,198.992,0.025,0,24,0,8,8,3,300,0,1
1773833655.874463,199.098,0.022,0,24,0,8,8,3,300,0,1
1773833657.879319,199.203,0.021,0,24,0,8,8,3,300,0,1
1773833659.874409,199.293,0.023,0,24,0,8,8,3,300,0,1
1773833661.874125,199.398,0.018,0,24,0,8,8,3,300,0,1
1773833663.874497,199.504,0.025,0,24,0,8,8,3,300,0,1
1773833665.876037,199.602,0.023,0,24,0,8,8,3,300,0,1
1773833667.877596,199.707,0.024,0,24,0,8,8,3,300,0,1
1773833669.874180,199.809,0.025,0,24,0,8,8,3,300,0,1
1773833671.877161,199.906,0.021,0,24,0,8,8,3,300,0,1
1773833673.874365,200.012,0.020,0,24,0,8,8,3,300,0,1
1773833675.878823,200.113,0.026,0,24,0,8,8,3,300,0,1
1773833677.876541,200.215,0.023,0,24,0,8,8,3,300,0,1
1773833679.874184,200.316,0.034,0,24,0,8,8,3,300,0,1
1773833681.874045,200.418,0.023,0,24,0,8,8,3,300,0,1
1773833683.874050,200.527,0.023,0,24,0,8,8,3,300,0,1
1773833685.874798,200.629,0.022,0,24,0,8,8,3,300,0,1
1773833687.879515,200.734,0.022,0,24,0,8,8,3,300,0,1
1773833689.874046,200.832,0.024,0,24,0,8,8,3,300,0,1
1773833691.877230,200.930,0.020,0,24,0,8,8,3,300,0,1
1773833693.878655,201.031,0.022,0,24,0,8,8,3,300,0,1
1773833695.874178,201.137,0.024,0,24,0,8,8,3,300,0,1
1773833697.873828,201.238,0.018,0,24,0,8,8,3,300,0,1
1773833699.877831,201.336,0.024,0,24,0,8,8,3,300,0,1
1773833701.877898,201.438,0.018,0,24,0,8,8,3,300,0,1
1773833703.877932,201.539,0.023,0,24,0,8,8,3,300,0,1
1773833705.876822,201.645,0.018,0,24,0,8,8,3,300,0,1
1773833707.878935,201.750,0.019,0,24,0,8,8,3,300,0,1
1773833709.873928,201.844,0.016,0,24,0,8,8,3,300,0,1
1773833711.873647,201.953,0.016,0,24,0,8,8,3,300,0,1
1773833713.880136,202.059,0.025,0,24,0,8,8,3,300,0,1
1773833715.874501,202.160,0.021,0,24,0,8,8,3,300,0,1
1773833717.874471,202.266,0.019,0,24,0,8,8,3,300,0,1
1773833719.876311,202.371,0.024,0,24,0,8,8,3,300,0,1
1773833721.874606,202.473,0.019,0,24,0,8,8,3,300,0,1
1773833723.877111,202.574,0.021,0,24,0,8,8,3,300,0,1
1773833725.874515,202.676,0.020,0,24,0,8,8,3,300,0,1
1773833727.874413,202.773,0.020,0,24,0,8,8,3,300,0,1
1773833729.876973,202.879,0.017,0,24,0,8,8,3,300,0,1
1773833731.878916,202.980,0.020,0,24,0,8,8,3,300,0,1
1773833733.874551,203.078,0.026,0,24,0,8,8,3,300,0,1
1773833735.873885,203.180,0.029,0,24,0,8,8,3,300,0,1
1773833737.874069,203.281,0.022,0,24,0,8,8,3,300,0,1
1773833739.878658,203.387,0.018,0,24,0,8,8,3,300,0,1
1773833741.875061,203.488,0.020,0,24,0,8,8,3,300,0,1
1773833743.878481,203.590,0.021,0,24,0,8,8,3,300,0,1
1773833745.877024,203.684,0.019,0,24,0,8,8,3,300,0,1
1773833747.874132,203.793,0.023,0,24,0,8,8,3,300,0,1
1773833749.876422,203.891,0.026,0,24,0,8,8,3,300,0,1
1773833751.877235,204.000,0.028,0,24,0,8,8,3,300,0,1
1773833753.877554,204.105,0.022,0,24,0,8,8,3,300,0,1
1773833755.879794,204.215,0.026,0,24,0,8,8,3,300,0,1
1773833757.877703,204.316,0.022,0,24,0,8,8,3,300,0,1
1773833759.873938,204.418,0.024,0,24,0,8,8,3,300,0,1
1773833761.875499,204.527,0.026,0,24,0,8,8,3,300,0,1
1773833763.878267,204.625,0.018,0,24,0,8,8,3,300,0,1
1773833765.877133,204.734,0.024,0,24,0,8,8,3,300,0,1
1773833767.874559,204.918,0.020,0,24,0,8,8,3,300,0,1
1773833769.873912,194.836,0.018,0,24,0,8,8,3,300,0,1
1773833771.878546,194.945,0.027,0,24,0,8,8,3,300,0,1
1773833773.878405,195.031,0.022,0,24,0,8,8,3,300,0,1
1773833775.878070,195.137,0.019,0,24,0,8,8,3,300,0,1
1773833777.877226,195.230,0.019,0,24,0,8,8,3,300,0,1
1773833779.874620,195.332,0.020,0,24,0,8,8,3,300,0,1
1773833781.878686,195.441,0.019,0,24,0,8,8,3,300,0,1
1773833783.878332,195.539,0.024,0,24,0,8,8,3,300,0,1
1773833785.874321,195.652,0.019,0,24,0,8,8,3,300,0,1
1773833787.878114,195.750,0.018,0,24,0,8,8,3,300,0,1
1773833789.874479,195.855,0.018,0,24,0,8,8,3,300,0,1
1773833791.873995,195.957,0.016,0,24,0,8,8,3,300,0,1
1773833793.877103,196.059,0.018,0,24,0,8,8,3,300,0,1
1773833795.878398,196.156,0.026,0,24,0,8,8,3,300,0,1
1773833797.879200,196.262,0.022,0,24,0,8,8,3,300,0,1
1773833799.876199,196.363,0.019,0,24,0,8,8,3,300,0,1
1773833801.877104,196.461,0.021,0,24,0,8,8,3,300,0,1
1773833803.878592,196.574,0.022,0,24,0,8,8,3,300,0,1
1773833805.878490,196.676,0.024,0,24,0,8,8,3,300,0,1
1773833807.874808,196.777,0.022,0,24,0,8,8,3,300,0,1
1773833809.873891,196.879,0.022,0,24,0,8,8,3,300,0,1
1773833811.875000,196.957,0.018,0,24,0,8,8,3,300,0,1
1773833813.873984,197.070,0.019,0,24,0,8,8,3,300,0,1
1773833815.877945,197.164,0.018,0,24,0,8,8,3,300,0,1
1773833817.874042,197.270,0.017,0,24,0,8,8,3,300,0,1
1773833819.877087,197.371,0.017,0,24,0,8,8,3,300,0,1
1773833821.874697,197.477,0.018,0,24,0,8,8,3,300,0,1
1773833823.874304,197.578,0.024,0,24,0,8,8,3,300,0,1
1773833825.878711,197.691,0.019,0,24,0,8,8,3,300,0,1
1773833827.874734,197.777,0.028,0,24,0,8,8,3,300,0,1
1773833829.877076,197.879,0.021,0,24,0,8,8,3,300,0,1
1773833831.876780,197.988,0.033,0,24,0,8,8,3,300,0,1
1773833833.878910,198.082,0.020,0,24,0,8,8,3,300,0,1
1773833835.877042,198.191,0.021,0,24,0,8,8,3,300,0,1
1773833837.874281,198.293,0.022,0,24,0,8,8,3,300,0,1
1773833839.875141,198.395,0.024,0,24,0,8,8,3,300,0,1
1773833841.874388,198.500,0.019,0,24,0,8,8,3,300,0,1
1773833843.875527,198.605,0.018,0,24,0,8,8,3,300,0,1
1773833845.877694,198.695,0.020,0,24,0,8,8,3,300,0,1
1773833847.874379,198.801,0.024,0,24,0,8,8,3,300,0,1
1773833849.874403,198.902,0.023,0,24,0,8,8,3,300,0,1
1773833851.875622,199.012,0.024,0,24,0,8,8,3,300,0,1
1773833853.874835,199.109,0.027,0,24,0,8,8,3,300,0,1
1773833855.874072,199.215,0.022,0,24,0,8,8,3,300,0,1
1773833857.877919,199.316,0.051,0,24,0,8,8,3,300,0,1
1773833859.877474,199.414,0.025,0,24,0,8,8,3,300,0,1
1773833861.875691,199.512,0.025,0,24,0,8,8,3,300,0,1
1773833863.877582,199.613,0.022,0,24,0,8,8,3,300,0,1
1773833865.874295,199.715,0.017,0,24,0,8,8,3,300,0,1
1773833867.875530,199.824,0.020,0,24,0,8,8,3,300,0,1
1773833869.878998,199.922,0.020,0,24,0,8,8,3,300,0,1
1773833871.877308,200.027,0.019,0,24,0,8,8,3,300,0,1
1773833873.876458,200.133,0.017,0,24,0,8,8,3,300,0,1
1773833875.878470,200.234,0.019,0,24,0,8,8,3,300,0,1
1773833877.874432,200.332,0.019,0,24,0,8,8,3,300,0,1
1773833879.875741,200.430,0.023,0,24,0,8,8,3,300,0,1
1773833881.879570,200.543,0.026,0,24,0,8,8,3,300,0,1
1773833883.877564,200.645,0.026,0,24,0,8,8,3,300,0,1
1773833885.877218,200.758,0.021,0,24,0,8,8,3,300,0,1
1773833887.873991,200.859,0.018,0,24,0,8,8,3,300,0,1
1773833889.878836,200.965,0.027,0,24,0,8,8,3,300,0,1
1773833891.874496,201.074,0.017,0,24,0,8,8,3,300,0,1
1773833893.874415,201.172,0.021,0,24,0,8,8,3,300,0,1
1773833895.874961,201.277,0.022,0,24,0,8,8,3,300,0,1
1773833897.874194,201.375,0.028,0,24,0,8,8,3,300,0,1
1773833899.874137,201.480,0.028,0,24,0,8,8,3,300,0,1
1773833901.875582,201.586,0.020,0,24,0,8,8,3,300,0,1
1773833903.877993,201.684,0.019,0,24,0,8,8,3,300,0,1
1773833905.875731,201.789,0.031,0,24,0,8,8,3,300,0,1
1773833907.879021,201.891,0.021,0,24,0,8,8,3,300,0,1
1773833909.880047,201.988,0.027,0,24,0,8,8,3,300,0,1
1773833911.878402,202.086,0.021,0,24,0,8,8,3,300,0,1
1773833913.876917,202.188,0.024,0,24,0,8,8,3,300,0,1
1773833915.874973,202.301,0.024,0,24,0,8,8,3,300,0,1
1773833917.874564,202.395,0.025,0,24,0,8,8,3,300,0,1
1773833919.877800,202.496,0.021,0,24,0,8,8,3,300,0,1
1773833921.879137,202.602,0.018,0,24,0,8,8,3,300,0,1
1773833923.875193,202.707,0.020,0,24,0,8,8,3,300,0,1
1773833925.876381,202.816,0.020,0,24,0,8,8,3,300,0,1
1773833927.874110,202.914,0.019,0,24,0,8,8,3,300,0,1
1773833929.874521,203.008,0.026,0,24,0,8,8,3,300,0,1
1773833931.874245,203.113,0.020,0,24,0,8,8,3,300,0,1
1773833933.873995,203.211,0.021,0,24,0,8,8,3,300,0,1
1773833935.878500,203.316,0.029,0,24,0,8,8,3,300,0,1
1773833937.878364,203.418,0.023,0,24,0,8,8,3,300,0,1
1773833939.874298,203.527,0.022,0,24,0,8,8,3,300,0,1
1773833941.877921,203.629,0.020,0,24,0,8,8,3,300,0,1
1773833943.874379,203.730,0.020,0,24,0,8,8,3,300,0,1
1773833945.879018,203.828,0.022,0,24,0,8,8,3,300,0,1
1773833947.877028,203.926,0.024,0,24,0,8,8,3,300,0,1
1773833949.877659,204.027,0.022,0,24,0,8,8,3,300,0,1
1773833951.878730,204.133,0.020,0,24,0,8,8,3,300,0,1
1773833953.877635,204.238,0.024,0,24,0,8,8,3,300,0,1
1773833955.878884,204.336,0.025,0,24,0,8,8,3,300,0,1
1773833957.873754,204.438,0.023,0,24,0,8,8,3,300,0,1
1773833959.877019,204.539,0.023,0,24,0,8,8,3,300,0,1
1773833961.874564,204.637,0.019,0,24,0,8,8,3,300,0,1
1773833963.874767,204.738,0.027,0,24,0,8,8,3,300,0,1
1773833965.875507,204.906,0.040,0,24,0,8,8,3,300,0,1
1773833967.874329,194.816,0.029,0,24,0,8,8,3,300,0,1
1773833969.874309,194.918,0.021,0,24,0,8,8,3,300,0,1
1773833971.874265,195.004,0.019,0,24,0,8,8,3,300,0,1
1773833973.876419,195.109,0.021,0,24,0,8,8,3,300,0,1
1773833975.879536,195.207,0.031,0,24,0,8,8,3,300,0,1
1773833977.874072,195.312,0.022,0,24,0,8,8,3,300,0,1
1773833979.879017,195.410,0.029,0,24,0,8,8,3,300,0,1
1773833981.879167,195.512,0.034,0,24,0,8,8,3,300,0,1
1773833983.874682,195.617,0.020,0,24,0,8,8,3,300,0,1
1773833985.874072,195.723,0.020,0,24,0,8,8,3,300,0,1
1773833987.876631,195.828,0.027,0,24,0,8,8,3,300,0,1
1773833989.877694,195.930,0.024,0,24,0,8,8,3,300,0,1
1773833991.874207,196.039,0.018,0,24,0,8,8,3,300,0,1
1773833993.874341,196.133,0.024,0,24,0,8,8,3,300,0,1
1773833995.874488,196.238,0.019,0,24,0,8,8,3,300,0,1
1773833997.877247,196.332,0.027,0,24,0,8,8,3,300,0,1
1773833999.877155,196.434,0.022,0,24,0,8,8,3,300,0,1
1773834001.877706,196.531,0.018,0,24,0,8,8,3,300,0,1
1773834003.874576,196.637,0.024,0,24,0,8,8,3,300,0,1
1773834005.874019,196.738,0.018,0,24,0,8,8,3,300,0,1
1773834007.879337,196.840,0.035,0,24,0,8,8,3,300,0,1
1773834009.879188,196.945,0.024,0,24,0,8,8,3,300,0,1
1773834011.875706,197.047,0.021,0,24,0,8,8,3,300,0,1
1773834013.874723,197.148,0.022,0,24,0,8,8,3,300,0,1
1773834015.877496,197.258,0.019,0,24,0,8,8,3,300,0,1
1773834017.873568,197.359,0.019,0,24,0,8,8,3,300,0,1
1773834019.874053,197.461,0.028,0,24,0,8,8,3,300,0,1
1773834021.875196,197.551,0.021,0,24,0,8,8,3,300,0,1
1773834023.874022,197.656,0.022,0,24,0,8,8,3,300,0,1
1773834025.878083,197.766,0.024,0,24,0,8,8,3,300,0,1
1773834027.878427,197.859,0.023,0,24,0,8,8,3,300,0,1
1773834029.876904,197.953,0.023,0,24,0,8,8,3,300,0,1
1773834031.878686,198.062,0.022,0,24,0,8,8,3,300,0,1
1773834033.874396,198.168,0.025,0,24,0,8,8,3,300,0,1
1773834035.874567,198.266,0.031,0,24,0,8,8,3,300,0,1
1773834037.874716,198.371,0.020,0,24,0,8,8,3,300,0,1
1773834039.878043,198.469,0.024,0,24,0,8,8,3,300,0,1
1773834041.878045,198.574,0.021,0,24,0,8,8,3,300,0,1
1773834043.874501,198.676,0.024,0,24,0,8,8,3,300,0,1
1773834045.878975,198.777,0.024,0,24,0,8,8,3,300,0,1
1773834047.877695,198.875,0.019,0,24,0,8,8,3,300,0,1
1773834049.875179,198.988,0.016,0,24,0,8,8,3,300,0,1
1773834051.874870,199.078,0.022,0,24,0,8,8,3,300,0,1
1773834053.874584,199.180,0.034,0,24,0,8,8,3,300,0,1
1773834055.874547,199.289,0.025,0,24,0,8,8,3,300,0,1
1773834057.874378,199.391,0.023,0,24,0,8,8,3,300,0,1
1773834059.874363,199.492,0.026,0,24,0,8,8,3,300,0,1
1773834061.874798,199.590,0.025,0,24,0,8,8,3,300,0,1
1773834063.875187,199.691,0.019,0,24,0,8,8,3,300,0,1
1773834065.875637,199.793,0.021,0,24,0,8,8,3,300,0,1
1773834067.878375,199.895,0.023,0,24,0,8,8,3,300,0,1
1773834069.874153,199.996,0.023,0,24,0,8,8,3,300,0,1
1773834071.877172,200.098,0.021,0,24,0,8,8,3,300,0,1
1773834073.878799,200.219,0.020,0,24,0,8,8,3,300,0,1
1773834075.876434,200.320,0.021,0,24,0,8,8,3,300,0,1
1773834077.879807,200.426,0.021,0,24,0,8,8,3,300,0,1
1773834079.874375,200.520,0.018,0,24,0,8,8,3,300,0,1
1773834081.877317,200.617,0.020,0,24,0,8,8,3,300,0,1
1773834083.878656,200.727,0.027,0,24,0,8,8,3,300,0,1
1773834085.874888,200.828,0.025,0,24,0,8,8,3,300,0,1
1773834087.874635,200.926,0.030,0,24,0,8,8,3,300,0,1
1773834089.877554,201.035,0.027,0,24,0,8,8,3,300,0,1
1773834091.874286,201.137,0.022,0,24,0,8,8,3,300,0,1
1773834093.878705,201.238,0.027,0,24,0,8,8,3,300,0,1
1773834095.875824,201.340,0.021,0,24,0,8,8,3,300,0,1
1773834097.878084,201.434,0.018,0,24,0,8,8,3,300,0,1
1773834099.878249,201.535,0.017,0,24,0,8,8,3,300,0,1
1773834101.878861,201.637,0.016,0,24,0,8,8,3,300,0,1
1773834103.876285,201.746,0.022,0,24,0,8,8,3,300,0,1
1773834105.875853,201.844,0.017,0,24,0,8,8,3,300,0,1
1773834107.874110,201.949,0.080,0,24,0,8,8,3,300,0,1
1773834109.874510,202.055,0.038,0,24,0,8,8,3,300,0,1
1773834111.874435,202.129,0.026,0,24,0,8,8,3,300,0,1
1773834113.878851,202.227,0.023,0,24,0,8,8,3,300,0,1
1773834115.874608,202.320,0.024,0,24,0,8,8,3,300,0,1
1773834117.874406,202.426,0.022,0,24,0,8,8,3,300,0,1
1773834119.879931,202.527,0.018,0,24,0,8,8,3,300,0,1
1773834121.878659,202.633,0.020,0,24,0,8,8,3,300,0,1
1773834123.876672,202.738,0.017,0,24,0,8,8,3,300,0,1
1773834125.874096,202.840,0.017,0,24,0,8,8,3,300,0,1
1773834127.874504,202.941,0.020,0,24,0,8,8,3,300,0,1
1773834129.875455,203.043,0.019,0,24,0,8,8,3,300,0,1
1773834131.875986,203.145,0.023,0,24,0,8,8,3,300,0,1
1773834133.874653,203.246,0.027,0,24,0,8,8,3,300,0,1
1773834135.877188,203.344,0.029,0,24,0,8,8,3,300,0,1
1773834137.873974,203.445,0.019,0,24,0,8,8,3,300,0,1
1773834139.878223,203.555,0.018,0,24,0,8,8,3,300,0,1
1773834141.874393,203.652,0.016,0,24,0,8,8,3,300,0,1
1773834143.874211,203.762,0.023,0,24,0,8,8,3,300,0,1
1773834145.874601,203.863,0.018,0,24,0,8,8,3,300,0,1
1773834147.878062,203.957,0.016,0,24,0,8,8,3,300,0,1
1773834149.877936,204.066,0.019,0,24,0,8,8,3,300,0,1
1773834151.878231,204.164,0.017,0,24,0,8,8,3,300,0,1
1773834153.875154,204.273,0.020,0,24,0,8,8,3,300,0,1
1773834155.873877,204.375,0.019,0,24,0,8,8,3,300,0,1
1773834157.875776,204.484,0.019,0,24,0,8,8,3,300,0,1
1773834159.873893,204.586,0.024,0,24,0,8,8,3,300,0,1
1773834161.873773,204.680,0.021,0,24,0,8,8,3,300,0,1
1773834163.874715,204.773,0.026,0,24,0,8,8,3,300,0,1
1773834165.878568,197.383,0.019,0,24,0,8,8,3,300,0,1
1773834167.874233,194.969,0.021,0,24,0,8,8,3,300,0,1
1773834169.878666,195.047,0.025,0,24,0,8,8,3,300,0,1
1773834171.874174,195.145,0.019,0,24,0,8,8,3,300,0,1
1773834173.878014,195.250,0.024,0,24,0,8,8,3,300,0,1
1773834175.874540,195.355,0.023,0,24,0,8,8,3,300,0,1
1773834177.874492,195.453,0.030,0,24,0,8,8,3,300,0,1
1773834179.876575,195.559,0.021,0,24,0,8,8,3,300,0,1
1773834181.875451,195.648,0.021,0,24,0,8,8,3,300,0,1
1773834183.877193,195.758,0.030,0,24,0,8,8,3,300,0,1
1773834185.874267,195.859,0.026,0,24,0,8,8,3,300,0,1
1773834187.875335,195.961,0.028,0,24,0,8,8,3,300,0,1
1773834189.875043,196.059,0.021,0,24,0,8,8,3,300,0,1
1773834191.874213,196.160,0.016,0,24,0,8,8,3,300,0,1
1773834193.874260,196.266,0.016,0,24,0,8,8,3,300,0,1
1773834195.874273,196.379,0.016,0,24,0,8,8,3,300,0,1
1773834197.874505,196.465,0.021,0,24,0,8,8,3,300,0,1
1773834199.878867,196.574,0.020,0,24,0,8,8,3,300,0,1
1773834201.874676,196.668,0.020,0,24,0,8,8,3,300,0,1
1773834203.876885,196.762,0.026,0,24,0,8,8,3,300,0,1
1773834205.873956,196.867,0.024,0,24,0,8,8,3,300,0,1
1773834207.875323,196.969,0.018,0,24,0,8,8,3,300,0,1
1773834209.874082,197.070,0.021,0,24,0,8,8,3,300,0,1
1773834211.875616,197.180,0.043,0,24,0,8,8,3,300,0,1
1773834213.873711,197.277,0.027,0,24,0,8,8,3,300,0,1
1773834215.877370,197.371,0.021,0,24,0,8,8,3,300,0,1
1773834217.877609,197.477,0.030,0,24,0,8,8,3,300,0,1
1773834219.878776,197.582,0.019,0,24,0,8,8,3,300,0,1
1773834221.874690,197.680,0.016,0,24,0,8,8,3,300,0,1
1773834223.874680,197.781,0.021,0,24,0,8,8,3,300,0,1
1773834225.874587,197.891,0.023,0,24,0,8,8,3,300,0,1
1773834227.874632,197.988,0.019,0,24,0,8,8,3,300,0,1
1773834229.878012,198.094,0.023,0,24,0,8,8,3,300,0,1
1773834231.874683,198.184,0.019,0,24,0,8,8,3,300,0,1
1773834233.874003,198.289,0.023,0,24,0,8,8,3,300,0,1
1773834235.875673,198.395,0.020,0,24,0,8,8,3,300,0,1
1773834237.873790,198.500,0.025,0,24,0,8,8,3,300,0,1
1773834239.877588,198.609,0.023,0,24,0,8,8,3,300,0,1
1773834241.874529,198.711,0.023,0,24,0,8,8,3,300,0,1
1773834243.878845,198.816,0.018,0,24,0,8,8,3,300,0,1
1773834245.874981,198.914,0.019,0,24,0,8,8,3,300,0,1
1773834247.874800,199.012,0.025,0,24,0,8,8,3,300,0,1
1773834249.878758,199.121,0.022,0,24,0,8,8,3,300,0,1
1773834251.877707,199.219,0.017,0,24,0,8,8,3,300,0,1
1773834253.877433,199.320,0.016,0,24,0,8,8,3,300,0,1
1773834255.877586,199.426,0.020,0,24,0,8,8,3,300,0,1
1773834257.874322,199.523,0.018,0,24,0,8,8,3,300,0,1
1773834259.874783,199.629,0.025,0,24,0,8,8,3,300,0,1
1773834261.874531,199.730,0.020,0,24,0,8,8,3,300,0,1
1773834263.876489,199.836,0.022,0,24,0,8,8,3,300,0,1
1773834265.874030,199.930,0.020,0,24,0,8,8,3,300,0,1
1773834267.874496,200.031,0.023,0,24,0,8,8,3,300,0,1
1773834269.874183,200.141,0.024,0,24,0,8,8,3,300,0,1
1773834271.877762,200.242,0.017,0,24,0,8,8,3,300,0,1
1773834273.874674,200.348,0.018,0,24,0,8,8,3,300,0,1
1773834275.874374,200.449,0.019,0,24,0,8,8,3,300,0,1
1773834277.874391,200.555,0.017,0,24,0,8,8,3,300,0,1
1773834279.878284,200.656,0.026,0,24,0,8,8,3,300,0,1
1773834281.877383,200.750,0.020,0,24,0,8,8,3,300,0,1
1773834283.879037,200.852,0.021,0,24,0,8,8,3,300,0,1
1773834285.874149,200.953,0.026,0,24,0,8,8,3,300,0,1
1773834287.877567,201.059,0.021,0,24,0,8,8,3,300,0,1
1773834289.875464,201.160,0.019,0,24,0,8,8,3,300,0,1
1773834291.878242,201.266,0.021,0,24,0,8,8,3,300,0,1
1773834293.877099,201.367,0.021,0,24,0,8,8,3,300,0,1
1773834295.879494,201.469,0.022,0,24,0,8,8,3,300,0,1
1773834297.874336,201.566,0.023,0,24,0,8,8,3,300,0,1
1773834299.874282,201.672,0.024,0,24,0,8,8,3,300,0,1
1773834301.878781,201.770,0.020,0,24,0,8,8,3,300,0,1
1773834303.874443,201.879,0.021,0,24,0,8,8,3,300,0,1
1773834305.878583,201.977,0.021,0,24,0,8,8,3,300,0,1
1773834307.878403,202.082,0.020,0,24,0,8,8,3,300,0,1
1773834309.873883,202.184,0.026,0,24,0,8,8,3,300,0,1
1773834311.877770,202.281,0.016,0,24,0,8,8,3,300,0,1
1773834313.874656,202.387,0.022,0,24,0,8,8,3,300,0,1
1773834315.879075,202.480,0.021,0,24,0,8,8,3,300,0,1
1773834317.877416,202.590,0.023,0,24,0,8,8,3,300,0,1
1773834319.874491,202.691,0.027,0,24,0,8,8,3,300,0,1
1773834321.874071,202.801,0.023,0,24,0,8,8,3,300,0,1
1773834323.874055,202.906,0.019,0,24,0,8,8,3,300,0,1
1773834325.874577,203.004,0.017,0,24,0,8,8,3,300,0,1
1773834327.874267,203.109,0.024,0,24,0,8,8,3,300,0,1
1773834329.874939,203.211,0.019,0,24,0,8,8,3,300,0,1
1773834331.878616,203.312,0.027,0,24,0,8,8,3,300,0,1
1773834333.874023,203.410,0.022,0,24,0,8,8,3,300,0,1
1773834335.873944,203.512,0.025,0,24,0,8,8,3,300,0,1
1773834337.878950,203.617,0.023,0,24,0,8,8,3,300,0,1
1773834339.877409,203.715,0.020,0,24,0,8,8,3,300,0,1
1773834341.879364,203.820,0.025,0,24,0,8,8,3,300,0,1
1773834343.873667,203.922,0.020,0,24,0,8,8,3,300,0,1
1773834345.879369,204.031,0.026,0,24,0,8,8,3,300,0,1
1773834347.877400,204.129,0.018,0,24,0,8,8,3,300,0,1
1773834349.877311,204.223,0.020,0,24,0,8,8,3,300,0,1
1773834351.873620,204.332,0.018,0,24,0,8,8,3,300,0,1
1773834353.874671,204.430,0.024,0,24,0,8,8,3,300,0,1
1773834355.873958,204.531,0.029,0,24,0,8,8,3,300,0,1
1773834357.879378,204.637,0.023,0,24,0,8,8,3,300,0,1
1773834359.874029,204.738,0.021,0,24,0,8,8,3,300,0,1
1773834361.879431,204.844,0.024,0,24,0,8,8,3,300,0,1
1773834363.874054,197.902,0.020,0,24,0,8,8,3,300,0,1
1773834365.878497,194.844,0.020,0,24,0,8,8,3,300,0,1
1773834367.878770,194.938,0.018,0,24,0,8,8,3,300,0,1
1773834369.878885,195.043,0.020,0,24,0,8,8,3,300,0,1
1773834371.874828,195.141,0.019,0,24,0,8,8,3,300,0,1
1773834373.877946,195.250,0.018,0,24,0,8,8,3,300,0,1
1773834375.874247,195.355,0.034,0,24,0,8,8,3,300,0,1
1773834377.874208,195.457,0.023,0,24,0,8,8,3,300,0,1
1773834379.877474,195.566,0.023,0,24,0,8,8,3,300,0,1
1773834381.875754,195.660,0.021,0,24,0,8,8,3,300,0,1
1773834383.877322,195.766,0.022,0,24,0,8,8,3,300,0,1
1773834385.874714,195.863,0.020,0,24,0,8,8,3,300,0,1
1773834387.874051,195.973,0.017,0,24,0,8,8,3,300,0,1
1773834389.874447,196.074,0.022,0,24,0,8,8,3,300,0,1
1773834391.874473,196.180,0.021,0,24,0,8,8,3,300,0,1
1773834393.875263,196.289,0.018,0,24,0,8,8,3,300,0,1
1773834395.874038,196.387,0.018,0,24,0,8,8,3,300,0,1
1773834397.874718,196.492,0.018,0,24,0,8,8,3,300,0,1
1773834399.877171,196.594,0.025,0,24,0,8,8,3,300,0,1
1773834401.876081,196.699,0.019,0,24,0,8,8,3,300,0,1
1773834403.874096,196.801,0.027,0,24,0,8,8,3,300,0,1
1773834405.874072,196.910,0.019,0,24,0,8,8,3,300,0,1
1773834407.873630,197.016,0.031,0,24,0,8,8,3,300,0,1
1773834409.879101,197.113,0.024,0,24,0,8,8,3,300,0,1
1773834411.875066,197.199,0.019,0,24,0,8,8,3,300,0,1
1773834413.879475,197.309,0.027,0,24,0,8,8,3,300,0,1
1773834415.874490,197.398,0.031,0,24,0,8,8,3,300,0,1
1773834417.879084,197.508,0.026,0,24,0,8,8,3,300,0,1
1773834419.873568,197.609,0.022,0,24,0,8,8,3,300,0,1
1773834421.874532,197.707,0.019,0,24,0,8,8,3,300,0,1
1773834423.878622,197.809,0.020,0,24,0,8,8,3,300,0,1
1773834425.875902,197.910,0.018,0,24,0,8,8,3,300,0,1
1773834427.879670,198.016,0.024,0,24,0,8,8,3,300,0,1
1773834429.878864,198.121,0.028,0,24,0,8,8,3,300,0,1
1773834431.874115,198.211,0.021,0,24,0,8,8,3,300,0,1
1773834433.876132,198.316,0.020,0,24,0,8,8,3,300,0,1
1773834435.877011,198.418,0.024,0,24,0,8,8,3,300,0,1
1773834437.877399,198.527,0.017,0,24,0,8,8,3,300,0,1
1773834439.878725,198.625,0.024,0,24,0,8,8,3,300,0,1
1773834441.874914,198.730,0.018,0,24,0,8,8,3,300,0,1
1773834443.877310,198.828,0.021,0,24,0,8,8,3,300,0,1
1773834445.873982,198.941,0.027,0,24,0,8,8,3,300,0,1
1773834447.874006,199.039,0.020,0,24,0,8,8,3,300,0,1
1773834449.878249,199.133,0.021,0,24,0,8,8,3,300,0,1
1773834451.874508,199.238,0.019,0,24,0,8,8,3,300,0,1
1773834453.878383,199.332,0.017,0,24,0,8,8,3,300,0,1
1773834455.879754,199.441,0.016,0,24,0,8,8,3,300,0,1
1773834457.877361,199.539,0.020,0,24,0,8,8,3,300,0,1
1773834459.873936,199.645,0.025,0,24,0,8,8,3,300,0,1
1773834461.875201,199.746,0.024,0,24,0,8,8,3,300,0,1
1773834463.877057,199.848,0.029,0,24,0,8,8,3,300,0,1
1773834465.874474,199.941,0.030,0,24,0,8,8,3,300,0,1
1773834467.877854,200.051,0.026,0,24,0,8,8,3,300,0,1
1773834469.873842,200.148,0.020,0,24,0,8,8,3,300,0,1
1773834471.878680,200.258,0.026,0,24,0,8,8,3,300,0,1
1773834473.878301,200.352,0.017,0,24,0,8,8,3,300,0,1
1773834475.879079,200.461,0.020,0,24,0,8,8,3,300,0,1
1773834477.874072,200.566,0.017,0,24,0,8,8,3,300,0,1
1773834479.874037,200.664,0.021,0,24,0,8,8,3,300,0,1
1773834481.874512,200.770,0.019,0,24,0,8,8,3,300,0,1
1773834483.876364,200.863,0.027,0,24,0,8,8,3,300,0,1
1773834485.873942,200.973,0.027,0,24,0,8,8,3,300,0,1
1773834487.874426,201.078,0.025,0,24,0,8,8,3,300,0,1
1773834489.875425,201.180,0.019,0,24,0,8,8,3,300,0,1
1773834491.876340,201.285,0.026,0,24,0,8,8,3,300,0,1
1773834493.878403,201.387,0.019,0,24,0,8,8,3,300,0,1
1773834495.874312,201.500,0.020,0,24,0,8,8,3,300,0,1
1773834497.874678,201.590,0.020,0,24,0,8,8,3,300,0,1
1773834499.874213,201.691,0.028,0,24,0,8,8,3,300,0,1
1773834501.879259,201.793,0.029,0,24,0,8,8,3,300,0,1
1773834503.874382,201.891,0.021,0,24,0,8,8,3,300,0,1
1773834505.877118,202.000,0.021,0,24,0,8,8,3,300,0,1
1773834507.877876,202.094,0.018,0,24,0,8,8,3,300,0,1
1773834509.876000,202.199,0.023,0,24,0,8,8,3,300,0,1
1773834511.874501,202.305,0.019,0,24,0,8,8,3,300,0,1
1773834513.873913,202.410,0.022,0,24,0,8,8,3,300,0,1
1773834515.878348,202.512,0.023,0,24,0,8,8,3,300,0,1
1773834517.877186,202.609,0.018,0,24,0,8,8,3,300,0,1
1773834519.875750,202.715,0.023,0,24,0,8,8,3,300,0,1
1773834521.875447,202.820,0.021,0,24,0,8,8,3,300,0,1
1773834523.874416,202.918,0.027,0,24,0,8,8,3,300,0,1
1773834525.874354,203.023,0.023,0,24,0,8,8,3,300,0,1
1773834527.877201,203.125,0.019,0,24,0,8,8,3,300,0,1
1773834529.874333,203.223,0.021,0,24,0,8,8,3,300,0,1
1773834531.874433,203.328,0.018,0,24,0,8,8,3,300,0,1
1773834533.876171,203.430,0.023,0,24,0,8,8,3,300,0,1
1773834535.874557,203.535,0.019,0,24,0,8,8,3,300,0,1
1773834537.875225,203.629,0.026,0,24,0,8,8,3,300,0,1
1773834539.874669,203.730,0.020,0,24,0,8,8,3,300,0,1
1773834541.874732,203.836,0.021,0,24,0,8,8,3,300,0,1
1773834543.874569,203.938,0.023,0,24,0,8,8,3,300,0,1
1773834545.878760,204.039,0.021,0,24,0,8,8,3,300,0,1
1773834547.877763,204.145,0.034,0,24,0,8,8,3,300,0,1
1773834549.877356,204.242,0.026,0,24,0,8,8,3,300,0,1
1773834551.878626,204.348,0.020,0,24,0,8,8,3,300,0,1
1773834553.874906,204.445,0.018,0,24,0,8,8,3,300,0,1
1773834555.874470,204.547,0.022,0,24,0,8,8,3,300,0,1
1773834557.874312,204.648,0.018,0,24,0,8,8,3,300,0,1
1773834559.878641,204.758,0.018,0,24,0,8,8,3,300,0,1
1773834561.873664,204.926,0.019,0,24,0,8,8,3,300,0,1
1773834563.875551,194.828,0.018,0,24,0,8,8,3,300,0,1
1773834565.874302,194.926,0.019,0,24,0,8,8,3,300,0,1
1773834567.877541,195.008,0.026,0,24,0,8,8,3,300,0,1
1773834569.877052,195.117,0.024,0,24,0,8,8,3,300,0,1
1773834571.879151,195.219,0.019,0,24,0,8,8,3,300,0,1
1773834573.875738,195.316,0.018,0,24,0,8,8,3,300,0,1
1773834575.878087,195.418,0.018,0,24,0,8,8,3,300,0,1
1773834577.874202,195.527,0.031,0,24,0,8,8,3,300,0,1
1773834579.874019,195.625,0.022,0,24,0,8,8,3,300,0,1
1773834581.874412,195.734,0.019,0,24,0,8,8,3,300,0,1
1773834583.874359,195.832,0.021,0,24,0,8,8,3,300,0,1
1773834585.878430,195.934,0.031,0,24,0,8,8,3,300,0,1
1773834587.878637,196.035,0.022,0,24,0,8,8,3,300,0,1
1773834589.874467,196.137,0.029,0,24,0,8,8,3,300,0,1
1773834591.878339,196.246,0.021,0,24,0,8,8,3,300,0,1
1773834593.876799,196.352,0.022,0,24,0,8,8,3,300,0,1
1773834595.879926,196.449,0.026,0,24,0,8,8,3,300,0,1
1773834597.874212,196.555,0.029,0,24,0,8,8,3,300,0,1
1773834599.877234,196.656,0.024,0,24,0,8,8,3,300,0,1
1773834601.873713,196.762,0.018,0,24,0,8,8,3,300,0,1
1773834603.873847,196.859,0.020,0,24,0,8,8,3,300,0,1
1773834605.877550,196.969,0.016,0,24,0,8,8,3,300,0,1
1773834607.873755,197.070,0.015,0,24,0,8,8,3,300,0,1
1773834609.874887,197.168,0.018,0,24,0,8,8,3,300,0,1
1773834611.875403,197.281,0.019,0,24,0,8,8,3,300,0,1
1773834613.873691,197.391,0.019,0,24,0,8,8,3,300,0,1
1773834615.878839,197.488,0.029,0,24,0,8,8,3,300,0,1
1773834617.878505,197.578,0.035,0,24,0,8,8,3,300,0,1
1773834619.877755,197.684,0.028,0,24,0,8,8,3,300,0,1
1773834621.874495,197.773,0.024,0,24,0,8,8,3,300,0,1
1773834623.874853,197.875,0.019,0,24,0,8,8,3,300,0,1
1773834625.874441,197.980,0.021,0,24,0,8,8,3,300,0,1
1773834627.873607,198.082,0.021,0,24,0,8,8,3,300,0,1
1773834629.874351,198.188,0.018,0,24,0,8,8,3,300,0,1
1773834631.877310,198.285,0.027,0,24,0,8,8,3,300,0,1
1773834633.874224,198.383,0.024,0,24,0,8,8,3,300,0,1
1773834635.873989,198.484,0.027,0,24,0,8,8,3,300,0,1
1773834637.877921,198.586,0.024,0,24,0,8,8,3,300,0,1
1773834639.874100,198.688,0.024,0,24,0,8,8,3,300,0,1
1773834641.876318,198.801,0.020,0,24,0,8,8,3,300,0,1
1773834643.878184,198.902,0.017,0,24,0,8,8,3,300,0,1
1773834645.878246,199.000,0.019,0,24,0,8,8,3,300,0,1
1773834647.878227,199.102,0.019,0,24,0,8,8,3,300,0,1
1773834649.873934,199.195,0.018,0,24,0,8,8,3,300,0,1
1773834651.873892,199.301,0.017,0,24,0,8,8,3,300,0,1
1773834653.874530,199.402,0.022,0,24,0,8,8,3,300,0,1
1773834655.879062,199.512,0.021,0,24,0,8,8,3,300,0,1
1773834657.877161,199.609,0.019,0,24,0,8,8,3,300,0,1
1773834659.874197,199.715,0.025,0,24,0,8,8,3,300,0,1
1773834661.873932,199.812,0.020,0,24,0,8,8,3,300,0,1
1773834663.875938,199.922,0.018,0,24,0,8,8,3,300,0,1
1773834665.874548,200.020,0.018,0,24,0,8,8,3,300,0,1
1773834667.876317,200.117,0.022,0,24,0,8,8,3,300,0,1
1773834669.877681,200.230,0.020,0,24,0,8,8,3,300,0,1
1773834671.874542,200.328,0.021,0,24,0,8,8,3,300,0,1
1773834673.877508,200.434,0.022,0,24,0,8,8,3,300,0,1
1773834675.874462,200.539,0.028,0,24,0,8,8,3,300,0,1
1773834677.877223,200.641,0.025,0,24,0,8,8,3,300,0,1
1773834679.879617,200.742,0.021,0,24,0,8,8,3,300,0,1
1773834681.874220,200.848,0.022,0,24,0,8,8,3,300,0,1
1773834683.875973,200.941,0.021,0,24,0,8,8,3,300,0,1
1773834685.877709,201.043,0.027,0,24,0,8,8,3,300,0,1
1773834687.874030,201.145,0.024,0,24,0,8,8,3,300,0,1
1773834689.874522,201.250,0.020,0,24,0,8,8,3,300,0,1
1773834691.874274,201.352,0.020,0,24,0,8,8,3,300,0,1
1773834693.874273,201.461,0.024,0,24,0,8,8,3,300,0,1
1773834695.876896,201.562,0.023,0,24,0,8,8,3,300,0,1
1773834697.874364,201.664,0.021,0,24,0,8,8,3,300,0,1
1773834699.877384,201.770,0.023,0,24,0,8,8,3,300,0,1
1773834701.877883,201.855,0.019,0,24,0,8,8,3,300,0,1
1773834703.874116,201.961,0.019,0,24,0,8,8,3,300,0,1
1773834705.874468,202.066,0.018,0,24,0,8,8,3,300,0,1
1773834707.874722,202.164,0.016,0,24,0,8,8,3,300,0,1
1773834709.878388,202.270,0.019,0,24,0,8,8,3,300,0,1
1773834711.874475,202.371,0.017,0,24,0,8,8,3,300,0,1
1773834713.874319,202.477,0.021,0,24,0,8,8,3,300,0,1
1773834715.878499,202.574,0.020,0,24,0,8,8,3,300,0,1
1773834717.877680,202.676,0.021,0,24,0,8,8,3,300,0,1
1773834719.879560,202.781,0.023,0,24,0,8,8,3,300,0,1
1773834721.877918,202.883,0.020,0,24,0,8,8,3,300,0,1
1773834723.877985,202.988,0.023,0,24,0,8,8,3,300,0,1
1773834725.878502,203.090,0.019,0,24,0,8,8,3,300,0,1
1773834727.878058,203.191,0.029,0,24,0,8,8,3,300,0,1
1773834729.873646,203.289,0.027,0,24,0,8,8,3,300,0,1
1773834731.875645,203.398,0.026,0,24,0,8,8,3,300,0,1
1773834733.874471,203.496,0.025,0,24,0,8,8,3,300,0,1
1773834735.876535,203.590,0.020,0,24,0,8,8,3,300,0,1
1773834737.874013,203.695,0.024,0,24,0,8,8,3,300,0,1
1773834739.875021,203.801,0.022,0,24,0,8,8,3,300,0,1
1773834741.874442,203.906,0.022,0,24,0,8,8,3,300,0,1
1773834743.877835,204.004,0.025,0,24,0,8,8,3,300,0,1
1773834745.874339,204.105,0.021,0,24,0,8,8,3,300,0,1
1773834747.878809,204.207,0.016,0,24,0,8,8,3,300,0,1
1773834749.874267,204.312,0.019,0,24,0,8,8,3,300,0,1
1773834751.874434,204.406,0.018,0,24,0,8,8,3,300,0,1
1773834753.876004,204.512,0.022,0,24,0,8,8,3,300,0,1
1773834755.874204,204.617,0.024,0,24,0,8,8,3,300,0,1
1773834757.873888,204.719,0.028,0,24,0,8,8,3,300,0,1
1773834759.873896,204.902,0.021,0,24,0,8,8,3,300,0,1
1773834761.874489,194.816,0.020,0,24,0,8,8,3,300,0,1
1773834763.875388,194.926,0.022,0,24,0,8,8,3,300,0,1
1773834765.873634,195.008,0.026,0,24,0,8,8,3,300,0,1
1773834767.878022,195.105,0.023,0,24,0,8,8,3,300,0,1
1773834769.873971,195.203,0.022,0,24,0,8,8,3,300,0,1
1773834771.879064,195.312,0.023,0,24,0,8,8,3,300,0,1
1773834773.877562,195.410,0.023,0,24,0,8,8,3,300,0,1
1773834775.877691,195.520,0.023,0,24,0,8,8,3,300,0,1
1773834777.876897,195.621,0.020,0,24,0,8,8,3,300,0,1
1773834779.876223,195.727,0.023,0,24,0,8,8,3,300,0,1
1773834781.878962,195.828,0.019,0,24,0,8,8,3,300,0,1
1773834783.874700,195.926,0.019,0,24,0,8,8,3,300,0,1
1773834785.874347,196.023,0.024,0,24,0,8,8,3,300,0,1
1773834787.874027,196.129,0.020,0,24,0,8,8,3,300,0,1
1773834789.874151,196.238,0.021,0,24,0,8,8,3,300,0,1
1773834791.874721,196.340,0.024,0,24,0,8,8,3,300,0,1
1773834793.875336,196.449,0.031,0,24,0,8,8,3,300,0,1
1773834795.877254,196.555,0.032,0,24,0,8,8,3,300,0,1
1773834797.874030,196.656,0.119,0,24,0,8,8,3,300,0,1
1773834799.875358,196.758,0.051,0,24,0,8,8,3,300,0,1
1773834801.877618,196.840,0.024,0,24,0,8,8,3,300,0,1
1773834803.877223,196.949,0.030,0,24,0,8,8,3,300,0,1
1773834805.874483,197.055,0.024,0,24,0,8,8,3,300,0,1
1773834807.874085,197.148,0.022,0,24,0,8,8,3,300,0,1
1773834809.878653,197.254,0.021,0,24,0,8,8,3,300,0,1
1773834811.875532,197.352,0.023,0,24,0,8,8,3,300,0,1
1773834813.874247,197.457,0.018,0,24,0,8,8,3,300,0,1
1773834815.873477,197.566,0.018,0,24,0,8,8,3,300,0,1
1773834817.877213,197.668,0.025,0,24,0,8,8,3,300,0,1
1773834819.878403,197.762,0.031,0,24,0,8,8,3,300,0,1
1773834821.878651,197.867,0.023,0,24,0,8,8,3,300,0,1
1773834823.877166,197.965,0.025,0,24,0,8,8,3,300,0,1
1773834825.873943,198.070,0.019,0,24,0,8,8,3,300,0,1
1773834827.874096,198.172,0.018,0,24,0,8,8,3,300,0,1
1773834829.873969,198.277,0.019,0,24,0,8,8,3,300,0,1
1773834831.879225,198.383,0.018,0,24,0,8,8,3,300,0,1
1773834833.873669,198.480,0.020,0,24,0,8,8,3,300,0,1
1773834835.879508,198.578,0.022,0,24,0,8,8,3,300,0,1
1773834837.873972,198.680,0.020,0,24,0,8,8,3,300,0,1
1773834839.879249,198.785,0.022,0,24,0,8,8,3,300,0,1
1773834841.873729,198.883,0.021,0,24,0,8,8,3,300,0,1
1773834843.874127,198.996,0.021,0,24,0,8,8,3,300,0,1
1773834845.874042,199.098,0.019,0,24,0,8,8,3,300,0,1
1773834847.874599,199.191,0.020,0,24,0,8,8,3,300,0,1
1773834849.873588,199.301,0.021,0,24,0,8,8,3,300,0,1
1773834851.877309,199.391,0.019,0,24,0,8,8,3,300,0,1
1773834853.877065,199.496,0.021,0,24,0,8,8,3,300,0,1
1773834855.877541,199.602,0.026,0,24,0,8,8,3,300,0,1
1773834857.875587,199.699,0.019,0,24,0,8,8,3,300,0,1
1773834859.876831,199.809,0.025,0,24,0,8,8,3,300,0,1
1773834861.874728,199.910,0.021,0,24,0,8,8,3,300,0,1
1773834863.878703,200.016,0.041,0,24,0,8,8,3,300,0,1
1773834865.877196,200.109,0.024,0,24,0,8,8,3,300,0,1
1773834867.873650,200.219,0.020,0,24,0,8,8,3,300,0,1
1773834869.874756,200.320,0.023,0,24,0,8,8,3,300,0,1
1773834871.874422,200.426,0.021,0,24,0,8,8,3,300,0,1
1773834873.879248,200.527,0.021,0,24,0,8,8,3,300,0,1
1773834875.875748,200.633,0.026,0,24,0,8,8,3,300,0,1
1773834877.874452,200.730,0.024,0,24,0,8,8,3,300,0,1
1773834879.873995,200.836,0.021,0,24,0,8,8,3,300,0,1
1773834881.875764,200.938,0.025,0,24,0,8,8,3,300,0,1
1773834883.874454,201.039,0.020,0,24,0,8,8,3,300,0,1
1773834885.874070,201.137,0.018,0,24,0,8,8,3,300,0,1
1773834887.873991,201.242,0.025,0,24,0,8,8,3,300,0,1
1773834889.875003,201.340,0.019,0,24,0,8,8,3,300,0,1
1773834891.877160,201.449,0.018,0,24,0,8,8,3,300,0,1
1773834893.877292,201.547,0.019,0,24,0,8,8,3,300,0,1
1773834895.877592,201.648,0.019,0,24,0,8,8,3,300,0,1
1773834897.878654,201.758,0.021,0,24,0,8,8,3,300,0,1
1773834899.874068,201.859,0.023,0,24,0,8,8,3,300,0,1
1773834901.877650,201.961,0.018,0,24,0,8,8,3,300,0,1
1773834903.877962,202.059,0.021,0,24,0,8,8,3,300,0,1
1773834905.878791,202.160,0.019,0,24,0,8,8,3,300,0,1
1773834907.874520,202.258,0.021,0,24,0,8,8,3,300,0,1
1773834909.874065,202.367,0.031,0,24,0,8,8,3,300,0,1
1773834911.876772,202.461,0.021,0,24,0,8,8,3,300,0,1
1773834913.878057,202.574,0.023,0,24,0,8,8,3,300,0,1
1773834915.879169,202.668,0.024,0,24,0,8,8,3,300,0,1
1773834917.874908,202.785,0.024,0,24,0,8,8,3,300,0,1
1773834919.875318,202.879,0.026,0,24,0,8,8,3,300,0,1
1773834921.873950,202.980,0.030,0,24,0,8,8,3,300,0,1
1773834923.874043,203.090,0.021,0,24,0,8,8,3,300,0,1
1773834925.874183,203.191,0.018,0,24,0,8,8,3,300,0,1
1773834927.878538,203.293,0.027,0,24,0,8,8,3,300,0,1
1773834929.877263,203.395,0.020,0,24,0,8,8,3,300,0,1
1773834931.874671,203.492,0.019,0,24,0,8,8,3,300,0,1
1773834933.873994,203.598,0.045,0,24,0,8,8,3,300,0,1
1773834935.875245,203.691,0.024,0,24,0,8,8,3,300,0,1
1773834937.874399,203.801,0.019,0,24,0,8,8,3,300,0,1
1773834939.879060,203.898,0.018,0,24,0,8,8,3,300,0,1
1773834941.877575,204.008,0.017,0,24,0,8,8,3,300,0,1
1773834943.878681,204.105,0.027,0,24,0,8,8,3,300,0,1
1773834945.876678,204.207,0.024,0,24,0,8,8,3,300,0,1
1773834947.874206,204.309,0.021,0,24,0,8,8,3,300,0,1
1773834949.877129,204.414,0.021,0,24,0,8,8,3,300,0,1
1773834951.873580,204.512,0.029,0,24,0,8,8,3,300,0,1
1773834953.878770,204.613,0.021,0,24,0,8,8,3,300,0,1
1773834955.879872,204.711,0.019,0,24,0,8,8,3,300,0,1
1773834957.874371,204.887,0.016,0,24,0,8,8,3,300,0,1
1773834959.877501,197.906,0.025,0,24,0,8,8,3,300,0,1
1773834961.879035,194.887,0.024,0,24,0,8,8,3,300,0,1
1773834963.878238,194.969,0.019,0,24,0,8,8,3,300,0,1
1773834965.874168,195.078,0.024,0,24,0,8,8,3,300,0,1
1773834967.875940,195.180,0.025,0,24,0,8,8,3,300,0,1
1773834969.876148,195.285,0.023,0,24,0,8,8,3,300,0,1
1773834971.874029,195.383,0.021,0,24,0,8,8,3,300,0,1
1773834973.879610,195.484,0.023,0,24,0,8,8,3,300,0,1
1773834975.874807,195.590,0.017,0,24,0,8,8,3,300,0,1
1773834977.877155,195.699,0.020,0,24,0,8,8,3,300,0,1
1773834979.873859,195.805,0.017,0,24,0,8,8,3,300,0,1
1773834981.878572,195.906,0.020,0,24,0,8,8,3,300,0,1
1773834983.878575,196.016,0.027,0,24,0,8,8,3,300,0,1
1773834985.874277,196.113,0.023,0,24,0,8,8,3,300,0,1
1773834987.879549,196.215,0.020,0,24,0,8,8,3,300,0,1
1773834989.874062,196.324,0.022,0,24,0,8,8,3,300,0,1
1773834991.874596,196.426,0.028,0,24,0,8,8,3,300,0,1
1773834993.877294,196.527,0.025,0,24,0,8,8,3,300,0,1
1773834995.874227,196.633,0.027,0,24,0,8,8,3,300,0,1
1773834997.879001,196.738,0.022,0,24,0,8,8,3,300,0,1
1773834999.875346,196.836,0.024,0,24,0,8,8,3,300,0,1
1773835001.879400,196.941,0.025,0,24,0,8,8,3,300,0,1
1773835003.879121,197.031,0.026,0,24,0,8,8,3,300,0,1
1773835005.874256,197.137,0.023,0,24,0,8,8,3,300,0,1
1773835007.874226,197.238,0.019,0,24,0,8,8,3,300,0,1
1773835009.878750,197.352,0.022,0,24,0,8,8,3,300,0,1
1773835011.875558,197.434,0.018,0,24,0,8,8,3,300,0,1
1773835013.878873,197.539,0.024,0,24,0,8,8,3,300,0,1
1773835015.873990,197.641,0.022,0,24,0,8,8,3,300,0,1
1773835017.875147,197.742,0.025,0,24,0,8,8,3,300,0,1
1773835019.875609,197.844,0.021,0,24,0,8,8,3,300,0,1
1773835021.873990,197.945,0.018,0,24,0,8,8,3,300,0,1
1773835023.874172,198.043,0.020,0,24,0,8,8,3,300,0,1
1773835025.879382,198.148,0.025,0,24,0,8,8,3,300,0,1
1773835027.873992,198.254,0.020,0,24,0,8,8,3,300,0,1
1773835029.879647,198.355,0.022,0,24,0,8,8,3,300,0,1
1773835031.874093,198.453,0.017,0,24,0,8,8,3,300,0,1
1773835033.879674,198.566,0.017,0,24,0,8,8,3,300,0,1
1773835035.874164,198.660,0.028,0,24,0,8,8,3,300,0,1
1773835037.875304,198.770,0.023,0,24,0,8,8,3,300,0,1
1773835039.874248,198.863,0.024,0,24,0,8,8,3,300,0,1
1773835041.874367,198.965,0.021,0,24,0,8,8,3,300,0,1
1773835043.874534,199.070,0.021,0,24,0,8,8,3,300,0,1
1773835045.879079,199.172,0.022,0,24,0,8,8,3,300,0,1
1773835047.877939,199.277,0.025,0,24,0,8,8,3,300,0,1
1773835049.877214,199.379,0.021,0,24,0,8,8,3,300,0,1
1773835051.879695,199.484,0.022,0,24,0,8,8,3,300,0,1
1773835053.876751,199.582,0.024,0,24,0,8,8,3,300,0,1
1773835055.877582,199.680,0.019,0,24,0,8,8,3,300,0,1
1773835057.874674,199.785,0.018,0,24,0,8,8,3,300,0,1
1773835059.874018,199.887,0.020,0,24,0,8,8,3,300,0,1
1773835061.879589,199.992,0.018,0,24,0,8,8,3,300,0,1
1773835063.874917,200.094,0.020,0,24,0,8,8,3,300,0,1
1773835065.874559,200.195,0.021,0,24,0,8,8,3,300,0,1
1773835067.877718,200.309,0.021,0,24,0,8,8,3,300,0,1
1773835069.878228,200.406,0.029,0,24,0,8,8,3,300,0,1
1773835071.878356,200.512,0.021,0,24,0,8,8,3,300,0,1
1773835073.879261,200.605,0.022,0,24,0,8,8,3,300,0,1
1773835075.876781,200.711,0.025,0,24,0,8,8,3,300,0,1
1773835077.879070,200.812,0.025,0,24,0,8,8,3,300,0,1
1773835079.874499,200.922,0.019,0,24,0,8,8,3,300,0,1
1773835081.874338,201.020,0.017,0,24,0,8,8,3,300,0,1
1773835083.875990,201.125,0.020,0,24,0,8,8,3,300,0,1
1773835085.874451,201.223,0.020,0,24,0,8,8,3,300,0,1
1773835087.875337,201.320,0.020,0,24,0,8,8,3,300,0,1
1773835089.875281,201.422,0.023,0,24,0,8,8,3,300,0,1
1773835091.878364,201.531,0.020,0,24,0,8,8,3,300,0,1
1773835093.874141,201.629,0.022,0,24,0,8,8,3,300,0,1
1773835095.878533,201.727,0.022,0,24,0,8,8,3,300,0,1
1773835097.876007,201.840,0.020,0,24,0,8,8,3,300,0,1
1773835099.874617,201.938,0.029,0,24,0,8,8,3,300,0,1
1773835101.874048,202.039,0.023,0,24,0,8,8,3,300,0,1
1773835103.874276,202.137,0.020,0,24,0,8,8,3,300,0,1
1773835105.878715,202.234,0.024,0,24,0,8,8,3,300,0,1
1773835107.875138,202.344,0.020,0,24,0,8,8,3,300,0,1
1773835110.310078,197.141,0.021,0,24,0,8,8,3,300,0,1
1773835111.874381,194.738,0.021,0,24,0,8,8,3,300,0,1
1773835113.878833,194.738,0.021,0,24,0,8,8,3,300,0,1
1773835115.875264,194.738,0.021,0,24,0,8,8,3,300,0,1
1773835117.874124,194.738,0.021,0,24,0,8,8,3,300,0,1
1773835119.878648,194.738,0.021,0,24,0,8,8,3,300,0,1
1773835121.877234,194.738,0.021,0,24,0,8,8,3,300,0,1
1773835123.874128,194.738,0.021,0,24,0,8,8,3,300,0,1
1773835125.873733,194.738,0.021,0,24,0,8,8,3,300,0,1
1773835127.874802,194.738,0.021,0,24,0,8,8,3,300,0,1
1773835129.878554,194.738,0.021,0,24,0,8,8,3,300,0,1
1773835131.878700,194.738,0.021,0,24,0,8,8,3,300,0,1
1773835133.875801,194.738,0.021,0,24,0,8,8,3,300,0,1
1773835135.877959,194.738,0.021,0,24,0,8,8,3,300,0,1
1773835137.873919,194.875,0.023,0,24,0,8,8,3,300,0,1
1773835139.879420,194.941,0.022,0,24,0,8,8,3,300,0,1
1773835141.878290,194.945,0.021,0,24,0,8,8,3,300,0,1
1773835143.873769,194.945,0.022,0,24,0,8,8,3,300,0,1
1773835145.878417,194.945,0.023,0,24,0,8,8,3,300,0,1
1773835147.874540,194.793,0.024,0,24,0,8,8,3,300,0,1
1773835149.876964,194.789,0.023,0,24,0,8,8,3,300,0,1
1773838007.201305,149.527,0.000,0,24,0,8,8,3,100,0,0
1773838009.186309,149.531,0.000,0,24,0,8,8,3,100,0,0
1773838011.187392,149.531,0.000,0,24,0,8,8,3,100,0,0
1773838013.187917,149.531,0.000,0,24,0,8,8,3,100,0,0
1773838015.189148,149.531,0.000,0,24,0,8,8,3,100,0,0
1773838017.186440,149.531,0.000,0,24,0,8,8,3,100,0,0
1773838019.186230,149.531,0.000,0,24,0,8,8,3,100,0,0
1773838021.188780,149.535,0.000,0,24,0,8,8,3,100,0,0
1773838023.189437,149.535,0.000,0,24,0,8,8,3,100,0,0
1773838025.188442,149.535,0.000,0,24,0,8,8,3,100,0,0
1773838027.189020,149.535,0.000,0,24,0,8,8,3,100,0,0
1773839412.917800,150.656,0.000,0,24,0,8,8,3,100,0,0
1773839414.904629,150.586,0.000,0,24,0,8,8,3,100,0,0
1773839416.905855,150.586,0.000,0,24,0,8,8,3,100,0,0
1773839418.906455,150.586,0.000,0,24,0,8,8,3,100,0,0
1773839420.906376,150.586,0.000,0,24,0,8,8,3,100,0,0
1773839422.906234,150.586,0.000,0,24,0,8,8,3,100,0,0
1773839424.906600,150.586,0.000,0,24,0,8,8,3,100,0,0
1773839426.906227,150.590,0.000,0,24,0,8,8,3,100,0,0
1773839428.907439,150.590,0.000,0,24,0,8,8,3,100,0,0
1773839430.905524,150.590,0.000,0,24,0,8,8,3,100,0,0
1773839432.907164,150.590,0.000,0,24,0,8,8,3,100,0,0
1773839434.906924,150.590,0.000,0,24,0,8,8,3,100,0,0
1773839436.906521,150.594,0.000,0,24,0,8,8,3,100,0,0
1773839438.906373,150.336,0.000,0,24,0,8,8,3,100,0,0
1773839440.907047,150.336,0.000,0,24,0,8,8,3,100,0,0
1773839442.906874,150.336,0.000,0,24,0,8,8,3,100,0,0
1773839444.906687,150.336,0.000,0,24,0,8,8,3,100,0,0
1773839446.906531,150.344,0.000,0,24,0,8,8,3,100,0,0
1773839448.906424,150.344,0.000,0,24,0,8,8,3,100,0,0
1773839450.904055,150.344,0.000,0,24,0,8,8,3,100,0,0
1773839452.906277,150.344,0.000,0,24,0,8,8,3,100,0,0
1773839454.906196,150.344,0.000,0,24,0,8,8,3,100,0,0
1773839456.906975,150.344,0.000,0,24,0,8,8,3,100,0,0
1773839458.906641,150.344,0.000,0,24,0,8,8,3,100,0,0
1773839460.904542,150.344,0.000,0,24,0,8,8,3,100,0,0
1773839462.906378,150.344,0.000,0,24,0,8,8,3,100,0,0
1773839464.906527,150.344,0.000,0,24,0,8,8,3,100,0,0
1773839466.904917,150.348,0.000,0,24,0,8,8,3,100,0,0
1773839468.905976,150.289,0.000,0,24,0,8,8,3,100,0,0
1773839470.907408,150.289,0.000,0,24,0,8,8,3,100,0,0
1773839472.907856,150.289,0.000,0,24,0,8,8,3,100,0,0
1773839474.905961,150.289,0.000,0,24,0,8,8,3,100,0,0
1773839476.905391,150.289,0.000,0,24,0,8,8,3,100,0,0
1773839478.905747,150.293,0.000,0,24,0,8,8,3,100,0,0
1773839480.907470,150.293,0.000,0,24,0,8,8,3,100,0,0
1773839482.906489,150.293,0.000,0,24,0,8,8,3,100,0,0
1773839484.906405,150.293,0.000,0,24,0,8,8,3,100,0,0
1773839486.907922,150.297,0.000,0,24,0,8,8,3,100,0,0
1773839488.906877,150.297,0.000,0,24,0,8,8,3,100,0,0
1773839490.904223,150.297,0.000,0,24,0,8,8,3,100,0,0
1773839492.906207,150.297,0.000,0,24,0,8,8,3,100,0,0
1773839494.907974,150.297,0.000,0,24,0,8,8,3,100,0,0
1773839496.904935,150.297,0.000,0,24,0,8,8,3,100,0,0
1773839498.906791,150.297,0.000,0,24,0,8,8,3,100,0,0
1773839500.904925,150.301,0.000,0,24,0,8,8,3,100,0,0
1773839502.907504,150.301,0.000,0,24,0,8,8,3,100,0,0
1773839504.905000,150.301,0.000,0,24,0,8,8,3,100,0,0
1773839506.907314,150.305,0.000,0,24,0,8,8,3,100,0,0
1773839508.906363,150.305,0.000,0,24,0,8,8,3,100,0,0
1773839510.907126,150.305,0.000,0,24,0,8,8,3,100,0,0
1773839512.906712,150.305,0.000,0,24,0,8,8,3,100,0,0
1773839514.906191,150.305,0.000,0,24,0,8,8,3,100,0,0
1773839516.904682,150.305,0.000,0,24,0,8,8,3,100,0,0
1773839518.906799,150.305,0.000,0,24,0,8,8,3,100,0,0
1773839520.906591,150.305,0.000,0,24,0,8,8,3,100,0,0
1773839522.906399,150.305,0.000,0,24,0,8,8,3,100,0,0
1773839524.908103,150.305,0.000,0,24,0,8,8,3,100,0,0
1773839526.907051,150.309,0.000,0,24,0,8,8,3,100,0,0
1773839528.906345,150.309,0.000,0,24,0,8,8,3,100,0,0
1773839530.905208,150.309,0.000,0,24,0,8,8,3,100,0,0
1773839532.905787,150.309,0.000,0,24,0,8,8,3,100,0,0
1773839534.906458,150.309,0.000,0,24,0,8,8,3,100,0,0
1773839536.905586,150.309,0.000,0,24,0,8,8,3,100,0,0
1773839538.905250,150.309,0.000,0,24,0,8,8,3,100,0,0
1773839540.906444,150.309,0.000,0,24,0,8,8,3,100,0,0
1773839542.904357,150.309,0.000,0,24,0,8,8,3,100,0,0
1773839544.904390,150.309,0.000,0,24,0,8,8,3,100,0,0
1773839546.906322,150.312,0.000,0,24,0,8,8,3,100,0,0
1773839548.906775,150.316,0.000,0,24,0,8,8,3,100,0,0
1773839550.904324,150.316,0.000,0,24,0,8,8,3,100,0,0
1773839552.906603,150.316,0.000,0,24,0,8,8,3,100,0,0
1773839554.905832,150.316,0.000,0,24,0,8,8,3,100,0,0
1773839556.904951,150.316,0.000,0,24,0,8,8,3,100,0,0
1773839558.906511,150.316,0.000,0,24,0,8,8,3,100,0,0
1773839560.906319,150.316,0.000,0,24,0,8,8,3,100,0,0
1773839562.906188,150.316,0.000,0,24,0,8,8,3,100,0,0
1773839564.907004,150.320,0.000,0,24,0,8,8,3,100,0,0
1773839566.907147,150.324,0.000,0,24,0,8,8,3,100,0,0
1773839568.906996,150.324,0.000,0,24,0,8,8,3,100,0,0
1773839570.905299,150.324,0.000,0,24,0,8,8,3,100,0,0
1773839572.905947,150.324,0.000,0,24,0,8,8,3,100,0,0
1773839574.906343,150.328,0.000,0,24,0,8,8,3,100,0,0
1773839576.906130,150.328,0.000,0,24,0,8,8,3,100,0,0
1773839578.905945,150.328,0.000,0,24,0,8,8,3,100,0,0
1773839580.906066,150.328,0.000,0,24,0,8,8,3,100,0,0
1773839582.905728,150.328,0.000,0,24,0,8,8,3,100,0,0
1773839584.906328,150.328,0.000,0,24,0,8,8,3,100,0,0
1773839586.905540,150.332,0.000,0,24,0,8,8,3,100,0,0
1773839588.905107,150.332,0.000,0,24,0,8,8,3,100,0,0
1773839590.907041,150.332,0.000,0,24,0,8,8,3,100,0,0
1773839592.905936,150.332,0.000,0,24,0,8,8,3,100,0,0
1773839594.906217,150.332,0.000,0,24,0,8,8,3,100,0,0
1773839596.906056,150.332,0.000,0,24,0,8,8,3,100,0,0
1773839598.905913,150.332,0.000,0,24,0,8,8,3,100,0,0
1773839600.907241,150.332,0.000,0,24,0,8,8,3,100,0,0
1773839602.908323,150.332,0.000,0,24,0,8,8,3,100,0,0
1773839604.906974,150.332,0.000,0,24,0,8,8,3,100,0,0
1773839606.906835,150.336,0.000,0,24,0,8,8,3,100,0,0
1773839608.906347,150.336,0.000,0,24,0,8,8,3,100,0,0
1773839610.906104,150.336,0.000,0,24,0,8,8,3,100,0,0
1773839612.907087,150.340,0.000,0,24,0,8,8,3,100,0,0
1773839614.906040,150.340,0.000,0,24,0,8,8,3,100,0,0
1773839616.907980,150.340,0.000,0,24,0,8,8,3,100,0,0
1773839618.906792,150.340,0.000,0,24,0,8,8,3,100,0,0
1773839620.906143,150.340,0.000,0,24,0,8,8,3,100,0,0
1773839622.906411,150.340,0.000,0,24,0,8,8,3,100,0,0
1773839624.904954,150.340,0.000,0,24,0,8,8,3,100,0,0
1773839626.906531,150.344,0.000,0,24,0,8,8,3,100,0,0
1773839628.907417,150.344,0.000,0,24,0,8,8,3,100,0,0
1773839630.905461,150.344,0.000,0,24,0,8,8,3,100,0,0
1773839632.905546,150.344,0.000,0,24,0,8,8,3,100,0,0
1773839634.905232,150.344,0.000,0,24,0,8,8,3,100,0,0
1773839636.906228,150.344,0.000,0,24,0,8,8,3,100,0,0
1773839638.905204,150.344,0.000,0,24,0,8,8,3,100,0,0
1773839640.905199,150.344,0.000,0,24,0,8,8,3,100,0,0
1773839642.904130,150.344,0.000,0,24,0,8,8,3,100,0,0
1773839644.906186,150.344,0.000,0,24,0,8,8,3,100,0,0
1773839646.906969,150.348,0.000,0,24,0,8,8,3,100,0,0
1773839648.905254,150.348,0.000,0,24,0,8,8,3,100,0,0
1773839650.905600,150.348,0.000,0,24,0,8,8,3,100,0,0
1773839652.906411,150.348,0.000,0,24,0,8,8,3,100,0,0
1773839654.906700,150.348,0.000,0,24,0,8,8,3,100,0,0
1773839656.905755,150.348,0.000,0,24,0,8,8,3,100,0,0
1773839658.905257,150.348,0.000,0,24,0,8,8,3,100,0,0
1773839660.906284,150.348,0.000,0,24,0,8,8,3,100,0,0
1773839662.905764,150.348,0.000,0,24,0,8,8,3,100,0,0
1773839664.906667,150.348,0.000,0,24,0,8,8,3,100,0,0
1773839666.907054,150.352,0.000,0,24,0,8,8,3,100,0,0
1773839668.906593,150.352,0.000,0,24,0,8,8,3,100,0,0
1773839670.906115,150.352,0.000,0,24,0,8,8,3,100,0,0
1773839672.906182,150.352,0.000,0,24,0,8,8,3,100,0,0
1773839674.905993,150.352,0.000,0,24,0,8,8,3,100,0,0
1773839676.905736,150.355,0.000,0,24,0,8,8,3,100,0,0
1773839678.906430,150.355,0.000,0,24,0,8,8,3,100,0,0
1773839680.906586,150.355,0.000,0,24,0,8,8,3,100,0,0
1773839682.906195,150.355,0.000,0,24,0,8,8,3,100,0,0
1773839684.906065,150.355,0.000,0,24,0,8,8,3,100,0,0
1773839686.905011,150.359,0.000,0,24,0,8,8,3,100,0,0
1773839688.906113,150.359,0.000,0,24,0,8,8,3,100,0,0
1773839690.906131,150.359,0.000,0,24,0,8,8,3,100,0,0
1773839692.906475,150.359,0.000,0,24,0,8,8,3,100,0,0
1773839694.906522,150.359,0.000,0,24,0,8,8,3,100,0,0
1773839696.906989,150.359,0.000,0,24,0,8,8,3,100,0,0
1773839698.906196,150.359,0.000,0,24,0,8,8,3,100,0,0
1773839700.906752,150.359,0.000,0,24,0,8,8,3,100,0,0
1773839702.906452,150.363,0.000,0,24,0,8,8,3,100,0,0
1773839704.905417,150.363,0.000,0,24,0,8,8,3,100,0,0
1773839706.906729,150.367,0.000,0,24,0,8,8,3,100,0,0
1773839708.906135,150.410,0.000,0,24,0,8,8,3,100,0,0
1773839710.907508,150.410,0.000,0,24,0,8,8,3,100,0,0
1773839712.905564,150.395,0.000,0,24,0,8,8,3,100,0,0
1773839714.906274,150.395,0.000,0,24,0,8,8,3,100,0,0
1773839716.905355,150.395,0.000,0,24,0,8,8,3,100,0,0
1773839718.904281,150.395,0.000,0,24,0,8,8,3,100,0,0
1773839720.904796,150.395,0.000,0,24,0,8,8,3,100,0,0
1773839722.906263,150.395,0.000,0,24,0,8,8,3,100,0,0
1773839724.906380,150.395,0.000,0,24,0,8,8,3,100,0,0
1773839726.904943,150.398,0.000,0,24,0,8,8,3,100,0,0
1773839728.906888,150.398,0.000,0,24,0,8,8,3,100,0,0
1773839730.906420,150.398,0.000,0,24,0,8,8,3,100,0,0
1773839732.906339,150.398,0.000,0,24,0,8,8,3,100,0,0
1773839734.906438,150.398,0.000,0,24,0,8,8,3,100,0,0
1773839736.907483,150.398,0.000,0,24,0,8,8,3,100,0,0
1773839738.907265,150.398,0.000,0,24,0,8,8,3,100,0,0
1773839740.906448,150.398,0.000,0,24,0,8,8,3,100,0,0
1773839742.907034,150.402,0.000,0,24,0,8,8,3,100,0,0
1773839744.906755,150.402,0.000,0,24,0,8,8,3,100,0,0
1773839746.905707,150.406,0.000,0,24,0,8,8,3,100,0,0
1773839748.906635,150.406,0.000,0,24,0,8,8,3,100,0,0
1773839750.905739,150.406,0.000,0,24,0,8,8,3,100,0,0
1773839752.905709,150.406,0.000,0,24,0,8,8,3,100,0,0
1773839754.905157,150.406,0.000,0,24,0,8,8,3,100,0,0
1773839756.904324,150.406,0.000,0,24,0,8,8,3,100,0,0
1773839758.904675,150.406,0.000,0,24,0,8,8,3,100,0,0
1773839760.906767,150.406,0.000,0,24,0,8,8,3,100,0,0
1773839762.905792,150.406,0.000,0,24,0,8,8,3,100,0,0
1773839764.906461,150.406,0.000,0,24,0,8,8,3,100,0,0
1773839766.906926,150.410,0.000,0,24,0,8,8,3,100,0,0
1773839768.906886,150.562,0.000,0,24,0,8,8,3,100,0,0
1773839770.906411,150.566,0.000,0,24,0,8,8,3,100,0,0
1773839772.906421,150.566,0.000,0,24,0,8,8,3,100,0,0
1773839774.905951,150.566,0.000,0,24,0,8,8,3,100,0,0
1773839776.906292,150.566,0.000,0,24,0,8,8,3,100,0,0
1773839778.906688,150.566,0.000,0,24,0,8,8,3,100,0,0
1773839780.907053,150.566,0.000,0,24,0,8,8,3,100,0,0
1773839782.906642,150.566,0.000,0,24,0,8,8,3,100,0,0
1773839784.907095,150.566,0.000,0,24,0,8,8,3,100,0,0
1773839786.906948,150.566,0.000,0,24,0,8,8,3,100,0,0
1773839788.904243,150.566,0.000,0,24,0,8,8,3,100,0,0
1773839790.906763,150.570,0.000,0,24,0,8,8,3,100,0,0
1773839792.906278,150.570,0.000,0,24,0,8,8,3,100,0,0
1773839794.905933,150.570,0.000,0,24,0,8,8,3,100,0,0
1773839796.906800,150.570,0.000,0,24,0,8,8,3,100,0,0
1773839798.906438,150.570,0.000,0,24,0,8,8,3,100,0,0
1773839800.907403,150.570,0.000,0,24,0,8,8,3,100,0,0
1773839802.906560,150.570,0.000,0,24,0,8,8,3,100,0,0
1773839804.905792,150.570,0.000,0,24,0,8,8,3,100,0,0
1773839806.906857,150.570,0.000,0,24,0,8,8,3,100,0,0
1773839808.904556,150.570,0.000,0,24,0,8,8,3,100,0,0
1773839810.906911,150.574,0.000,0,24,0,8,8,3,100,0,0
1773839812.906868,150.574,0.000,0,24,0,8,8,3,100,0,0
1773839814.906551,150.574,0.000,0,24,0,8,8,3,100,0,0
1773839816.906197,150.574,0.000,0,24,0,8,8,3,100,0,0
1773839818.905702,150.574,0.000,0,24,0,8,8,3,100,0,0
1773839820.906422,150.574,0.000,0,24,0,8,8,3,100,0,0
1773839822.906264,150.574,0.000,0,24,0,8,8,3,100,0,0
1773839824.906628,150.574,0.000,0,24,0,8,8,3,100,0,0
1773839826.905153,150.574,0.000,0,24,0,8,8,3,100,0,0
1773839828.905837,150.574,0.000,0,24,0,8,8,3,100,0,0
1773839830.905872,150.578,0.000,0,24,0,8,8,3,100,0,0
1773839832.906306,150.582,0.000,0,24,0,8,8,3,100,0,0
1773839834.907171,150.582,0.000,0,24,0,8,8,3,100,0,0
1773839836.905062,150.582,0.000,0,24,0,8,8,3,100,0,0
1773839838.904983,150.582,0.000,0,24,0,8,8,3,100,0,0
1773839840.906063,150.582,0.000,0,24,0,8,8,3,100,0,0
1773839842.906426,150.582,0.000,0,24,0,8,8,3,100,0,0
1773839844.906530,150.582,0.000,0,24,0,8,8,3,100,0,0
1773839846.906136,150.582,0.000,0,24,0,8,8,3,100,0,0
1773839848.905643,150.582,0.000,0,24,0,8,8,3,100,0,0
1773839850.906128,150.586,0.000,0,24,0,8,8,3,100,0,0
1773839852.907184,150.586,0.000,0,24,0,8,8,3,100,0,0
1773839854.906124,150.586,0.000,0,24,0,8,8,3,100,0,0
1773839856.905900,150.586,0.000,0,24,0,8,8,3,100,0,0
1773839858.904524,150.586,0.000,0,24,0,8,8,3,100,0,0
1773839860.905545,150.586,0.000,0,24,0,8,8,3,100,0,0
1773839862.906060,150.586,0.000,0,24,0,8,8,3,100,0,0
1773839864.906391,150.590,0.000,0,24,0,8,8,3,100,0,0
1773839866.906872,150.590,0.000,0,24,0,8,8,3,100,0,0
1773839868.905673,150.590,0.000,0,24,0,8,8,3,100,0,0
1773839870.905900,150.594,0.000,0,24,0,8,8,3,100,0,0
1773839872.906449,150.594,0.000,0,24,0,8,8,3,100,0,0
1773839874.906300,150.594,0.000,0,24,0,8,8,3,100,0,0
1773839876.906522,150.594,0.000,0,24,0,8,8,3,100,0,0
1773839878.906746,150.594,0.000,0,24,0,8,8,3,100,0,0
1773839880.906985,150.594,0.000,0,24,0,8,8,3,100,0,0
1773839882.907091,150.594,0.000,0,24,0,8,8,3,100,0,0
1773839884.907091,150.594,0.000,0,24,0,8,8,3,100,0,0
1773839886.906451,150.594,0.000,0,24,0,8,8,3,100,0,0
1773839888.904499,150.594,0.000,0,24,0,8,8,3,100,0,0
1773839890.906637,150.598,0.000,0,24,0,8,8,3,100,0,0
1773839892.904293,150.598,0.000,0,24,0,8,8,3,100,0,0
1773839894.907989,150.598,0.000,0,24,0,8,8,3,100,0,0
1773839896.906283,150.598,0.000,0,24,0,8,8,3,100,0,0
1773839898.906038,150.598,0.000,0,24,0,8,8,3,100,0,0
1773839900.906126,150.598,0.000,0,24,0,8,8,3,100,0,0
1773839902.904841,150.598,0.000,0,24,0,8,8,3,100,0,0
1773839904.906639,150.598,0.000,0,24,0,8,8,3,100,0,0
1773839906.905561,150.598,0.000,0,24,0,8,8,3,100,0,0
1773839908.906997,150.598,0.000,0,24,0,8,8,3,100,0,0
1773839910.906879,150.602,0.000,0,24,0,8,8,3,100,0,0
1773839912.905420,150.602,0.000,0,24,0,8,8,3,100,0,0
1773839914.906675,150.602,0.000,0,24,0,8,8,3,100,0,0
1773839916.906215,150.602,0.000,0,24,0,8,8,3,100,0,0
1773839918.906334,150.602,0.000,0,24,0,8,8,3,100,0,0
1773839920.905658,150.602,0.000,0,24,0,8,8,3,100,0,0
1773839922.906995,150.602,0.000,0,24,0,8,8,3,100,0,0
1773839924.906125,150.602,0.000,0,24,0,8,8,3,100,0,0
1773839926.906602,150.602,0.000,0,24,0,8,8,3,100,0,0
1773839928.906992,150.602,0.000,0,24,0,8,8,3,100,0,0
1773839930.905059,150.609,0.000,0,24,0,8,8,3,100,0,0
1773839932.906081,150.609,0.000,0,24,0,8,8,3,100,0,0
1773839934.905842,150.609,0.000,0,24,0,8,8,3,100,0,0
1773839936.907740,150.609,0.000,0,24,0,8,8,3,100,0,0
1773839938.905547,150.609,0.000,0,24,0,8,8,3,100,0,0
1773839940.906305,150.609,0.000,0,24,0,8,8,3,100,0,0
1773839942.905567,150.609,0.000,0,24,0,8,8,3,100,0,0
1773839944.906616,150.609,0.000,0,24,0,8,8,3,100,0,0
1773839946.905451,150.609,0.000,0,24,0,8,8,3,100,0,0
1773839948.906151,150.609,0.000,0,24,0,8,8,3,100,0,0
1773839950.907129,150.613,0.000,0,24,0,8,8,3,100,0,0
1773839952.906239,150.613,0.000,0,24,0,8,8,3,100,0,0
1773839954.907077,150.613,0.000,0,24,0,8,8,3,100,0,0
1773839956.906327,150.613,0.000,0,24,0,8,8,3,100,0,0
1773839958.907348,150.613,0.000,0,24,0,8,8,3,100,0,0
1773839960.906145,150.617,0.000,0,24,0,8,8,3,100,0,0
1773839962.906237,150.617,0.000,0,24,0,8,8,3,100,0,0
1773839964.907032,150.617,0.000,0,24,0,8,8,3,100,0,0
1773839966.906225,150.617,0.000,0,24,0,8,8,3,100,0,0
1773839968.906183,150.617,0.000,0,24,0,8,8,3,100,0,0
1773839970.906790,150.621,0.000,0,24,0,8,8,3,100,0,0
1773839972.906560,150.621,0.000,0,24,0,8,8,3,100,0,0
1773839974.906313,150.621,0.000,0,24,0,8,8,3,100,0,0
1773839976.907121,150.621,0.000,0,24,0,8,8,3,100,0,0
1773839978.906810,150.621,0.000,0,24,0,8,8,3,100,0,0
1773839980.906043,150.621,0.000,0,24,0,8,8,3,100,0,0
1773839982.905760,150.621,0.000,0,24,0,8,8,3,100,0,0
1773839984.907140,150.621,0.000,0,24,0,8,8,3,100,0,0
1773839986.907079,150.621,0.000,0,24,0,8,8,3,100,0,0
1773839988.906838,150.621,0.000,0,24,0,8,8,3,100,0,0
1773839990.906669,150.625,0.000,0,24,0,8,8,3,100,0,0
1773839992.905916,150.625,0.000,0,24,0,8,8,3,100,0,0
1773839994.904342,150.625,0.000,0,24,0,8,8,3,100,0,0
1773839996.906698,150.625,0.000,0,24,0,8,8,3,100,0,0
1773839998.906750,150.625,0.000,0,24,0,8,8,3,100,0,0
1773840000.904413,150.625,0.000,0,24,0,8,8,3,100,0,0
1773840002.904801,150.625,0.000,0,24,0,8,8,3,100,0,0
1773840004.907704,150.629,0.000,0,24,0,8,8,3,100,0,0
1773840006.907003,150.629,0.000,0,24,0,8,8,3,100,0,0
1773840008.905715,150.684,0.000,0,24,0,8,8,3,100,0,0
1773840010.906384,150.688,0.000,0,24,0,8,8,3,100,0,0
1773840012.906305,150.688,0.000,0,24,0,8,8,3,100,0,0
1773840014.906344,150.688,0.000,0,24,0,8,8,3,100,0,0
1773840016.906593,150.688,0.000,0,24,0,8,8,3,100,0,0
1773840018.905916,150.688,0.000,0,24,0,8,8,3,100,0,0
1773840020.906749,150.688,0.000,0,24,0,8,8,3,100,0,0
1773840022.906286,150.688,0.000,0,24,0,8,8,3,100,0,0
1773840024.905119,150.688,0.000,0,24,0,8,8,3,100,0,0
1773840026.906195,150.688,0.000,0,24,0,8,8,3,100,0,0
1773840028.907419,150.688,0.000,0,24,0,8,8,3,100,0,0
1773840030.906378,150.691,0.000,0,24,0,8,8,3,100,0,0
1773840032.906441,150.691,0.000,0,24,0,8,8,3,100,0,0
1773840034.906161,150.691,0.000,0,24,0,8,8,3,100,0,0
1773840036.906739,150.691,0.000,0,24,0,8,8,3,100,0,0
1773840038.905999,150.691,0.000,0,24,0,8,8,3,100,0,0
1773840040.905982,150.691,0.000,0,24,0,8,8,3,100,0,0
1773840042.906005,150.691,0.000,0,24,0,8,8,3,100,0,0
1773840044.906195,150.691,0.000,0,24,0,8,8,3,100,0,0
1773840046.904487,150.691,0.000,0,24,0,8,8,3,100,0,0
1773840048.906501,150.691,0.000,0,24,0,8,8,3,100,0,0
1773840050.906058,150.695,0.000,0,24,0,8,8,3,100,0,0
1773840052.905945,150.695,0.000,0,24,0,8,8,3,100,0,0
1773840054.905881,150.695,0.000,0,24,0,8,8,3,100,0,0
1773840056.905468,150.695,0.000,0,24,0,8,8,3,100,0,0
1773840058.906210,150.695,0.000,0,24,0,8,8,3,100,0,0
1773840060.906895,150.695,0.000,0,24,0,8,8,3,100,0,0
1773840062.905456,150.695,0.000,0,24,0,8,8,3,100,0,0
1773840064.904399,150.695,0.000,0,24,0,8,8,3,100,0,0
1773840066.905948,150.695,0.000,0,24,0,8,8,3,100,0,0
1773840068.906100,150.695,0.000,0,24,0,8,8,3,100,0,0
1773840070.906016,150.699,0.000,0,24,0,8,8,3,100,0,0
1773840072.905860,150.699,0.000,0,24,0,8,8,3,100,0,0
1773840074.904628,150.699,0.000,0,24,0,8,8,3,100,0,0
1773840076.905991,150.699,0.000,0,24,0,8,8,3,100,0,0
1773840078.907023,150.699,0.000,0,24,0,8,8,3,100,0,0
1773840080.905865,150.699,0.000,0,24,0,8,8,3,100,0,0
1773840082.906522,150.699,0.000,0,24,0,8,8,3,100,0,0
1773840084.906338,150.699,0.000,0,24,0,8,8,3,100,0,0
1773840086.904786,150.699,0.000,0,24,0,8,8,3,100,0,0
1773840088.905879,150.703,0.000,0,24,0,8,8,3,100,0,0
1773840090.906045,150.707,0.000,0,24,0,8,8,3,100,0,0
1773840092.905004,150.707,0.000,0,24,0,8,8,3,100,0,0
1773840094.907026,150.707,0.000,0,24,0,8,8,3,100,0,0
1773840096.905748,150.707,0.000,0,24,0,8,8,3,100,0,0
1773840098.906015,150.707,0.000,0,24,0,8,8,3,100,0,0
1773840100.906884,150.707,0.000,0,24,0,8,8,3,100,0,0
1773840102.907921,150.707,0.000,0,24,0,8,8,3,100,0,0
1773840104.905524,150.707,0.000,0,24,0,8,8,3,100,0,0
1773840106.905973,150.707,0.000,0,24,0,8,8,3,100,0,0
1773840108.907251,150.707,0.000,0,24,0,8,8,3,100,0,0
1773840110.906608,150.711,0.000,0,24,0,8,8,3,100,0,0
1773840112.906117,150.711,0.000,0,24,0,8,8,3,100,0,0
1773840114.905585,150.711,0.000,0,24,0,8,8,3,100,0,0
1773840116.906768,150.711,0.000,0,24,0,8,8,3,100,0,0
1773840118.906683,150.711,0.000,0,24,0,8,8,3,100,0,0
1773840120.907162,150.711,0.000,0,24,0,8,8,3,100,0,0
1773840122.905409,150.715,0.000,0,24,0,8,8,3,100,0,0
1773840124.907095,150.715,0.000,0,24,0,8,8,3,100,0,0
1773840126.906146,150.715,0.000,0,24,0,8,8,3,100,0,0
1773840128.905968,150.715,0.000,0,24,0,8,8,3,100,0,0
1773840130.906105,150.719,0.000,0,24,0,8,8,3,100,0,0
1773840132.906785,150.719,0.000,0,24,0,8,8,3,100,0,0
1773840134.907844,150.719,0.000,0,24,0,8,8,3,100,0,0
1773840136.906389,150.719,0.000,0,24,0,8,8,3,100,0,0
1773840138.905634,150.719,0.000,0,24,0,8,8,3,100,0,0
1773840140.906410,150.719,0.000,0,24,0,8,8,3,100,0,0
1773840142.906193,150.719,0.000,0,24,0,8,8,3,100,0,0
1773840144.906388,150.719,0.000,0,24,0,8,8,3,100,0,0
1773840146.906518,150.719,0.000,0,24,0,8,8,3,100,0,0
1773840148.906223,150.719,0.000,0,24,0,8,8,3,100,0,0
1773840150.906358,150.723,0.000,0,24,0,8,8,3,100,0,0
1773840152.906710,150.723,0.000,0,24,0,8,8,3,100,0,0
1773840154.905387,150.723,0.000,0,24,0,8,8,3,100,0,0
1773840156.905917,150.723,0.000,0,24,0,8,8,3,100,0,0
1773840158.906543,150.723,0.000,0,24,0,8,8,3,100,0,0
1773840160.907086,150.723,0.000,0,24,0,8,8,3,100,0,0
1773840162.906698,150.723,0.000,0,24,0,8,8,3,100,0,0
1773840164.905359,150.723,0.000,0,24,0,8,8,3,100,0,0
1773840166.906700,150.723,0.000,0,24,0,8,8,3,100,0,0
1773840168.905686,150.723,0.000,0,24,0,8,8,3,100,0,0
1773840170.906343,150.727,0.000,0,24,0,8,8,3,100,0,0
1773840172.906710,150.727,0.000,0,24,0,8,8,3,100,0,0
1773840174.908038,150.727,0.000,0,24,0,8,8,3,100,0,0
1773840176.906308,150.727,0.000,0,24,0,8,8,3,100,0,0
1773840178.905103,150.727,0.000,0,24,0,8,8,3,100,0,0
1773840180.907094,150.727,0.000,0,24,0,8,8,3,100,0,0
1773840182.906332,150.727,0.000,0,24,0,8,8,3,100,0,0
1773840184.907844,150.727,0.000,0,24,0,8,8,3,100,0,0
1773840186.905939,150.727,0.000,0,24,0,8,8,3,100,0,0
1773840188.906075,150.727,0.000,0,24,0,8,8,3,100,0,0
1773840190.908206,150.730,0.000,0,24,0,8,8,3,100,0,0
1773840192.906186,150.730,0.000,0,24,0,8,8,3,100,0,0
1773840194.907522,150.730,0.000,0,24,0,8,8,3,100,0,0
1773840196.909454,150.730,0.000,0,24,0,8,8,3,100,0,0
1773840198.907521,150.730,0.000,0,24,0,8,8,3,100,0,0
1773840200.907645,150.730,0.000,0,24,0,8,8,3,100,0,0
1773840202.906379,150.730,0.000,0,24,0,8,8,3,100,0,0
1773840204.905621,150.730,0.000,0,24,0,8,8,3,100,0,0
1773840206.907529,150.730,0.000,0,24,0,8,8,3,100,0,0
1773840208.907491,150.730,0.000,0,24,0,8,8,3,100,0,0
1773840210.907715,150.734,0.000,0,24,0,8,8,3,100,0,0
1773840212.906944,150.734,0.000,0,24,0,8,8,3,100,0,0
1773840214.907824,150.734,0.000,0,24,0,8,8,3,100,0,0
1773840216.909223,150.738,0.000,0,24,0,8,8,3,100,0,0
1773840218.908197,150.738,0.000,0,24,0,8,8,3,100,0,0
1773840220.907621,150.738,0.000,0,24,0,8,8,3,100,0,0
1773840222.907850,150.738,0.000,0,24,0,8,8,3,100,0,0
1773840224.906658,150.738,0.000,0,24,0,8,8,3,100,0,0
1773840226.906727,150.738,0.000,0,24,0,8,8,3,100,0,0
1773840228.907178,150.738,0.000,0,24,0,8,8,3,100,0,0
1773840230.908950,150.742,0.000,0,24,0,8,8,3,100,0,0
1773840232.907980,150.742,0.000,0,24,0,8,8,3,100,0,0
1773840234.908354,150.742,0.000,0,24,0,8,8,3,100,0,0
1773840236.909302,150.742,0.000,0,24,0,8,8,3,100,0,0
1773840238.909586,150.742,0.000,0,24,0,8,8,3,100,0,0
1773840240.908006,150.742,0.000,0,24,0,8,8,3,100,0,0
1773840242.908312,150.742,0.000,0,24,0,8,8,3,100,0,0
1773840244.909058,150.742,0.000,0,24,0,8,8,3,100,0,0
1773840246.907301,150.742,0.000,0,24,0,8,8,3,100,0,0
1773840248.908481,150.746,0.000,0,24,0,8,8,3,100,0,0
1773840250.908398,150.750,0.000,0,24,0,8,8,3,100,0,0
1773840252.908831,150.750,0.000,0,24,0,8,8,3,100,0,0
1773840254.909445,150.750,0.000,0,24,0,8,8,3,100,0,0
1773840256.906667,150.750,0.000,0,24,0,8,8,3,100,0,0
1773840258.908295,150.750,0.000,0,24,0,8,8,3,100,0,0
1773840260.906623,150.750,0.000,0,24,0,8,8,3,100,0,0
1773840262.908479,150.750,0.000,0,24,0,8,8,3,100,0,0
1773840264.908828,150.750,0.000,0,24,0,8,8,3,100,0,0
1773840266.909388,150.750,0.000,0,24,0,8,8,3,100,0,0
1773840268.908603,150.750,0.000,0,24,0,8,8,3,100,0,0
1773840270.908827,150.754,0.000,0,24,0,8,8,3,100,0,0
1773840272.910050,150.754,0.000,0,24,0,8,8,3,100,0,0
1773840274.909568,150.754,0.000,0,24,0,8,8,3,100,0,0
1773840276.908909,150.754,0.000,0,24,0,8,8,3,100,0,0
1773840278.908607,150.754,0.000,0,24,0,8,8,3,100,0,0
1773840280.908928,150.754,0.000,0,24,0,8,8,3,100,0,0
1773840282.908975,150.754,0.000,0,24,0,8,8,3,100,0,0
1773840284.910183,150.754,0.000,0,24,0,8,8,3,100,0,0
1773840286.909727,150.754,0.000,0,24,0,8,8,3,100,0,0
1773840288.909138,150.754,0.000,0,24,0,8,8,3,100,0,0
1773840290.909433,150.758,0.000,0,24,0,8,8,3,100,0,0
1773840292.908798,150.758,0.000,0,24,0,8,8,3,100,0,0
1773840294.908701,150.758,0.000,0,24,0,8,8,3,100,0,0
1773840296.909684,150.758,0.000,0,24,0,8,8,3,100,0,0
1773840298.909201,150.758,0.000,0,24,0,8,8,3,100,0,0
1773840300.908957,150.758,0.000,0,24,0,8,8,3,100,0,0
1773840302.910193,150.758,0.000,0,24,0,8,8,3,100,0,0
1773840304.908253,150.758,0.000,0,24,0,8,8,3,100,0,0
1773840306.907515,150.758,0.000,0,24,0,8,8,3,100,0,0
1773840308.909398,150.758,0.000,0,24,0,8,8,3,100,0,0
1773840310.907854,150.762,0.000,0,24,0,8,8,3,100,0,0
1773840312.909755,150.762,0.000,0,24,0,8,8,3,100,0,0
1773840314.910337,150.762,0.000,0,24,0,8,8,3,100,0,0
1773840316.909690,150.762,0.000,0,24,0,8,8,3,100,0,0
1773840318.909695,150.762,0.000,0,24,0,8,8,3,100,0,0
1773840320.909208,150.762,0.000,0,24,0,8,8,3,100,0,0
1773840322.908453,150.762,0.000,0,24,0,8,8,3,100,0,0
1773840324.908965,150.762,0.000,0,24,0,8,8,3,100,0,0
1773840326.910411,150.762,0.000,0,24,0,8,8,3,100,0,0
1773840328.910630,150.762,0.000,0,24,0,8,8,3,100,0,0
1773840330.909777,150.766,0.000,0,24,0,8,8,3,100,0,0
1773840332.909980,150.766,0.000,0,24,0,8,8,3,100,0,0
1773840334.910201,150.766,0.000,0,24,0,8,8,3,100,0,0
1773840336.910103,150.766,0.000,0,24,0,8,8,3,100,0,0
1773840338.907846,150.766,0.000,0,24,0,8,8,3,100,0,0
1773840340.910867,150.766,0.000,0,24,0,8,8,3,100,0,0
1773840342.909801,150.770,0.000,0,24,0,8,8,3,100,0,0
1773840344.909978,150.770,0.000,0,24,0,8,8,3,100,0,0
1773840346.909738,150.770,0.000,0,24,0,8,8,3,100,0,0
1773840348.908393,150.770,0.000,0,24,0,8,8,3,100,0,0
1773840350.910672,150.773,0.000,0,24,0,8,8,3,100,0,0
1773840352.908608,150.773,0.000,0,24,0,8,8,3,100,0,0
1773840354.910299,150.773,0.000,0,24,0,8,8,3,100,0,0
1773840356.911017,150.773,0.000,0,24,0,8,8,3,100,0,0
1773840358.910646,150.773,0.000,0,24,0,8,8,3,100,0,0
1773840360.909374,150.773,0.000,0,24,0,8,8,3,100,0,0
1773840362.909622,150.773,0.000,0,24,0,8,8,3,100,0,0
1773840364.911556,150.773,0.000,0,24,0,8,8,3,100,0,0
1773840366.910849,150.773,0.000,0,24,0,8,8,3,100,0,0
1773840368.910963,150.773,0.000,0,24,0,8,8,3,100,0,0
1773840370.910988,150.777,0.000,0,24,0,8,8,3,100,0,0
1773840372.910589,150.777,0.000,0,24,0,8,8,3,100,0,0
1773840374.910598,150.781,0.000,0,24,0,8,8,3,100,0,0
1773840376.911163,150.781,0.000,0,24,0,8,8,3,100,0,0
1773840378.909515,150.781,0.000,0,24,0,8,8,3,100,0,0
1773840380.911951,150.781,0.000,0,24,0,8,8,3,100,0,0
1773840382.911965,150.781,0.000,0,24,0,8,8,3,100,0,0
1773840384.911363,150.781,0.000,0,24,0,8,8,3,100,0,0
1773840386.911333,150.781,0.000,0,24,0,8,8,3,100,0,0
1773840388.910128,150.781,0.000,0,24,0,8,8,3,100,0,0
1773840390.909009,150.785,0.000,0,24,0,8,8,3,100,0,0
1773840392.909288,150.785,0.000,0,24,0,8,8,3,100,0,0
1773840394.910986,150.785,0.000,0,24,0,8,8,3,100,0,0
1773840396.909913,150.785,0.000,0,24,0,8,8,3,100,0,0
1773840398.912488,150.785,0.000,0,24,0,8,8,3,100,0,0
1773840400.911345,150.785,0.000,0,24,0,8,8,3,100,0,0
1773840402.911413,150.785,0.000,0,24,0,8,8,3,100,0,0
1773840404.911854,150.785,0.000,0,24,0,8,8,3,100,0,0
1773840406.911225,150.785,0.000,0,24,0,8,8,3,100,0,0
1773840408.911215,150.785,0.000,0,24,0,8,8,3,100,0,0
1773840410.911495,150.789,0.000,0,24,0,8,8,3,100,0,0
1773840412.912689,150.789,0.000,0,24,0,8,8,3,100,0,0
1773840414.911358,150.789,0.000,0,24,0,8,8,3,100,0,0
1773840416.911534,150.789,0.000,0,24,0,8,8,3,100,0,0
1773840418.911947,150.789,0.000,0,24,0,8,8,3,100,0,0
1773840420.910662,150.789,0.000,0,24,0,8,8,3,100,0,0
1773840422.910446,150.789,0.000,0,24,0,8,8,3,100,0,0
1773840424.912086,150.789,0.000,0,24,0,8,8,3,100,0,0
1773840426.912295,150.789,0.000,0,24,0,8,8,3,100,0,0
1773840428.912024,150.789,0.000,0,24,0,8,8,3,100,0,0
1773840430.911631,150.793,0.000,0,24,0,8,8,3,100,0,0
1773840432.910312,150.793,0.000,0,24,0,8,8,3,100,0,0
1773840434.911539,150.793,0.000,0,24,0,8,8,3,100,0,0
1773840436.911780,150.793,0.000,0,24,0,8,8,3,100,0,0
1773840438.911941,150.797,0.000,0,24,0,8,8,3,100,0,0
1773840440.912056,150.797,0.000,0,24,0,8,8,3,100,0,0
1773840442.912507,150.797,0.000,0,24,0,8,8,3,100,0,0
1773840444.911759,150.797,0.000,0,24,0,8,8,3,100,0,0
1773840446.912235,150.797,0.000,0,24,0,8,8,3,100,0,0
1773840448.912257,150.797,0.000,0,24,0,8,8,3,100,0,0
1773840450.912072,150.801,0.000,0,24,0,8,8,3,100,0,0
1773840452.912577,150.801,0.000,0,24,0,8,8,3,100,0,0
1773840454.913016,150.801,0.000,0,24,0,8,8,3,100,0,0
1773840456.912214,150.801,0.000,0,24,0,8,8,3,100,0,0
1773840458.912392,150.801,0.000,0,24,0,8,8,3,100,0,0
1773840460.911681,150.801,0.000,0,24,0,8,8,3,100,0,0
1773840462.912930,150.801,0.000,0,24,0,8,8,3,100,0,0
1773840464.913290,150.801,0.000,0,24,0,8,8,3,100,0,0
1773840466.911545,150.801,0.000,0,24,0,8,8,3,100,0,0
1773840468.913646,150.801,0.000,0,24,0,8,8,3,100,0,0
1773840470.912912,150.809,0.000,0,24,0,8,8,3,100,0,0
1773840472.913008,150.809,0.000,0,24,0,8,8,3,100,0,0
1773840474.912365,150.809,0.000,0,24,0,8,8,3,100,0,0
1773840476.912904,150.809,0.000,0,24,0,8,8,3,100,0,0
1773840478.912516,150.809,0.000,0,24,0,8,8,3,100,0,0
1773840480.912616,150.809,0.000,0,24,0,8,8,3,100,0,0
1773840482.913286,150.809,0.000,0,24,0,8,8,3,100,0,0
1773840484.911659,150.809,0.000,0,24,0,8,8,3,100,0,0
1773840486.912549,150.809,0.000,0,24,0,8,8,3,100,0,0
1773840488.911969,150.809,0.000,0,24,0,8,8,3,100,0,0
1773840490.912680,150.812,0.000,0,24,0,8,8,3,100,0,0
1773840492.911853,150.812,0.000,0,24,0,8,8,3,100,0,0
1773840494.911426,150.812,0.000,0,24,0,8,8,3,100,0,0
1773840496.913134,150.812,0.000,0,24,0,8,8,3,100,0,0
1773840498.913319,150.812,0.000,0,24,0,8,8,3,100,0,0
1773840500.914833,150.812,0.000,0,24,0,8,8,3,100,0,0
1773840502.913192,150.812,0.000,0,24,0,8,8,3,100,0,0
1773840504.912357,150.816,0.000,0,24,0,8,8,3,100,0,0
1773840506.913091,150.816,0.000,0,24,0,8,8,3,100,0,0
1773840508.912796,150.816,0.000,0,24,0,8,8,3,100,0,0
1773840510.913956,150.820,0.000,0,24,0,8,8,3,100,0,0
1773840512.914069,150.820,0.000,0,24,0,8,8,3,100,0,0
1773840514.912867,150.820,0.000,0,24,0,8,8,3,100,0,0
1773840516.913967,150.820,0.000,0,24,0,8,8,3,100,0,0
1773840518.913638,150.820,0.000,0,24,0,8,8,3,100,0,0
1773840520.911885,150.820,0.000,0,24,0,8,8,3,100,0,0
1773840522.914208,150.820,0.000,0,24,0,8,8,3,100,0,0
1773840524.912909,150.820,0.000,0,24,0,8,8,3,100,0,0
1773840526.913583,150.820,0.000,0,24,0,8,8,3,100,0,0
1773840528.913183,150.820,0.000,0,24,0,8,8,3,100,0,0
1773840530.913897,150.824,0.000,0,24,0,8,8,3,100,0,0
1773840532.913680,150.824,0.000,0,24,0,8,8,3,100,0,0
1773840534.913546,150.824,0.000,0,24,0,8,8,3,100,0,0
1773840536.913334,150.824,0.000,0,24,0,8,8,3,100,0,0
1773840538.914865,150.824,0.000,0,24,0,8,8,3,100,0,0
1773840540.913358,150.824,0.000,0,24,0,8,8,3,100,0,0
1773840542.913925,150.824,0.000,0,24,0,8,8,3,100,0,0
1773840544.914506,150.824,0.000,0,24,0,8,8,3,100,0,0
1773840546.913685,150.824,0.000,0,24,0,8,8,3,100,0,0
1773840548.913167,150.824,0.000,0,24,0,8,8,3,100,0,0
1773840550.913914,150.828,0.000,0,24,0,8,8,3,100,0,0
1773840552.914520,150.828,0.000,0,24,0,8,8,3,100,0,0
1773840554.913913,150.828,0.000,0,24,0,8,8,3,100,0,0
1773840556.912203,150.828,0.000,0,24,0,8,8,3,100,0,0
1773840558.913900,150.828,0.000,0,24,0,8,8,3,100,0,0
1773840560.915351,150.828,0.000,0,24,0,8,8,3,100,0,0
1773840562.914385,150.828,0.000,0,24,0,8,8,3,100,0,0
1773840564.914625,150.828,0.000,0,24,0,8,8,3,100,0,0
1773840566.914666,150.828,0.000,0,24,0,8,8,3,100,0,0
1773840568.914207,150.828,0.000,0,24,0,8,8,3,100,0,0
1773840570.913511,150.832,0.000,0,24,0,8,8,3,100,0,0
1773840572.912943,150.832,0.000,0,24,0,8,8,3,100,0,0
1773840574.915005,150.836,0.000,0,24,0,8,8,3,100,0,0
1773840576.914950,150.836,0.000,0,24,0,8,8,3,100,0,0
1773840578.914662,150.836,0.000,0,24,0,8,8,3,100,0,0
1773840580.914773,150.836,0.000,0,24,0,8,8,3,100,0,0
1773840582.915153,150.836,0.000,0,24,0,8,8,3,100,0,0
1773840584.914611,150.836,0.000,0,24,0,8,8,3,100,0,0
1773840586.914717,150.836,0.000,0,24,0,8,8,3,100,0,0
1773840588.914660,150.836,0.000,0,24,0,8,8,3,100,0,0
1773840590.915160,150.840,0.000,0,24,0,8,8,3,100,0,0
1773840592.915590,150.840,0.000,0,24,0,8,8,3,100,0,0
1773840594.915956,150.840,0.000,0,24,0,8,8,3,100,0,0
1773840596.915698,150.840,0.000,0,24,0,8,8,3,100,0,0
1773840598.914655,150.844,0.000,0,24,0,8,8,3,100,0,0
1773840600.913335,150.844,0.000,0,24,0,8,8,3,100,0,0
1773840602.915648,150.844,0.000,0,24,0,8,8,3,100,0,0
1773840604.914260,150.844,0.000,0,24,0,8,8,3,100,0,0
1773840606.915680,150.844,0.000,0,24,0,8,8,3,100,0,0
1773840608.916032,150.793,0.000,0,24,0,8,8,3,100,0,0
1773840610.915019,150.797,0.000,0,24,0,8,8,3,100,0,0
1773840612.916183,150.797,0.000,0,24,0,8,8,3,100,0,0
1773840614.914303,150.797,0.000,0,24,0,8,8,3,100,0,0
1773840616.914903,150.797,0.000,0,24,0,8,8,3,100,0,0
1773840618.915061,150.797,0.000,0,24,0,8,8,3,100,0,0
1773840620.915640,150.797,0.000,0,24,0,8,8,3,100,0,0
1773840622.915855,150.797,0.000,0,24,0,8,8,3,100,0,0
1773840624.915162,150.797,0.000,0,24,0,8,8,3,100,0,0
1773840626.915383,150.797,0.000,0,24,0,8,8,3,100,0,0
1773840628.915593,150.797,0.000,0,24,0,8,8,3,100,0,0
1773840630.915503,150.801,0.000,0,24,0,8,8,3,100,0,0
1773840632.914646,150.801,0.000,0,24,0,8,8,3,100,0,0
1773840634.915221,150.801,0.000,0,24,0,8,8,3,100,0,0
1773840636.915632,150.801,0.000,0,24,0,8,8,3,100,0,0
1773840638.915466,150.801,0.000,0,24,0,8,8,3,100,0,0
1773840640.916798,150.801,0.000,0,24,0,8,8,3,100,0,0
1773840642.915388,150.805,0.000,0,24,0,8,8,3,100,0,0
1773840644.914329,150.805,0.000,0,24,0,8,8,3,100,0,0
1773840646.916144,150.805,0.000,0,24,0,8,8,3,100,0,0
1773840648.914928,150.805,0.000,0,24,0,8,8,3,100,0,0
1773840650.916336,150.809,0.000,0,24,0,8,8,3,100,0,0
1773840652.916394,150.809,0.000,0,24,0,8,8,3,100,0,0
1773840654.916197,150.809,0.000,0,24,0,8,8,3,100,0,0
1773840656.915629,150.809,0.000,0,24,0,8,8,3,100,0,0
1773840658.915699,150.809,0.000,0,24,0,8,8,3,100,0,0
1773840660.917243,150.809,0.000,0,24,0,8,8,3,100,0,0
1773840662.916247,150.809,0.000,0,24,0,8,8,3,100,0,0
1773840664.916961,150.809,0.000,0,24,0,8,8,3,100,0,0
1773840666.914322,150.809,0.000,0,24,0,8,8,3,100,0,0
1773840668.914874,150.809,0.000,0,24,0,8,8,3,100,0,0
1773840670.914732,150.812,0.000,0,24,0,8,8,3,100,0,0
1773840672.916104,150.812,0.000,0,24,0,8,8,3,100,0,0
1773840674.915346,150.812,0.000,0,24,0,8,8,3,100,0,0
1773840676.916828,150.812,0.000,0,24,0,8,8,3,100,0,0
1773840678.917473,150.812,0.000,0,24,0,8,8,3,100,0,0
1773840680.916006,150.812,0.000,0,24,0,8,8,3,100,0,0
1773840682.916529,150.812,0.000,0,24,0,8,8,3,100,0,0
1773840684.915116,150.812,0.000,0,24,0,8,8,3,100,0,0
1773840686.915284,150.812,0.000,0,24,0,8,8,3,100,0,0
1773840688.916492,150.812,0.000,0,24,0,8,8,3,100,0,0
1773840690.916491,150.816,0.000,0,24,0,8,8,3,100,0,0
1773840692.916037,150.816,0.000,0,24,0,8,8,3,100,0,0
1773840694.916053,150.816,0.000,0,24,0,8,8,3,100,0,0
1773840696.917544,150.816,0.000,0,24,0,8,8,3,100,0,0
1773840698.914766,150.816,0.000,0,24,0,8,8,3,100,0,0
1773840700.916694,150.816,0.000,0,24,0,8,8,3,100,0,0
1773840702.917745,150.816,0.000,0,24,0,8,8,3,100,0,0
1773840704.916337,150.816,0.000,0,24,0,8,8,3,100,0,0
1773840706.917164,150.816,0.000,0,24,0,8,8,3,100,0,0
1773840708.916823,150.816,0.000,0,24,0,8,8,3,100,0,0
1773841452.987725,150.828,0.000,0,24,0,8,8,3,100,0,0
1773841454.975754,150.852,0.000,0,24,0,8,8,3,100,0,0
1773841456.975507,151.539,0.000,0,24,0,8,8,3,100,0,0
1773841458.976055,151.543,0.000,0,24,0,8,8,3,100,0,0
1773841460.975365,151.559,0.000,0,24,0,8,8,3,100,0,0
1773841462.976130,151.594,0.000,0,24,0,8,8,3,100,0,0
1773841464.974869,151.594,0.000,0,24,0,8,8,3,100,0,0
1773841466.975314,151.594,0.000,0,24,0,8,8,3,100,0,0
1773841468.976362,151.668,0.000,0,24,0,8,8,3,100,0,0
1773841470.976245,151.668,0.000,0,24,0,8,8,3,100,0,0
1773841472.976199,151.668,0.000,0,24,0,8,8,3,100,0,0
1773841474.975222,151.668,0.000,0,24,0,8,8,3,100,0,0
1773841476.976188,151.668,0.000,0,24,0,8,8,3,100,0,0
1773841478.975500,151.406,0.000,0,24,0,8,8,3,100,0,0
1773841480.976417,151.406,0.000,0,24,0,8,8,3,100,0,0
1773841482.975326,151.406,0.000,0,24,0,8,8,3,100,0,0
1773841484.975997,151.414,0.000,0,24,0,8,8,3,100,0,0
1773841486.977101,151.414,0.000,0,24,0,8,8,3,100,0,0
1773841488.975359,151.418,0.000,0,24,0,8,8,3,100,0,0
1773841490.975594,151.418,0.000,0,24,0,8,8,3,100,0,0
1773841492.975717,151.418,0.000,0,24,0,8,8,3,100,0,0
1773841494.976279,151.332,0.000,0,24,0,8,8,3,100,0,0
1773841496.976179,151.332,0.000,0,24,0,8,8,3,100,0,0
1773841498.975458,151.332,0.000,0,24,0,8,8,3,100,0,0
1773841500.975861,151.332,0.000,0,24,0,8,8,3,100,0,0
1773841502.976242,151.332,0.000,0,24,0,8,8,3,100,0,0
1773841504.976263,151.332,0.000,0,24,0,8,8,3,100,0,0
1773841506.976250,151.332,0.000,0,24,0,8,8,3,100,0,0
1773841508.976070,151.297,0.000,0,24,0,8,8,3,100,0,0
1773841510.975849,151.297,0.000,0,24,0,8,8,3,100,0,0
1773841512.975893,151.297,0.000,0,24,0,8,8,3,100,0,0
1773841514.977042,151.297,0.000,0,24,0,8,8,3,100,0,0
1773841516.976177,151.297,0.000,0,24,0,8,8,3,100,0,0
1773841518.976152,151.297,0.000,0,24,0,8,8,3,100,0,0
1773841520.976456,151.297,0.000,0,24,0,8,8,3,100,0,0
1773841522.976744,151.297,0.000,0,24,0,8,8,3,100,0,0
1773841524.976163,151.297,0.000,0,24,0,8,8,3,100,0,0
1773841526.976784,151.297,0.000,0,24,0,8,8,3,100,0,0
1773841528.977605,151.301,0.000,0,24,0,8,8,3,100,0,0
1773841530.976189,151.301,0.000,0,24,0,8,8,3,100,0,0
1773841532.976796,151.301,0.000,0,24,0,8,8,3,100,0,0
1773841534.976738,151.301,0.000,0,24,0,8,8,3,100,0,0
1773841536.976314,151.301,0.000,0,24,0,8,8,3,100,0,0
1773841538.976726,151.281,0.000,0,24,0,8,8,3,100,0,0
1773841540.976718,151.281,0.000,0,24,0,8,8,3,100,0,0
1773841542.976410,151.281,0.000,0,24,0,8,8,3,100,0,0
1773841544.976311,151.281,0.000,0,24,0,8,8,3,100,0,0
1773841546.976917,151.281,0.000,0,24,0,8,8,3,100,0,0
1773841548.976561,151.289,0.000,0,24,0,8,8,3,100,0,0
1773841550.976665,151.289,0.000,0,24,0,8,8,3,100,0,0
1773841552.977666,151.289,0.000,0,24,0,8,8,3,100,0,0
1773841554.976831,151.289,0.000,0,24,0,8,8,3,100,0,0
1773841556.976710,151.293,0.000,0,24,0,8,8,3,100,0,0
1773841558.977320,151.293,0.000,0,24,0,8,8,3,100,0,0
1773841560.976639,151.293,0.000,0,24,0,8,8,3,100,0,0
1773841562.976876,151.293,0.000,0,24,0,8,8,3,100,0,0
1773841564.976592,151.293,0.000,0,24,0,8,8,3,100,0,0
1773841566.977548,151.293,0.000,0,24,0,8,8,3,100,0,0
1773841568.977296,151.297,0.000,0,24,0,8,8,3,100,0,0
1773841570.978006,151.297,0.000,0,24,0,8,8,3,100,0,0
1773841572.976935,151.297,0.000,0,24,0,8,8,3,100,0,0
1773841574.977130,151.297,0.000,0,24,0,8,8,3,100,0,0
1773841576.977631,151.297,0.000,0,24,0,8,8,3,100,0,0
1773841578.977409,151.297,0.000,0,24,0,8,8,3,100,0,0
1773841580.977722,151.297,0.000,0,24,0,8,8,3,100,0,0
1773841582.977450,151.297,0.000,0,24,0,8,8,3,100,0,0
1773841584.977164,151.297,0.000,0,24,0,8,8,3,100,0,0
1773841586.977882,151.297,0.000,0,24,0,8,8,3,100,0,0
1773841588.978132,151.301,0.000,0,24,0,8,8,3,100,0,0
1773841590.977727,151.301,0.000,0,24,0,8,8,3,100,0,0
1773841592.977680,151.301,0.000,0,24,0,8,8,3,100,0,0
1773841594.976982,151.301,0.000,0,24,0,8,8,3,100,0,0
1773841596.977851,151.301,0.000,0,24,0,8,8,3,100,0,0
1773841598.977924,151.301,0.000,0,24,0,8,8,3,100,0,0
1773841600.977915,151.301,0.000,0,24,0,8,8,3,100,0,0
1773841602.978492,151.301,0.000,0,24,0,8,8,3,100,0,0
1773841604.403280,150.727,0.000,0,24,0,8,8,3,100,0,0
1773841604.977888,151.301,0.000,0,24,0,8,8,3,100,0,0
1773841606.384079,150.730,0.000,0,24,0,8,8,3,100,0,0
1773841606.978090,151.301,0.000,0,24,0,8,8,3,100,0,0
1773841608.385006,150.734,0.000,0,24,0,8,8,3,100,0,0
1773841608.977745,151.305,0.000,0,24,0,8,8,3,100,0,0
1773841610.383501,150.734,0.000,0,24,0,8,8,3,100,0,0
1773841610.978014,151.305,0.000,0,24,0,8,8,3,100,0,0
1773841612.384430,150.734,0.000,0,24,0,8,8,3,100,0,0
1773841612.979156,151.309,0.000,0,24,0,8,8,3,100,0,0
1773841614.386476,150.738,0.000,0,24,0,8,8,3,100,0,0
1773841614.978059,151.309,0.000,0,24,0,8,8,3,100,0,0
1773841616.384329,150.738,0.000,0,24,0,8,8,3,100,0,0
1773841616.978276,151.309,0.000,0,24,0,8,8,3,100,0,0
1773841618.384270,150.742,0.000,0,24,0,8,8,3,100,0,0
1773841618.978014,151.309,0.000,0,24,0,8,8,3,100,0,0
1773841620.384969,150.742,0.000,0,24,0,8,8,3,100,0,0
1773841620.977921,151.309,0.000,0,24,0,8,8,3,100,0,0
1773841622.385002,150.742,0.000,0,24,0,8,8,3,100,0,0
1773841622.978174,151.309,0.000,0,24,0,8,8,3,100,0,0
1773841624.384614,150.742,0.000,0,24,0,8,8,3,100,0,0
1773841624.978698,151.312,0.000,0,24,0,8,8,3,100,0,0
1773841626.384367,150.742,0.000,0,24,0,8,8,3,100,0,0
1773841626.979711,151.312,0.000,0,24,0,8,8,3,100,0,0
1773841628.383669,150.746,0.000,0,24,0,8,8,3,100,0,0
1773841628.978005,151.316,0.000,0,24,0,8,8,3,100,0,0
1773841630.383876,150.488,0.000,0,24,0,8,8,3,100,0,0
1773841630.978847,151.316,0.000,0,24,0,8,8,3,100,0,0
1773841632.384857,150.488,0.000,0,24,0,8,8,3,100,0,0
1773841632.978341,151.316,0.000,0,24,0,8,8,3,100,0,0
1773841634.384105,150.488,0.000,0,24,0,8,8,3,100,0,0
1773841634.978533,151.316,0.000,0,24,0,8,8,3,100,0,0
1773841636.385792,150.488,0.000,0,24,0,8,8,3,100,0,0
1773841636.978436,151.316,0.000,0,24,0,8,8,3,100,0,0
1773841638.387789,150.496,0.000,0,24,0,8,8,3,100,0,0
1773841638.978410,151.316,0.000,0,24,0,8,8,3,100,0,0
1773841640.383664,150.496,0.000,0,24,0,8,8,3,100,0,0
1773841640.978548,151.316,0.000,0,24,0,8,8,3,100,0,0
1773841642.384772,150.496,0.000,0,24,0,8,8,3,100,0,0
1773841642.978448,151.316,0.000,0,24,0,8,8,3,100,0,0
1773841644.384919,150.496,0.000,0,24,0,8,8,3,100,0,0
1773841644.978142,151.316,0.000,0,24,0,8,8,3,100,0,0
1773841646.383832,150.496,0.000,0,24,0,8,8,3,100,0,0
1773841646.978056,151.316,0.000,0,24,0,8,8,3,100,0,0
1773841648.384467,150.496,0.000,0,24,0,8,8,3,100,0,0
1773841648.978490,151.320,0.000,0,24,0,8,8,3,100,0,0
1773841650.385558,150.496,0.000,0,24,0,8,8,3,100,0,0
1773841650.978925,151.320,0.000,0,24,0,8,8,3,100,0,0
1773841652.385042,150.496,0.000,0,24,0,8,8,3,100,0,0
1773841652.978798,151.320,0.000,0,24,0,8,8,3,100,0,0
1773841654.385667,150.496,0.000,0,24,0,8,8,3,100,0,0
1773841654.978230,151.320,0.000,0,24,0,8,8,3,100,0,0
1773841656.384591,151.211,0.000,0,24,0,8,8,3,100,0,0
1773841656.977808,151.352,0.000,0,24,0,8,8,3,100,0,0
1773841658.384077,151.156,0.000,0,24,0,8,8,3,100,0,0
1773841658.979268,151.352,0.000,0,24,0,8,8,3,100,0,0
1773841660.384346,151.121,0.000,0,24,0,8,8,3,100,0,0
1773841660.978045,151.352,0.000,0,24,0,8,8,3,100,0,0
1773841662.385006,151.121,0.000,0,24,0,8,8,3,100,0,0
1773841662.978509,151.352,0.000,0,24,0,8,8,3,100,0,0
1773841664.384296,151.121,0.000,0,24,0,8,8,3,100,0,0
1773841664.978340,151.352,0.000,0,24,0,8,8,3,100,0,0
1773841666.384626,151.121,0.000,0,24,0,8,8,3,100,0,0
1773841666.978545,151.352,0.000,0,24,0,8,8,3,100,0,0
1773841668.384181,151.125,0.000,0,24,0,8,8,3,100,0,0
1773841668.978670,151.355,0.000,0,24,0,8,8,3,100,0,0
1773841670.384676,151.125,0.000,0,24,0,8,8,3,100,0,0
1773841670.979395,151.355,0.000,0,24,0,8,8,3,100,0,0
1773841672.384937,151.125,0.000,0,24,0,8,8,3,100,0,0
1773841672.979036,151.355,0.000,0,24,0,8,8,3,100,0,0
1773841674.386833,151.125,0.000,0,24,0,8,8,3,100,0,0
1773841674.978588,151.355,0.000,0,24,0,8,8,3,100,0,0
1773841676.385011,151.125,0.000,0,24,0,8,8,3,100,0,0
1773841676.978142,151.355,0.000,0,24,0,8,8,3,100,0,0
1773841678.384268,151.125,0.000,0,24,0,8,8,3,100,0,0
1773841678.979142,151.355,0.000,0,24,0,8,8,3,100,0,0
1773841680.384839,151.129,0.000,0,24,0,8,8,3,100,0,0
1773841680.978897,151.355,0.000,0,24,0,8,8,3,100,0,0
1773841682.384316,151.129,0.000,0,24,0,8,8,3,100,0,0
1773841682.982222,151.355,0.000,0,24,0,8,8,3,100,0,0
1773841684.392466,151.129,0.000,0,24,0,8,8,3,100,0,0
1773841684.983223,151.359,0.000,0,24,0,8,8,3,100,0,0
1773841686.384786,151.129,0.000,0,24,0,8,8,3,100,0,0
1773841686.978467,151.359,0.000,0,24,0,8,8,3,100,0,0
1773841688.384732,151.129,0.000,0,24,0,8,8,3,100,0,0
1773841688.979602,151.359,0.000,0,24,0,8,8,3,100,0,0
1773841690.386366,151.109,0.000,0,24,0,8,8,3,100,0,0
1773841690.979139,151.359,0.000,0,24,0,8,8,3,100,0,0
1773841692.386422,151.109,0.000,0,24,0,8,8,3,100,0,0
1773841692.979122,151.363,0.000,0,24,0,8,8,3,100,0,0
1773841694.385612,151.109,0.000,0,24,0,8,8,3,100,0,0
1773841694.979389,151.363,0.000,0,24,0,8,8,3,100,0,0
1773841696.386688,151.109,0.000,0,24,0,8,8,3,100,0,0
1773841696.979167,151.363,0.000,0,24,0,8,8,3,100,0,0
1773841698.385672,151.109,0.000,0,24,0,8,8,3,100,0,0
1773841698.978851,151.363,0.000,0,24,0,8,8,3,100,0,0
1773841700.385747,151.113,0.000,0,24,0,8,8,3,100,0,0
1773841700.979137,151.363,0.000,0,24,0,8,8,3,100,0,0
1773841702.386689,151.113,0.000,0,24,0,8,8,3,100,0,0
1773841702.979525,151.363,0.000,0,24,0,8,8,3,100,0,0
1773841704.386695,151.113,0.000,0,24,0,8,8,3,100,0,0
1773841704.979262,151.363,0.000,0,24,0,8,8,3,100,0,0
1773841706.385401,151.113,0.000,0,24,0,8,8,3,100,0,0
1773841706.979291,151.363,0.000,0,24,0,8,8,3,100,0,0
1773841708.385754,151.113,0.000,0,24,0,8,8,3,100,0,0
1773841708.979822,151.363,0.000,0,24,0,8,8,3,100,0,0
1773841710.385871,151.113,0.000,0,24,0,8,8,3,100,0,0
1773841710.979795,151.363,0.000,0,24,0,8,8,3,100,0,0
1773841712.385799,151.113,0.000,0,24,0,8,8,3,100,0,0
1773841712.979128,151.367,0.000,0,24,0,8,8,3,100,0,0
1773841714.386376,151.113,0.000,0,24,0,8,8,3,100,0,0
1773841714.979836,151.367,0.000,0,24,0,8,8,3,100,0,0
1773841716.385651,151.113,0.000,0,24,0,8,8,3,100,0,0
1773841716.979228,151.367,0.000,0,24,0,8,8,3,100,0,0
1773841718.385152,151.113,0.000,0,24,0,8,8,3,100,0,0
1773841718.979125,151.367,0.000,0,24,0,8,8,3,100,0,0
1773841720.385307,151.117,0.000,0,24,0,8,8,3,100,0,0
1773841720.980154,151.367,0.000,0,24,0,8,8,3,100,0,0
1773841722.384932,151.117,0.000,0,24,0,8,8,3,100,0,0
1773841722.979222,151.371,0.000,0,24,0,8,8,3,100,0,0
1773841724.385623,151.117,0.000,0,24,0,8,8,3,100,0,0
1773841724.980252,151.371,0.000,0,24,0,8,8,3,100,0,0
1773841726.386406,151.117,0.000,0,24,0,8,8,3,100,0,0
1773841726.980322,151.371,0.000,0,24,0,8,8,3,100,0,0
1773841728.386123,151.117,0.000,0,24,0,8,8,3,100,0,0
1773841728.980045,151.371,0.000,0,24,0,8,8,3,100,0,0
1773841730.385742,151.117,0.000,0,24,0,8,8,3,100,0,0
1773841730.979726,151.371,0.000,0,24,0,8,8,3,100,0,0
1773841732.386532,151.121,0.000,0,24,0,8,8,3,100,0,0
1773841732.979914,151.375,0.000,0,24,0,8,8,3,100,0,0
1773841734.386694,151.121,0.000,0,24,0,8,8,3,100,0,0
1773841734.980444,151.375,0.000,0,24,0,8,8,3,100,0,0
1773841736.385598,151.121,0.000,0,24,0,8,8,3,100,0,0
1773841736.979605,151.375,0.000,0,24,0,8,8,3,100,0,0
1773841738.386889,151.121,0.000,0,24,0,8,8,3,100,0,0
1773841738.980291,151.375,0.000,0,24,0,8,8,3,100,0,0
1773841740.385819,151.125,0.000,0,24,0,8,8,3,100,0,0
1773841740.980163,151.375,0.000,0,24,0,8,8,3,100,0,0
1773841742.385989,151.125,0.000,0,24,0,8,8,3,100,0,0
1773841742.979864,151.379,0.000,0,24,0,8,8,3,100,0,0
1773841744.385233,151.125,0.000,0,24,0,8,8,3,100,0,0
1773841744.979773,151.379,0.000,0,24,0,8,8,3,100,0,0
1773841746.386254,151.125,0.000,0,24,0,8,8,3,100,0,0
1773841746.979566,151.379,0.000,0,24,0,8,8,3,100,0,0
1773841748.388256,151.125,0.000,0,24,0,8,8,3,100,0,0
1773841748.980690,151.422,0.000,0,24,0,8,8,3,100,0,0
1773841750.385572,151.125,0.000,0,24,0,8,8,3,100,0,0
1773841750.980095,151.422,0.000,0,24,0,8,8,3,100,0,0
1773841752.386518,151.125,0.000,0,24,0,8,8,3,100,0,0
1773841752.980327,151.410,0.000,0,24,0,8,8,3,100,0,0
1773841754.385641,151.129,0.000,0,24,0,8,8,3,100,0,0
1773841754.979895,151.410,0.000,0,24,0,8,8,3,100,0,0
1773841756.386533,151.129,0.000,0,24,0,8,8,3,100,0,0
1773841756.979975,151.410,0.000,0,24,0,8,8,3,100,0,0
1773841758.386793,151.129,0.000,0,24,0,8,8,3,100,0,0
1773841758.979414,151.410,0.000,0,24,0,8,8,3,100,0,0
1773841760.385702,151.133,0.000,0,24,0,8,8,3,100,0,0
1773841760.980155,151.410,0.000,0,24,0,8,8,3,100,0,0
1773841762.394128,151.133,0.000,0,24,0,8,8,3,100,0,0
1773841762.979765,151.410,0.000,0,24,0,8,8,3,100,0,0
1773841764.385672,151.133,0.000,0,24,0,8,8,3,100,0,0
1773841764.980077,151.410,0.000,0,24,0,8,8,3,100,0,0
1773841766.386309,151.133,0.000,0,24,0,8,8,3,100,0,0
1773841766.980960,151.410,0.000,0,24,0,8,8,3,100,0,0
1773841768.386627,151.137,0.000,0,24,0,8,8,3,100,0,0
1773841768.980498,151.410,0.000,0,24,0,8,8,3,100,0,0
1773841770.386588,151.137,0.000,0,24,0,8,8,3,100,0,0
1773841770.980122,151.410,0.000,0,24,0,8,8,3,100,0,0
1773841772.388145,151.137,0.000,0,24,0,8,8,3,100,0,0
1773841772.980578,151.414,0.000,0,24,0,8,8,3,100,0,0
1773841774.386369,151.137,0.000,0,24,0,8,8,3,100,0,0
1773841774.980664,151.414,0.000,0,24,0,8,8,3,100,0,0
1773841776.388603,151.137,0.000,0,24,0,8,8,3,100,0,0
1773841776.980624,151.414,0.000,0,24,0,8,8,3,100,0,0
1773841778.386449,151.137,0.000,0,24,0,8,8,3,100,0,0
1773841778.980327,151.414,0.000,0,24,0,8,8,3,100,0,0
1773841780.385996,151.141,0.000,0,24,0,8,8,3,100,0,0
1773841780.981090,151.414,0.000,0,24,0,8,8,3,100,0,0
1773841782.387735,151.141,0.000,0,24,0,8,8,3,100,0,0
1773841782.980386,151.414,0.000,0,24,0,8,8,3,100,0,0
1773841784.386281,151.141,0.000,0,24,0,8,8,3,100,0,0
1773841784.980053,151.414,0.000,0,24,0,8,8,3,100,0,0
1773841786.387579,151.141,0.000,0,24,0,8,8,3,100,0,0
1773841786.981920,151.414,0.000,0,24,0,8,8,3,100,0,0
1773841788.387793,151.141,0.000,0,24,0,8,8,3,100,0,0
1773841788.980409,151.418,0.000,0,24,0,8,8,3,100,0,0
1773841790.389405,151.141,0.000,0,24,0,8,8,3,100,0,0
1773841790.980803,151.418,0.000,0,24,0,8,8,3,100,0,0
1773841792.386684,151.141,0.000,0,24,0,8,8,3,100,0,0
1773841792.980515,151.422,0.000,0,24,0,8,8,3,100,0,0
1773841794.389971,151.141,0.000,0,24,0,8,8,3,100,0,0
1773841794.981305,151.422,0.000,0,24,0,8,8,3,100,0,0
1773841796.388761,151.141,0.000,0,24,0,8,8,3,100,0,0
1773841796.980366,151.422,0.000,0,24,0,8,8,3,100,0,0
1773841797.015427,149.539,0.000,0,24,0,8,8,3,100,0,0
1773841798.387086,151.141,0.000,0,24,0,8,8,3,100,0,0
1773841798.980560,151.422,0.000,0,24,0,8,8,3,100,0,0
1773841798.995575,149.543,0.000,0,24,0,8,8,3,100,0,0
1773841800.386306,151.145,0.000,0,24,0,8,8,3,100,0,0
1773841800.980783,151.422,0.000,0,24,0,8,8,3,100,0,0
1773841800.995866,149.543,0.000,0,24,0,8,8,3,100,0,0
1773841802.386174,151.145,0.000,0,24,0,8,8,3,100,0,0
1773841802.980611,151.422,0.000,0,24,0,8,8,3,100,0,0
1773841802.996702,149.543,0.000,0,24,0,8,8,3,100,0,0
1773841804.387152,151.145,0.000,0,24,0,8,8,3,100,0,0
1773841804.981527,151.422,0.000,0,24,0,8,8,3,100,0,0
1773841804.996996,149.543,0.000,0,24,0,8,8,3,100,0,0
1773841806.387049,151.145,0.000,0,24,0,8,8,3,100,0,0
1773841806.980708,151.422,0.000,0,24,0,8,8,3,100,0,0
1773841806.996884,149.543,0.000,0,24,0,8,8,3,100,0,0
1773841808.387197,151.145,0.000,0,24,0,8,8,3,100,0,0
1773841808.981883,151.422,0.000,0,24,0,8,8,3,100,0,0
1773841808.996415,149.543,0.000,0,24,0,8,8,3,100,0,0
1773841810.386795,151.145,0.000,0,24,0,8,8,3,100,0,0
1773841810.980454,151.422,0.000,0,24,0,8,8,3,100,0,0
1773841810.996961,149.543,0.000,0,24,0,8,8,3,100,0,0
1773841812.393086,151.145,0.000,0,24,0,8,8,3,100,0,0
1773841812.980840,151.426,0.000,0,24,0,8,8,3,100,0,0
1773841814.387428,151.145,0.000,0,24,0,8,8,3,100,0,0
1773841814.980766,151.426,0.000,0,24,0,8,8,3,100,0,0
1773841816.387514,151.145,0.000,0,24,0,8,8,3,100,0,0
1773841816.980702,151.426,0.000,0,24,0,8,8,3,100,0,0
1773841818.388113,151.148,0.000,0,24,0,8,8,3,100,0,0
1773841818.980898,151.426,0.000,0,24,0,8,8,3,100,0,0
1773841820.387134,151.227,0.000,0,24,0,8,8,3,100,0,0
1773841820.980624,151.426,0.000,0,24,0,8,8,3,100,0,0
1773841822.388722,151.227,0.000,0,24,0,8,8,3,100,0,0
1773841822.981212,151.426,0.000,0,24,0,8,8,3,100,0,0
1773841824.386606,151.227,0.000,0,24,0,8,8,3,100,0,0
1773841824.981370,151.426,0.000,0,24,0,8,8,3,100,0,0
1773841826.387279,151.227,0.000,0,24,0,8,8,3,100,0,0
1773841826.981313,151.559,0.000,0,24,0,8,8,3,100,0,0
1773841840.727116,149.469,0.000,0,24,0,8,8,3,100,0,0
1773841842.715256,149.469,0.000,0,24,0,8,8,3,100,0,0
1773841844.715776,149.469,0.000,0,24,0,8,8,3,100,0,0
1773841846.716471,149.469,0.000,0,24,0,8,8,3,100,0,0
1773841848.715255,149.469,0.000,0,24,0,8,8,3,100,0,0
1773841850.715713,149.469,0.000,0,24,0,8,8,3,100,0,0
1773841852.718681,149.469,0.000,0,24,0,8,8,3,100,0,0
1773841854.716768,149.469,0.000,0,24,0,8,8,3,100,0,0
1773841856.718647,149.473,0.000,0,24,0,8,8,3,100,0,0
1773841858.716576,149.477,0.000,0,24,0,8,8,3,100,0,0
1773841860.719558,149.477,0.000,0,24,0,8,8,3,100,0,0
1773841862.716818,149.477,0.000,0,24,0,8,8,3,100,0,0
1773841864.717699,149.477,0.000,0,24,0,8,8,3,100,0,0
1773841866.718484,149.223,0.000,0,24,0,8,8,3,100,0,0
1773841868.716665,149.223,0.000,0,24,0,8,8,3,100,0,0
1773841870.718959,149.223,0.000,0,24,0,8,8,3,100,0,0
1773841872.718598,149.223,0.000,0,24,0,8,8,3,100,0,0
1773841874.719104,149.223,0.000,0,24,0,8,8,3,100,0,0
1773841876.718189,149.227,0.000,0,24,0,8,8,3,100,0,0
1773841878.717989,149.227,0.000,0,24,0,8,8,3,100,0,0
1773841880.717762,149.230,0.000,0,24,0,8,8,3,100,0,0
1773841882.719257,149.230,0.000,0,24,0,8,8,3,100,0,0
1773841884.718310,149.230,0.000,0,24,0,8,8,3,100,0,0
1773841886.718204,149.230,0.000,0,24,0,8,8,3,100,0,0
1773841888.718721,149.230,0.000,0,24,0,8,8,3,100,0,0
1773841890.720051,149.230,0.000,0,24,0,8,8,3,100,0,0
1773841892.718720,149.230,0.000,0,24,0,8,8,3,100,0,0
1773841894.718973,149.230,0.000,0,24,0,8,8,3,100,0,0
1773841896.718441,149.195,0.000,0,24,0,8,8,3,100,0,0
1773841898.718678,149.195,0.000,0,24,0,8,8,3,100,0,0
1773841900.719720,149.195,0.000,0,24,0,8,8,3,100,0,0
1773841902.718391,149.195,0.000,0,24,0,8,8,3,100,0,0
1773841904.717942,149.195,0.000,0,24,0,8,8,3,100,0,0
1773841906.718506,149.195,0.000,0,24,0,8,8,3,100,0,0
1773841908.720357,149.195,0.000,0,24,0,8,8,3,100,0,0
1773841910.718306,149.195,0.000,0,24,0,8,8,3,100,0,0
1773842035.109558,149.621,0.000,0,24,0,8,8,3,100,0,0
1773842037.096288,149.621,0.000,0,24,0,8,8,3,100,0,0
1773842039.095220,149.621,0.000,0,24,0,8,8,3,100,0,0
1773842041.094348,149.621,0.000,0,24,0,8,8,3,100,0,0
1773842043.096169,149.621,0.000,0,24,0,8,8,3,100,0,0
1773842045.098885,149.621,0.000,0,24,0,8,8,3,100,0,0
1773842047.096381,149.621,0.000,0,24,0,8,8,3,100,0,0
1773842049.096961,149.621,0.000,0,24,0,8,8,3,100,0,0
1773842051.098780,149.629,0.000,0,24,0,8,8,3,100,0,0
1773842053.096988,149.629,0.000,0,24,0,8,8,3,100,0,0
1773842055.099216,149.629,0.000,0,24,0,8,8,3,100,0,0
1773842057.096247,149.629,0.000,0,24,0,8,8,3,100,0,0
1773842059.099416,149.629,0.000,0,24,0,8,8,3,100,0,0
1773842061.095838,149.371,0.000,0,24,0,8,8,3,100,0,0
1773842063.096879,149.371,0.000,0,24,0,8,8,3,100,0,0
1773842065.094789,149.371,0.000,0,24,0,8,8,3,100,0,0
1773842067.095474,149.371,0.000,0,24,0,8,8,3,100,0,0
1773842069.094765,149.371,0.000,0,24,0,8,8,3,100,0,0
1773842071.099127,149.375,0.000,0,24,0,8,8,3,100,0,0
1773842073.096977,149.375,0.000,0,24,0,8,8,3,100,0,0
1773842075.099782,149.379,0.000,0,24,0,8,8,3,100,0,0
1773842077.099692,149.379,0.000,0,24,0,8,8,3,100,0,0
1773842311.015587,149.582,0.000,0,24,0,8,8,3,100,0,0
1773842313.005243,149.590,0.000,0,24,0,8,8,3,100,0,0
1773842315.004777,149.590,0.000,0,24,0,8,8,3,100,0,0
1773842317.004984,149.594,0.000,0,24,0,8,8,3,100,0,0
1773842319.004571,149.594,0.000,0,24,0,8,8,3,100,0,0
1773842321.004961,149.594,0.000,0,24,0,8,8,3,100,0,0
1773842323.004809,149.594,0.000,0,24,0,8,8,3,100,0,0
1773842325.003998,149.598,0.000,0,24,0,8,8,3,100,0,0
1773842327.005408,149.602,0.000,0,24,0,8,8,3,100,0,0
1773842329.006109,149.602,0.000,0,24,0,8,8,3,100,0,0
1773842331.005606,149.602,0.000,0,24,0,8,8,3,100,0,0
1773842333.004496,149.602,0.000,0,24,0,8,8,3,100,0,0
1773842335.004859,149.602,0.000,0,24,0,8,8,3,100,0,0
1773842337.005412,149.344,0.000,0,24,0,8,8,3,100,0,0
1773842339.004780,149.344,0.000,0,24,0,8,8,3,100,0,0
1773842341.005748,149.344,0.000,0,24,0,8,8,3,100,0,0
1773842343.006039,149.344,0.000,0,24,0,8,8,3,100,0,0
1773842345.005326,149.344,0.000,0,24,0,8,8,3,100,0,0
1773842347.004133,149.348,0.000,0,24,0,8,8,3,100,0,0
1773842349.005296,149.348,0.000,0,24,0,8,8,3,100,0,0
1773842351.004187,149.352,0.000,0,24,0,8,8,3,100,0,0
1773842353.005152,149.352,0.000,0,24,0,8,8,3,100,0,0
1773842355.005876,149.352,0.000,0,24,0,8,8,3,100,0,0
1773842357.005908,149.352,0.000,0,24,0,8,8,3,100,0,0
1773842359.004767,149.352,0.000,0,24,0,8,8,3,100,0,0
1773842361.005382,149.352,0.000,0,24,0,8,8,3,100,0,0
1773842363.005408,149.352,0.000,0,24,0,8,8,3,100,0,0
1773842365.005200,149.352,0.000,0,24,0,8,8,3,100,0,0
1773842367.005883,149.316,0.000,0,24,0,8,8,3,100,0,0
1773842369.007095,149.316,0.000,0,24,0,8,8,3,100,0,0
1773842371.005165,149.316,0.000,0,24,0,8,8,3,100,0,0
1773842373.005376,149.320,0.000,0,24,0,8,8,3,100,0,0
1773842375.005868,149.320,0.000,0,24,0,8,8,3,100,0,0
1773842377.006845,149.320,0.000,0,24,0,8,8,3,100,0,0
1773842379.006447,149.320,0.000,0,24,0,8,8,3,100,0,0
1773842381.006777,149.320,0.000,0,24,0,8,8,3,100,0,0
1773842383.006888,149.320,0.000,0,24,0,8,8,3,100,0,0
1773842385.006710,149.320,0.000,0,24,0,8,8,3,100,0,0
1773842387.005867,149.324,0.000,0,24,0,8,8,3,100,0,0
1773842389.005468,149.328,0.000,0,24,0,8,8,3,100,0,0
1773842391.005600,149.328,0.000,0,24,0,8,8,3,100,0,0
1773842393.006359,149.328,0.000,0,24,0,8,8,3,100,0,0
1773842395.006456,149.328,0.000,0,24,0,8,8,3,100,0,0
1773842397.006655,149.309,0.000,0,24,0,8,8,3,100,0,0
1773842399.006773,149.309,0.000,0,24,0,8,8,3,100,0,0
1773842401.006161,149.309,0.000,0,24,0,8,8,3,100,0,0
1773842403.006106,149.309,0.000,0,24,0,8,8,3,100,0,0
1773842405.005939,149.309,0.000,0,24,0,8,8,3,100,0,0
1773842407.005986,149.312,0.000,0,24,0,8,8,3,100,0,0
1773842409.007281,149.312,0.000,0,24,0,8,8,3,100,0,0
1773842411.006627,149.312,0.000,0,24,0,8,8,3,100,0,0
1773842413.006647,149.312,0.000,0,24,0,8,8,3,100,0,0
1773842415.006273,149.312,0.000,0,24,0,8,8,3,100,0,0
1773842417.005326,149.312,0.000,0,24,0,8,8,3,100,0,0
1773842419.005464,149.312,0.000,0,24,0,8,8,3,100,0,0
1773842421.007514,149.312,0.000,0,24,0,8,8,3,100,0,0
1773842423.005564,149.312,0.000,0,24,0,8,8,3,100,0,0
1773842425.005981,149.312,0.000,0,24,0,8,8,3,100,0,0
1773842427.005495,149.316,0.000,0,24,0,8,8,3,100,0,0
1773842429.006457,149.312,0.000,0,24,0,8,8,3,100,0,0
1773842431.006716,149.324,0.000,0,24,0,8,8,3,100,0,0
1773842433.007225,149.324,0.000,0,24,0,8,8,3,100,0,0
1773842435.005789,149.324,0.000,0,24,0,8,8,3,100,0,0
1773842437.006869,149.328,0.000,0,24,0,8,8,3,100,0,0
1773842439.007456,149.328,0.000,0,24,0,8,8,3,100,0,0
1773842441.006548,149.328,0.000,0,24,0,8,8,3,100,0,0
1773842443.005489,149.328,0.000,0,24,0,8,8,3,100,0,0
1773842445.006708,149.328,0.000,0,24,0,8,8,3,100,0,0
1773842447.006624,149.332,0.000,0,24,0,8,8,3,100,0,0
1773842449.006269,149.332,0.000,0,24,0,8,8,3,100,0,0
1773842451.006526,149.332,0.000,0,24,0,8,8,3,100,0,0
1773842453.007466,149.336,0.000,0,24,0,8,8,3,100,0,0
1773842455.007296,149.336,0.000,0,24,0,8,8,3,100,0,0
1773842457.008897,149.336,0.000,0,24,0,8,8,3,100,0,0
1773842459.008507,149.336,0.000,0,24,0,8,8,3,100,0,0
1773842461.006724,149.336,0.000,0,24,0,8,8,3,100,0,0
1773842463.006001,149.336,0.000,0,24,0,8,8,3,100,0,0
1773842465.006884,149.336,0.000,0,24,0,8,8,3,100,0,0
1773842467.007346,149.340,0.000,0,24,0,8,8,3,100,0,0
1773842469.006882,149.340,0.000,0,24,0,8,8,3,100,0,0
1773842471.007374,149.340,0.000,0,24,0,8,8,3,100,0,0
1773842473.006734,149.340,0.000,0,24,0,8,8,3,100,0,0
1773842475.009765,149.340,0.000,0,24,0,8,8,3,100,0,0
1773842477.007553,149.340,0.000,0,24,0,8,8,3,100,0,0
1773842479.007112,149.344,0.000,0,24,0,8,8,3,100,0,0
1773842481.008132,149.344,0.000,0,24,0,8,8,3,100,0,0
1773842483.007024,149.344,0.000,0,24,0,8,8,3,100,0,0
1773842485.007203,149.344,0.000,0,24,0,8,8,3,100,0,0
1773842487.006405,149.336,0.000,0,24,0,8,8,3,100,0,0
1773842663.448137,150.402,0.000,0,24,0,8,8,3,100,0,0
1773842665.432176,150.363,0.000,0,24,0,2,2,1,300,0,1
1773842667.434419,150.367,0.000,0,24,0,2,2,1,300,0,1
1773842669.435131,150.367,0.000,0,24,0,2,2,1,300,0,1
1773842671.435764,150.367,0.000,0,24,0,2,2,1,300,0,1
1773842673.432796,150.371,0.000,0,24,0,2,2,1,300,0,1
1773842675.434837,150.371,0.000,0,24,0,2,2,1,300,0,1
1773842677.431453,150.375,0.000,0,24,0,2,2,1,300,0,1
1773842679.435557,151.941,0.000,0,24,0,2,2,1,300,0,1
1773842681.435642,151.941,0.000,0,24,0,2,2,1,300,0,1
1773842683.436029,151.945,0.000,0,24,0,2,2,1,300,0,1
1773842685.432120,151.945,0.000,0,24,0,2,2,1,300,0,1
1773842687.435437,152.078,0.000,0,24,0,2,2,1,300,0,1
1773842689.432327,151.816,0.000,0,24,0,2,2,1,300,0,1
1773842711.998346,150.469,0.000,0,24,0,8,8,3,100,0,0
1773842713.981473,151.980,0.000,0,24,0,2,2,1,300,0,1
1773842715.981653,151.980,0.000,0,24,0,2,2,1,300,0,1
1773842717.981978,151.980,0.000,0,24,0,2,2,1,300,0,1
1773842719.982289,151.980,0.000,0,24,0,2,2,1,300,0,1
1773842721.980215,151.980,0.000,0,24,0,2,2,1,300,0,1
1773842723.981544,151.980,0.000,0,24,0,2,2,1,300,0,1
1773842725.979099,151.980,0.000,0,24,0,2,2,1,300,0,1
1773842727.982629,151.980,0.000,0,24,0,2,2,1,300,0,1
1773842729.978498,151.980,0.000,0,24,0,2,2,1,300,0,1
1773842731.981910,151.984,0.000,0,24,0,2,2,1,300,0,1
1773842733.982128,151.984,0.000,0,24,0,2,2,1,300,0,1
1773842735.981565,151.984,0.000,0,24,0,2,2,1,300,0,1
1773842737.979391,151.723,0.000,0,24,0,2,2,1,300,0,1
1773842739.983853,151.727,0.000,0,24,0,2,2,1,300,0,1
1773842741.982592,151.727,0.000,0,24,0,2,2,1,300,0,1
1773842743.981878,151.727,0.000,0,24,0,2,2,1,300,0,1
1773842745.980090,151.730,0.000,0,24,0,2,2,1,300,0,1
1773842747.978894,151.730,0.000,0,24,0,2,2,1,300,0,1
1773842749.982420,151.730,0.000,0,24,0,2,2,1,300,0,1
1773842751.982534,151.734,0.000,0,24,0,2,2,1,300,0,1
1773842753.983599,151.734,0.000,0,24,0,2,2,1,300,0,1
1773842755.982860,151.734,0.000,0,24,0,2,2,1,300,0,1
1773842757.982154,151.734,0.000,0,24,0,2,2,1,300,0,1
1773842759.979721,151.734,0.000,0,24,0,2,2,1,300,0,1
1773842761.982423,151.734,0.000,0,24,0,2,2,1,300,0,1
1773842763.979037,151.734,0.000,0,24,0,2,2,1,300,0,1
1773842765.982295,151.676,0.000,0,24,0,2,2,1,300,0,1
1773842767.982892,151.676,0.000,0,24,0,2,2,1,300,0,1
1773842769.982266,151.676,0.000,0,24,0,2,2,1,300,0,1
1773842771.989576,151.703,0.000,0,24,0,2,2,1,300,0,1
1773842773.980369,151.918,0.000,0,24,0,2,2,1,300,0,1
1773842775.979280,151.938,0.000,0,24,0,8,8,3,100,0,0
1773842777.982342,151.945,0.000,0,24,0,8,8,3,100,0,0
1773842881.664928,149.684,0.000,0,24,0,8,8,3,100,0,0
1773842883.652747,149.684,0.000,0,24,0,8,8,3,100,0,0
1773842885.653118,149.684,0.000,0,24,0,8,8,3,100,0,0
1773842887.653435,149.684,0.000,0,24,0,8,8,3,100,0,0
1773842889.652611,149.684,0.000,0,24,0,8,8,3,100,0,0
1773842891.653379,149.684,0.000,0,24,0,8,8,3,100,0,0
1773842893.653414,149.684,0.000,0,24,0,8,8,3,100,0,0
1773842895.653639,149.684,0.000,0,24,0,8,8,3,100,0,0
1773843280.093941,151.574,0.000,0,24,0,8,8,3,100,0,0
1773843282.079987,151.574,0.000,0,24,0,8,8,3,100,0,0
1773843284.081041,151.574,0.000,0,24,0,8,8,3,100,0,0
1773843286.083590,151.625,0.000,0,24,0,8,8,3,100,0,0
1773843288.084676,151.797,0.000,0,24,0,8,8,3,100,0,0
1773843290.079597,151.805,0.000,0,24,0,8,8,3,100,0,0
1773843292.080918,151.805,0.000,0,24,0,8,8,3,100,0,0
1773843294.085021,151.805,0.000,0,24,0,8,8,3,100,0,0
1773843296.084752,151.805,0.000,0,24,0,8,8,3,100,0,0
1773843298.080798,151.805,0.000,0,24,0,8,8,3,100,0,0
1773843300.080120,151.805,0.000,0,24,0,8,8,3,100,0,0
1773843302.081889,151.805,0.000,0,24,0,8,8,3,100,0,0
1773843304.085422,151.805,0.000,0,24,0,8,8,3,100,0,0
1773843306.084816,151.543,0.000,0,24,0,8,8,3,100,0,0
1773843308.081232,151.543,0.000,0,24,0,8,8,3,100,0,0
1773844964.568225,150.477,0.000,0,24,0,8,8,3,100,0,0
1773844966.554933,150.391,0.000,0,24,0,8,8,3,100,0,0
1773844968.554404,150.410,0.000,0,24,0,8,8,3,100,0,0
1773844970.554608,150.430,0.000,0,24,0,2,2,1,300,0,1
1773844972.553105,150.430,0.000,0,24,0,2,2,1,300,0,1
1773844974.553526,150.430,0.000,0,24,0,2,2,1,300,0,1
1773844976.556021,150.551,0.000,0,24,0,2,2,1,300,0,1
1773844978.556453,150.551,0.000,0,24,0,2,2,1,300,0,1
1773844980.553767,150.551,0.000,0,24,0,2,2,1,300,0,1
1773844994.081921,150.309,0.000,0,24,0,8,8,3,100,0,0
1773844996.070840,150.078,0.000,0,24,0,8,8,3,100,0,0
1773844998.068987,150.078,0.000,0,24,0,8,8,3,100,0,0
1773845000.070680,150.078,0.000,0,24,0,8,8,3,100,0,0
1773845002.068491,150.078,0.000,0,24,0,8,8,3,100,0,0
1773845004.071314,150.109,0.000,0,24,0,8,8,3,100,0,0
1773845006.069742,150.391,0.000,0,24,0,8,8,3,100,0,0
1773845008.071684,150.391,0.000,0,24,0,8,8,3,100,0,0
1773845010.073013,150.391,0.000,0,24,0,8,8,3,100,0,0
1773848196.303196,149.410,0.000,0,24,0,8,8,3,100,0,0
1773848198.284382,149.414,0.000,0,24,0,8,8,3,100,0,0
1773848200.284672,149.414,0.000,0,24,0,8,8,3,100,0,0
1773848202.290982,151.277,0.000,0,24,0,8,8,3,100,0,0
1773848221.342421,150.867,0.000,0,24,0,8,8,3,100,0,0
1773848223.332802,150.883,0.000,0,24,0,2,2,1,300,0,1
1773848225.330790,150.887,0.000,0,24,0,2,2,1,300,0,1
1773848227.331670,150.887,0.000,0,24,0,2,2,1,300,0,1
1773848229.336593,150.887,0.000,0,24,0,2,2,1,300,0,1
1773848231.331372,150.887,0.000,0,24,0,2,2,1,300,0,1
1773848233.337318,150.887,0.000,0,24,0,2,2,1,300,0,1
1773848235.336820,150.887,0.000,0,24,0,2,2,1,300,0,1
1773848237.332654,152.645,0.000,0,24,0,2,2,1,300,0,1
